event_id,date,symbol,raid_sign,event_second,decision_time_us,entry_time_us,entry_bid,entry_ask,entry_bid_amount,entry_ask_amount,lower_objective,upper_objective,label,label_status,label_exit_time_us,upper_route_exit_time_us,upper_route_exit_price,upper_route_exit_reason,lower_route_exit_time_us,lower_route_exit_price,lower_route_exit_reason,funding_rate_at_entry,source_end_time_us,raid_boundary,prior_range_low,prior_range_high,raid_extreme,range_width_bps,raid_depth_bps,response_return_signed_bps,flow_imbalance_1s_signed,flow_imbalance_5s_signed,mid_vs_mark_signed_bps,mark_vs_index_signed_bps,mark_acceptance_signed_bps,oi_change_5s_signed,bbo_imbalance_signed,spread_bps,source_file,liq_window_start_us,liq_window_end_us,liq_aligned_side,liq_aligned_notional,liq_opposing_notional,liq_total_notional,liq_aligned_count,liq_opposing_count,liq_total_count,liq_aligned_max_notional,liq_aligned_share,liq_log_aligned_opposing_ratio,liq_log_notional,liq_log_max,liq_log_count,liq_log_notional_per_range_bp,liq_log_notional_z,liq_log_max_z,liq_log_count_z,liq_log_notional_per_range_bp_z
2022-01-01:BTCUSDT:1640997555:1,2022-01-01,BTCUSDT,1,1640997555,1640997557000000,1640997557148722,46573,46573.5,12.305,48.169,46452.25,46583.25,1,upper_first,1640997559999999,1640997559999999,46583.25,target,1640997559999999,46590,stop,0.0001,1641081599148315,46517.75,46386.75,46517.75,46529.75,28.1612932698,2.57966045219,11.9309295914,0.937491501225,0.960180303847,3.10360232652,0.981650861802,6.60031391789,-0.217403270871,-0.666744298536,0.107357764382,events_2022-01-01.csv,1640997555000000,1640997557000000,buy,83711.671,0,83711.671,2,0,2,79456.2835,1,11.3351456309,11.3351456309,11.2829748418,1.09861228867,7.99752158086,1.92571526006,1.92123015563,1.94758913744,2.0684757986
2022-01-01:BTCUSDT:1640997708:1,2022-01-01,BTCUSDT,1,1640997708,1640997710000000,1640997710108753,46605.5,46606,75.495,2.726,46545.25,46634.25,1,upper_first,1640997712999999,1640997712999999,46634.25,target,1640997712999999,46692.5,stop,0.0001,1641081599148315,46589.75,46500.75,46589.75,46596.75,19.1029142676,1.50247640307,3.38057190691,0.981100028468,0.993750443653,0.199551245725,0.596543609162,2.523994582,6.98478237646,0.959256796189,0.214566950253,events_2022-01-01.csv,1640997708000000,1640997710000000,buy,4027.38,0,4027.38,1,0,1,4027.38,1,8.30111958901,8.30111958901,8.30111958901,0.69314718056,5.35576246371,0.403265974456,0.420917629453,-0.513455318052,0.672660481326
2022-01-01:BTCUSDT:1640998080:1,2022-01-01,BTCUSDT,1,1640998080,1640998082000000,1640998082112182,46700,46715,0.086,0.669,46636.25,46708.25,1,upper_first,1640998082131661,1640998082131661,46708.25,target,1640998082112182,46715,stop,0.0001,1641081599148315,46672.25,46600.25,46672.25,46684.75,15.426725731,2.67825099497,5.41006700984,0.995183971151,0.734248615389,1.64489818123,-2.73860497304,5.51602003082,-0.413271861938,0.857923497268,0.214144226136,events_2022-01-01.csv,1640998080000000,1640998082000000,buy,609.973,0,609.973,1,0,1,609.973,1,6.41505276834,6.41505276834,6.41505276834,0.69314718056,3.70228956411,-0.543146826245,-0.528051866514,-0.513455318052,-0.200978142645
2022-01-01:BTCUSDT:1640999529:1,2022-01-01,BTCUSDT,1,1640999529,1640999531000000,1640999531208569,46749.5,46750,88.218,6.066,46669.5,46799,1,upper_first,1640999785999999,1640999785999999,46799,target,1640999785999999,46838,stop,0.0001,1641081599148315,46734.25,46604.75,46734.25,46756,27.7098701702,4.6539743336,3.31662538716,1,0.932516942147,-2.25191123749,1.06298086784,3.64116666232,-8.36889798693,0.871761534803,0.106952443596,events_2022-01-01.csv,1640999529000000,1640999531000000,buy,46.9845,0,46.9845,1,0,1,46.9845,1,3.87087804209,3.87087804209,3.87087804209,0.69314718056,0.99161604988,-1.81979275509,-1.80814660185,-0.513455318052,-1.63320547432
2022-01-01:BTCUSDT:1640999823:1,2022-01-01,BTCUSDT,1,1640999823,1640999825000000,1640999825148507,46839.5,46840,96.28,8.077,46778.25,46896.25,1,upper_first,1640999851999999,1640999851999999,46896.25,target,1640999851999999,46898.5,stop,0.0001,1641081599148315,46837.25,46719.25,46837.25,46837.75,25.1936225974,0.106752638125,0.533763190622,0.994924907359,0.992928487107,-1.99150122052,0.834664491558,0.680956216224,-0.218289763163,0.940913809961,0.106746940366,events_2022-01-01.csv,1640999823000000,1640999825000000,buy,988.701,0,988.701,1,0,1,988.701,1,6.89740287731,6.89740287731,6.89740287731,0.69314718056,3.69496336531,-0.301107513245,-0.285358694263,-0.513455318052,-0.204849055945
2022-01-01:BTCUSDT:1640999995:1,2022-01-01,BTCUSDT,1,1640999995,1640999997000000,1640999997128732,46899.5,46900,62.858,37.363,46829,46967.5,0,lower_first,1641000168999999,1641000168999999,46810,stop,1641000266999999,46829,target,0.0001,1641081599148315,46898.25,46759.75,46898.25,46899.75,29.5320187853,0.319841358686,0.319841358687,0,0.766599467759,-0.234537327148,2.24139982777,-0.240927994939,-0.0762118251785,0.171008876925,0.106610376388,events_2022-01-01.csv,1640999995000000,1640999997000000,buy,20551.296,0,20551.296,1,0,1,20551.296,1,9.93072794118,9.93072794118,9.93072794118,0.69314718056,6.54664018543,1.22099002735,1.24085073025,-0.513455318052,1.30187960815
2022-01-01:BTCUSDT:1641014586:1,2022-01-01,BTCUSDT,1,1641014586,1641014588000000,1641014588108748,47186,47186.5,20.071,20.813,46961.25,47324.25,1,upper_first,1641014590999999,1641014590999999,47324.25,target,1641014590999999,47394,stop,0.0001,1641081599148315,47142.75,46779.75,47142.75,47162.25,77.0001750004,4.13637303721,9.2272936984,0.810413375175,0.87793697172,3.3431926069,1.3527237878,13.3205314712,-63.39046361,0.666455433429,0.105963071869,events_2022-01-01.csv,1641014586000000,1641014588000000,buy,426.1975,0,426.1975,2,0,2,331.4395,1,6.05724643557,6.05724643557,5.80645788865,1.09861228867,1.87717539036,-0.722691097846,-0.834264758814,1.94758913744,-1.16530615535
2022-01-01:BTCUSDT:1641014690:1,2022-01-01,BTCUSDT,1,1641014690,1641014692000000,1641014692128659,47419,47419.5,12.904,34.143,47083.375,47669.625,0,lower_first,1641019653999999,1641019653999999,47077,stop,1641019653999999,47083.375,target,0.0001,1641081599148315,47376.5,46790.25,47376.5,47384.25,123.74278387,1.63583211086,9.0234609986,0.288366580643,0.46549249753,7.54482045438,0.396778328811,7.34338597888,-14.7137987409,-0.281369635002,0.105442409992,events_2022-01-01.csv,1641014690000000,1641014692000000,buy,10706.7935,0,10706.7935,2,0,2,10088.338,1,9.27872711981,9.27872711981,9.21923450168,1.09861228867,4.47191976955,0.89382138377,0.882864701725,1.94758913744,0.205668179657
2022-01-01:ETHUSDT:1641015021:1,2022-01-01,ETHUSDT,1,1641015021,1641015023000000,1641015023203334,3759.15,3759.2,275.96,0.1,3753.625,3763.925,1,upper_first,1641015026999999,1641015026999999,3763.925,target,1641015026999999,3765.95,stop,0.0001,1641081599369536,3758.775,3748.475,3758.775,3758.975,27.402544712,0.532088246835,1.06417649367,1,0.995354827242,1.26373480193,-0.771483829433,1.06431099167,0.239505321602,0.99927438958,0.133007907319,events_2022-01-01.csv,1641015021000000,1641015023000000,buy,3302.3025,0,3302.3025,1,0,1,3302.3025,1,8.10267800461,8.10267800461,8.10267800461,0.69314718056,4.80000312211,0.695929755688,0.703325680843,-0.2,1.07391440602
2022-01-01:BTCUSDT:1641015930:-1,2022-01-01,BTCUSDT,-1,1641015930,1641015932000000,1641015932108651,47217,47217.5,1.637,54.418,47130.75,47349.75,0,lower_first,1641017000999999,1641017000999999,47128,stop,1641017000999999,47130.75,target,0.0001,1641081599148315,47240.25,47240.25,47459.25,47237.25,46.3587724451,0.63505167733,4.8687295262,0.995807913364,0.950823039843,3.86573575685,-3.42868131096,2.73871418004,-1.63346094294,0.93296363362,0.105893502904,events_2022-01-01.csv,1641015930000000,1641015932000000,sell,6205.32,0,6205.32,1,0,1,6205.32,1,8.73332340668,8.73332340668,8.73332340668,0.69314718056,4.90419477088,0.620142291388,0.638379828839,-0.513455318052,0.434067530765
2022-01-01:BTCUSDT:1641016084:-1,2022-01-01,BTCUSDT,-1,1641016084,1641016086000000,1641016086108437,47200,47200.5,4.028,65.722,47142.875,47260.625,1,upper_first,1641016454999999,1641016454999999,47260.625,target,1641016454999999,47266.5,stop,0.0001,1641081599148315,47201.75,47201.75,47319.5,47200.25,24.9461089896,0.317784827893,0.317784827893,0.949910037242,0.851218810739,-0.637749156518,-0.0741574285934,0.868619407839,1.67965690276,0.884741397811,0.105931642311,events_2022-01-01.csv,1641016084000000,1641016086000000,sell,892.2685,0,892.2685,1,0,1,892.2685,1,6.79488720758,6.79488720758,6.79488720758,0.69314718056,3.60462362095,-0.352549032201,-0.336939180367,-0.513455318052,-0.2525814923
2022-01-01:ETHUSDT:1641020493:-1,2022-01-01,ETHUSDT,-1,1641020493,1641020495000000,1641020495102085,3709,3709.05,20.38,308.6,3704.075,3714.675,0,lower_first,1641020895999999,1641020894999999,3704.05,stop,1641020896999999,3704.075,target,0.0001,1641081599369536,3709.375,3709.375,3719.975,3709.025,28.5762426285,0.943555181129,0.943555181129,-0,1,-4.62599566802,-0.134870497348,2.72360529836,0.103849467465,0.874848116646,0.134806317025,events_2022-01-01.csv,1641020493000000,1641020495000000,sell,1541.337,0,1541.337,1,0,1,1541.337,1,7.34105407759,7.34105407759,7.34105407759,0.69314718056,4.00619994205,0.219083057048,0.225958885578,-0.2,0.585478145605
2022-01-01:BTCUSDT:1641023929:1,2022-01-01,BTCUSDT,1,1641023929,1641023931000000,1641023931111327,47187.5,47188,84.433,6.397,47143,47204.5,1,upper_first,1641023936999999,1641023936999999,47204.5,target,1641023936999999,47229.5,stop,0.0001,1641081599148315,47173.75,47112.25,47173.75,47187.75,13.0369114179,2.96775219269,2.96775219269,0.802836140746,0.947182342391,-2.34963401643,0.510631842281,16.140813424,-28.0054018061,0.812448228256,0.105959703525,events_2022-01-01.csv,1641023929000000,1641023931000000,buy,118847.05,0,118847.05,1,0,1,118847.05,1,11.6856010654,11.6856010654,11.6856010654,0.69314718056,9.11791766614,2.10157091143,2.12381046738,-0.513455318052,2.66045483526
2022-01-01:BTCUSDT:1641029793:-1,2022-01-01,BTCUSDT,-1,1641029793,1641029795000000,1641029795392565,47010,47010.5,24.348,59.712,46972,47050.5,0,lower_first,1641030120999999,1641030091999999,46970,stop,1641030120999999,46972,target,0.0001,1641081599148315,47011.25,47011.25,47089.75,47010.25,16.6981307666,0.212715041612,0.212715041612,1,0.998961558468,1.32081402981,2.04992546692,0.474279483329,1.5590462511,0.402266189162,0.106359783239,events_2022-01-01.csv,1641029793000000,1641029795000000,sell,1216.306,0,1216.306,1,0,1,1216.306,1,7.10439549934,7.10439549934,7.10439549934,0.69314718056,4.30191207032,-0.197240319889,-0.181210907955,-0.513455318052,0.115841916128
2022-01-01:BTCUSDT:1641029856:-1,2022-01-01,BTCUSDT,-1,1641029856,1641029858000000,1641029858111558,46988.5,46989,0.869,57.887,46963.75,47047.75,0,lower_first,1641030122999999,1641030122999999,46957,stop,1641030122999999,46963.75,target,0.0001,1641081599148315,47005.75,47005.75,47089.75,46988.75,17.8701541833,3.6165788228,3.6165788228,0.95505571228,0.982810397172,3.62295870848,-0.863798175896,2.69468687292,15.1082814677,0.873893841365,0.106408448831,events_2022-01-01.csv,1641029856000000,1641029858000000,sell,1683.936,0,1683.936,1,0,1,1683.936,1,7.42948285987,7.42948285987,7.42948285987,0.69314718056,4.5563134525,-0.0341141591538,-0.0176440686034,-0.513455318052,0.250258920192
2022-01-01:BTCUSDT:1641032928:-1,2022-01-01,BTCUSDT,-1,1641032928,1641032930000000,1641032930112597,46851,46851.5,11.213,40.169,46796,46958.5,0,lower_first,1641033117999999,1641033117999999,46738.5,stop,1641033117999999,46796,target,0.0001,1641081599148315,46877.25,46877.25,47039.75,46873.25,34.6650027465,0.853292375299,5.54640043945,0.9674862266,0.89314012899,5.19460017578,-3.66849835494,7.02856642187,54.0345465027,0.976173964732,0.106720738508,events_2022-01-01.csv,1641032928000000,1641032930000000,sell,839.871,0,839.871,1,0,1,839.871,1,6.73443825938,6.73443825938,6.73443825938,0.69314718056,3.22796285151,-0.382881816666,-0.367353907602,-0.513455318052,-0.451596182171
2022-01-01:BTCUSDT:1641033013:-1,2022-01-01,BTCUSDT,-1,1641033013,1641033015000000,1641033015151744,46811,46811.5,24.246,72.457,46699.625,46923.375,1,upper_first,1641033828999999,1641033828999999,46923.375,target,1641033828999999,46928.5,stop,0.0001,1641081599148315,46811.5,46811.5,47035.25,46811.25,47.7980838042,0.0534056802281,0.0534056802282,0.981950520509,0.989746495564,1.62114225812,1.67852955686,6.7427342716,0.885286481197,0.485899643925,0.106811930893,events_2022-01-01.csv,1641033013000000,1641033015000000,sell,279.504,0,279.504,1,0,1,279.504,1,5.63658798511,5.63658798511,5.63658798511,0.69314718056,1.92389799722,-0.933774044576,-0.919734348215,-0.513455318052,-1.14061952519
2022-01-01:BTCUSDT:1641033117:-1,2022-01-01,BTCUSDT,-1,1641033117,1641033119000000,1641033119111656,46759,46759.5,12.569,60.766,46704.25,46918.25,1,upper_first,1641033828999999,1641033828999999,46918.25,target,1641033828999999,46928.5,stop,0.0001,1641081599148315,46811.25,46811.25,47025.25,46743.75,45.7155064221,14.4196106705,11.1084408128,0.968157908812,0.952236754547,4.56385766749,-3.2802127049,8.36398990512,0.441212100439,0.636324180435,0.106930714244,events_2022-01-01.csv,1641033117000000,1641033119000000,sell,186.2745,0,186.2745,2,0,2,139.7175,1,5.23257545496,5.23257545496,4.9467543345,1.09861228867,1.62425674561,-1.13650420556,-1.26682231167,1.94758913744,-1.29893973159
2022-01-01:ETHUSDT:1641033117:-1,2022-01-01,ETHUSDT,-1,1641033117,1641033119000000,1641033119103057,3685,3685.05,5.51,377.24,3674.275,3699.775,0,lower_first,1641033257999999,1641033251999999,3673.25,stop,1641033257999999,3674.275,target,0.0001,1641081599369536,3687.025,3687.025,3712.525,3685.825,69.1614513056,3.25465653203,5.42442755338,0.431808649331,0.510949606675,-0.583476488611,-2.52451219909,8.21619159183,0.0737908750192,0.969516749191,0.135684289795,events_2022-01-01.csv,1641033117000000,1641033119000000,sell,7298.1,0,7298.1,1,0,1,7298.1,1,8.89550633186,8.89550633186,8.89550633186,0.69314718056,4.66835769023,1.19231328177,1.20025061236,-0.2,0.992911452062
2022-01-01:ETHUSDT:1641033232:-1,2022-01-01,ETHUSDT,-1,1641033232,1641033234000000,1641033234163172,3681.55,3681.6,0.11,430.95,3675.425,3688.425,0,lower_first,1641033256999999,1641033251999999,3673.25,stop,1641033257999999,3675.425,target,0.0001,1641081599369536,3681.925,3681.925,3694.925,3681.575,35.3076176185,0.950589705114,0.950589705114,1,1,-1.01868955775,-0.815018066234,2.33564906601,-0.103816583141,0.99948033542,0.135811439397,events_2022-01-01.csv,1641033232000000,1641033234000000,sell,327.9825,0,327.9825,1,0,1,327.9825,1,5.79600455786,5.79600455786,5.79600455786,0.69314718056,2.33110299993,-0.748260190161,-0.742439442772,-0.2,-0.445228340334
2022-01-01:BTCUSDT:1641033263:-1,2022-01-01,BTCUSDT,-1,1641033263,1641033265000000,1641033265111761,46736,46736.5,32.607,40.829,46653.625,46824.375,1,upper_first,1641033409999999,1641033409999999,46824.375,target,1641033409999999,46827,stop,0.0001,1641081599148315,46739,46739,46909.75,46727.5,36.5326600911,2.46047198271,0.588373734997,1,0.948859925582,1.1959306694,0.834300622902,1.13375919896,29.9144967834,0.223684529436,0.106983337345,events_2022-01-01.csv,1641033263000000,1641033265000000,sell,186.04,0,186.04,1,0,1,186.04,1,5.23132249772,5.23132249772,5.23132249772,0.69314718056,1.80704695299,-1.13713292918,-1.12364259849,-0.513455318052,-1.20235962719
2022-01-01:BTCUSDT:1641047722:-1,2022-01-01,BTCUSDT,-1,1641047722,1641047724000000,1641047724151785,46856,46856.5,16.592,108.26,46780.25,46947.25,1,upper_first,1641048037999999,1641048049999999,46947.25,target,1641048037999999,46950,stop,0.0001,1641081599148315,46863.75,46863.75,47030.75,46856.25,35.6352191193,1.60038409218,1.60038409218,-1,0.666836783525,0.121647179642,-0.187809699261,-0.177138504598,-0.72517109585,0.734035015087,0.106709350407,events_2022-01-01.csv,1641047722000000,1641047724000000,sell,839.313,0,839.313,1,0,1,839.313,1,6.73377444148,6.73377444148,6.73377444148,0.69314718056,3.20083025653,-0.383214915025,-0.367687905812,-0.513455318052,-0.46593211894
2022-01-01:BTCUSDT:1641051524:1,2022-01-01,BTCUSDT,1,1641051524,1641051526000000,1641051526113589,47426.5,47437,0.073,0.012,47275.5,47519,0,lower_first,1641052055999999,1641052055999999,47270,stop,1641052055999999,47275.5,target,0.0001,1641081599148315,47397.25,47153.75,47397.25,47412.25,51.3742885927,3.16474057039,5.80202437905,0.945166192847,0.921426001459,-3.76876239787,-2.6151068464,8.79729574926,-3.75010577792,0.994942270359,0.105430181498,events_2022-01-01.csv,1641051524000000,1641051526000000,buy,2574.0415,0,2574.0415,2,0,2,2240.537,1,7.85362092947,7.85362092947,7.71491707026,1.09861228867,3.93385673276,0.178714831812,0.125971393903,1.94758913744,-0.0786259573574
2022-01-01:BTCUSDT:1641054542:1,2022-01-01,BTCUSDT,1,1641054542,1641054544000000,1641054544117562,47434.5,47435,86.448,0.334,47383,47476.5,1,upper_first,1641054546999999,1641054546999999,47476.5,target,1641054546999999,47499,stop,0.0001,1641081599148315,47429.75,47336.25,47429.75,47433.75,19.7133655564,0.843352537173,1.05419067147,1,0.942201939504,-7.47205300502,-0.61297833111,3.25573172096,-11.1618475486,0.9917959236,0.105407955138,events_2022-01-01.csv,1641054542000000,1641054544000000,buy,381640,0,381640,1,0,1,381640,1,12.8522356551,12.8522356551,12.8522356551,0.69314718056,9.87098782754,2.68697854246,2.71079955306,-0.513455318052,3.05835139572
2022-01-01:BTCUSDT:1641058705:1,2022-01-01,BTCUSDT,1,1641058705,1641058707000000,1641058707108647,47477,47477.5,109.69,0.261,47435,47515.5,1,upper_first,1641058712999999,1641058712999999,47515.5,target,1641058712999999,47538,stop,0.0001,1641081599148315,47475.25,47394.75,47475.25,47477.25,16.9562034955,0.421272136534,0.421272136535,1,0.506169078633,-8.3633243604,0.755576321627,0.942909562134,1.59571547861,0.991072406616,0.105313597565,events_2022-01-01.csv,1641058705000000,1641058707000000,buy,8643.7455,0,8643.7455,1,0,1,8643.7455,1,9.0647069587,9.0647069587,9.0647069587,0.69314718056,6.23591727159,0.786427829173,0.805114580167,-0.513455318052,1.1377042298
2022-01-01:BTCUSDT:1641058821:1,2022-01-01,BTCUSDT,1,1641058821,1641058823000000,1641058823108446,47816.5,47817,51.081,6.257,47589,47966.5,0,lower_first,1641061951999999,1641061951999999,47549.5,stop,1641061951999999,47589,target,0.0001,1641081599148315,47777.75,47400.25,47777.75,47795.5,79.011673844,3.71511843902,8.16279544348,0.737147820138,0.779927542017,1.42020616625,-1.81937344125,4.64554103394,-29.8208783003,0.717480048545,0.104565868655,events_2022-01-01.csv,1641058821000000,1641058823000000,buy,5090.9295,0,5090.9295,2,0,2,4178.1315,1,8.53541211433,8.53541211433,8.33785872881,1.09861228867,4.18102097734,0.520832034493,0.439402829763,1.94758913744,0.0519671903044
2022-01-01:BTCUSDT:1641058928:1,2022-01-01,BTCUSDT,1,1641058928,1641058930000000,1641058930108326,47850.5,47851,81.132,0.574,47642.25,48025.25,0,lower_first,1641061163999999,1641061163999999,47612,stop,1641061163999999,47642.25,target,0.0001,1641081599148315,47833.75,47450.75,47833.75,47849.75,80.0689889461,3.34491859827,3.34491859827,0.442627151903,0.899530608374,-5.85240290013,-1.15071482154,2.45894789621,-5.50408694934,0.99868357816,0.104493753886,events_2022-01-01.csv,1641058928000000,1641058930000000,buy,96.219,0,96.219,1,0,1,96.219,1,4.57696616562,4.57696616562,4.57696616562,0.69314718056,0.789230333707,-1.46548354865,-1.45288024365,-0.513455318052,-1.74013917649
2022-01-01:BTCUSDT:1641062017:-1,2022-01-01,BTCUSDT,-1,1641062017,1641062019000000,1641062019348232,47512,47512.5,10.345,92.261,47456,47570.5,0,lower_first,1641062082999999,1641062078999999,47456,stop,1641062082999999,47456,target,0.0001,1641081599148315,47513.25,47513.25,47627.75,47512.25,24.0985409333,0.210467606405,0.210467606404,0.506731840615,0.887411920468,2.11058897006,-0.641845417106,0.688050953646,-0.0468652083785,0.810499208775,0.10523601808,events_2022-01-01.csv,1641062017000000,1641062019000000,sell,12577.145,0,12577.145,1,0,1,12577.145,1,9.4397160631,9.4397160631,9.4397160631,0.69314718056,6.25939948532,0.974604309929,0.993799411948,-0.513455318052,1.15011142976
2022-01-01:BTCUSDT:1641062077:-1,2022-01-01,BTCUSDT,-1,1641062077,1641062079000000,1641062079388225,47456,47456.5,1.136,93.271,47377.25,47544.25,1,upper_first,1641063348999999,1641063348999999,47544.25,target,1641063348999999,47545,stop,0.0001,1641081599148315,47460.75,47460.75,47627.75,47459.25,35.186970286,0.316050631311,0.948151893934,1,0.990789534621,4.52212111281,-0.503419354851,0.191665176522,1.21009955964,0.975784037059,0.105360200184,events_2022-01-01.csv,1641062077000000,1641062079000000,sell,12472.68,0,12472.68,1,0,1,12472.68,1,9.4313761034,9.4313761034,9.4313761034,0.69314718056,5.8734372312,0.970419386821,0.989603183442,-0.513455318052,0.946182152983
2022-01-01:BTCUSDT:1641069115:1,2022-01-01,BTCUSDT,1,1641069115,1641069117000000,1641069117108347,47529.5,47530,89.438,0.158,47456.125,47590.875,0,lower_first,1641069487999999,1641069487999999,47453.5,stop,1641069487999999,47456.125,target,0.0001,1641081599148315,47523.5,47388.75,47523.5,47529.75,28.3543930897,1.31513882605,1.31513882605,1,0.970870061451,-4.17669040819,0.355430900028,4.81834320112,-1.07939812451,0.996463583867,0.105197271183,events_2022-01-01.csv,1641069115000000,1641069117000000,buy,3248.904,0,3248.904,1,0,1,3248.904,1,8.08638073643,8.08638073643,8.08638073643,0.69314718056,4.74998051885,0.295511786392,0.312872347881,-0.513455318052,0.352585985481
2022-01-01:BTCUSDT:1641075141:-1,2022-01-01,BTCUSDT,-1,1641075141,1641075143000000,1641075143309129,47256.5,47257,35.734,86.964,47219.75,47300.75,0,lower_first,1641075146999999,1641075146999999,47200,stop,1641075146999999,47219.75,target,0.0001,1641081599148315,47260.25,47260.25,47341.25,47256.75,17.1391391285,0.740580085801,0.740580085802,1,-0.144862755559,1.62066975976,-1.31829029387,1.84671464599,5.10571954998,0.418072887413,0.105804990821,events_2022-01-01.csv,1641075141000000,1641075143000000,sell,47.027,0,47.027,1,0,1,47.027,1,3.87176335276,3.87176335276,3.87176335276,0.69314718056,1.32011095762,-1.81934851349,-1.80770116014,-0.513455318052,-1.45963998121
2022-01-01:BTCUSDT:1641080179:1,2022-01-01,BTCUSDT,1,1641080179,1641080181000000,1641080181108475,47565.5,47566,6.083,65.343,47461.75,47624.75,1,upper_first,1641081263999999,1641081263999999,47624.75,target,1641081263999999,47658,stop,0.0001,1641081599148315,47543.25,47380.25,47543.25,47585.75,34.2845724682,8.93922901779,4.73253300942,-0.903204943232,0.856140055228,-1.50295651516,3.07201962055,2.71236333053,-16.3905065598,-0.717860419354,0.105117652933,events_2022-01-01.csv,1641080179000000,1641080181000000,buy,2150.9875,0,2150.9875,2,0,2,1338.26,1,7.67414711271,7.67414711271,7.1998725016,1.09861228867,4.15480014735,0.0886563483537,-0.13317190864,1.94758913744,0.0381129990187
2022-03-01:ETHUSDT:1646093114:1,2022-03-01,ETHUSDT,1,1646093114,1646093116000000,1646093116191058,2951.25,2951.3,93.74,50.55,2936.275,2969.175,0,lower_first,1646093233999999,1646093233999999,2935,stop,1646093233999999,2936.275,target,0.0001,1646179199671334,2952.725,2919.825,2952.725,2952.875,111.422499555,0.508005317121,-4.91071806552,-0.98732234713,0.410207962588,-2.38822756252,0.914724007439,-2.74316832555,-1.65734578733,-0.402205788601,0.16941830226,events_2022-03-01.csv,1646093114000000,1646093116000000,buy,864.49,0,864.49,1,0,1,864.49,1,6.76329582053,6.76329582053,6.76329582053,0.69314718056,2.17004365232,-0.142646804256,-0.136165514434,-0.2,-0.544330016198
2022-03-01:BTCUSDT:1646093233:-1,2022-03-01,BTCUSDT,-1,1646093233,1646093235000000,1646093235211162,43251.5,43252.5,4,77.591,43165.5,43386,1,upper_first,1646093354999999,1646093354999999,43386,target,1646093354999999,43387.5,stop,9.4e-05,1646179199832245,43275.75,43275.75,43496.25,43252.25,50.9523231833,5.43029294697,5.43029294697,0.997867779216,0.992874124582,2.70433004846,-3.16761174791,4.1610869748,-7.54794924448,0.989538461538,0.115600922495,events_2022-03-01.csv,1646093233000000,1646093235000000,sell,1808.247,0,1808.247,1,0,1,1808.247,1,7.5006660156,7.5006660156,7.5006660156,0.69314718056,3.59701084667,0.001604962268,0.0181715465563,-0.513455318052,-0.256603822299
2022-03-01:ETHUSDT:1646093479:1,2022-03-01,ETHUSDT,1,1646093479,1646093481000000,1646093481117350,2962.25,2962.3,102.87,32.76,2943.75,2968.3,1,upper_first,1646093489999999,1646093489999999,2968.3,target,1646093489999999,2969.4,stop,0.0001,1646179199671334,2956.025,2931.475,2956.025,2961.875,83.0507184479,19.790089732,21.1432582607,0.662874305144,0.862163933587,6.94205160427,0.777029652128,20.479525552,-7.12305362718,0.96625399361,0.168789190741,events_2022-03-01.csv,1646093479000000,1646093481000000,buy,1611.975,0,1611.975,2,0,2,1223.7885,1,7.38583557894,7.38583557894,7.11052345501,1.09861228867,3.01600170602,0.247120399785,0.0814680672026,5,-0.0238022599538
2022-03-01:BTCUSDT:1646093488:1,2022-03-01,BTCUSDT,1,1646093488,1646093490000000,1646093490151038,43540.5,43541,44.568,17.778,43352.5,43617,0,lower_first,1646093706999999,1646093706999999,43350,stop,1646093706999999,43352.5,target,9.4e-05,1646179199832245,43484.75,43220.25,43484.75,43530.5,60.8259217312,10.5209297512,12.8780779469,0.898465885992,0.973404773493,0.231971986973,-0.486887790279,10.4519490839,0.825995868052,0.120204010664,0.114834953463,events_2022-03-01.csv,1646093488000000,1646093490000000,buy,11942.285,0,11942.285,2,0,2,10280.545,1,9.38792447473,9.38792447473,9.23810581955,1.09861228867,5.28490509627,0.948615717339,0.892359755031,1.94758913744,0.635221867727
2022-03-01:BTCUSDT:1646095566:1,2022-03-01,BTCUSDT,1,1646095566,1646095568000000,1646095568112193,43662,43662.5,15.521,21.233,43520.25,43709.25,1,upper_first,1646095574999999,1646095574999999,43709.25,target,1646095574999999,43740,stop,9.4e-05,1646179199832245,43614.75,43425.75,43614.75,43648.75,43.333963854,7.79552788907,10.8908110215,0.962295124928,0.937592931028,14.84487768,-9.57393689314,15.1453197218,11.6426366831,0.249359662893,0.114515399458,events_2022-03-01.csv,1646095566000000,1646095568000000,buy,437.675,0,437.675,1,0,1,437.675,1,6.08375882,6.08375882,6.08375882,0.69314718056,2.40694919365,-0.709387401643,-0.694741533992,-0.513455318052,-0.885391766294
2022-03-01:BTCUSDT:1646097282:-1,2022-03-01,BTCUSDT,-1,1646097282,1646097284000000,1646097284112047,43271,43271.5,4.758,93.276,43180,43366.5,1,upper_first,1646097781999999,1646097781999999,43366.5,target,1646097781999999,43373.5,stop,9.4e-05,1646179199832245,43273.25,43273.25,43459.75,43271.25,43.0982188766,0.462179290901,0.462179290901,1,0.762576521222,1.22237128939,-1.08153428117,5.30260164667,-0.689635416635,0.922509822984,0.115550163215,events_2022-03-01.csv,1646097282000000,1646097284000000,sell,430.695,0,430.695,1,0,1,430.695,1,6.06771932038,6.06771932038,6.06771932038,0.69314718056,2.39728930853,-0.717435890483,-0.702811765494,-0.513455318052,-0.890495719762
2022-03-01:BTCUSDT:1646100406:-1,2022-03-01,BTCUSDT,-1,1646100406,1646100408000000,1646100408131792,43122,43122.5,2.316,99.969,43054.25,43191.25,0,lower_first,1646100903999999,1646100903999999,43050,stop,1646100903999999,43054.25,target,9.4e-05,1646179199832245,43122.75,43122.75,43259.75,43122.25,31.7697734954,0.11594807845,0.115948078451,-0.906977772613,-0.495763081118,2.8561777711,-0.823073509508,0.74180932394,-0.127719874554,0.954162667115,0.115949422862,events_2022-03-01.csv,1646100406000000,1646100408000000,sell,5579.34,0,5579.34,1,0,1,5579.34,1,8.62700498542,8.62700498542,8.62700498542,0.69314718056,5.1739884808,0.566792583026,0.584885998433,-0.513455318052,0.576617315246
2022-03-01:BTCUSDT:1646100593:-1,2022-03-01,BTCUSDT,-1,1646100593,1646100595000000,1646100595192382,43111,43111.5,0.013,86.067,43084.25,43160.25,0,lower_first,1646100600999999,1646100600999999,43070.5,stop,1646100600999999,43084.25,target,9.4e-05,1646179199832245,43122.25,43122.25,43198.25,43111.25,17.624312275,2.55088730296,2.55088730296,1,0.892491704569,0.122936236917,-1.27591617741,2.85918944182,1.41115272719,0.989961920511,0.1159790078,events_2022-03-01.csv,1646100593000000,1646100595000000,sell,42.905,0,42.905,1,0,1,42.905,1,3.78202820881,3.78202820881,3.78202820881,0.69314718056,1.23384842004,-1.86437686984,-1.85285115875,-0.513455318052,-1.50521816071
2022-03-01:BTCUSDT:1646100903:-1,2022-03-01,BTCUSDT,-1,1646100903,1646100905000000,1646100905111479,43050,43050.5,28.625,62.153,43017.125,43094.375,0,lower_first,1646100920999999,1646100920999999,43002.5,stop,1646100920999999,43017.125,target,9.4e-05,1646179199832245,43055.75,43055.75,43133,43050.25,17.9418544561,1.27741358587,1.27741358587,0.742762669949,0.94509688045,2.90041924875,-1.46319574958,6.73910430249,-1.87210751127,0.367914320415,0.116143344115,events_2022-03-01.csv,1646100903000000,1646100905000000,sell,942.711,0,942.711,1,0,1,942.711,1,6.84981997521,6.84981997521,6.84981997521,0.69314718056,3.98047688886,-0.324984221722,-0.309299904686,-0.513455318052,-0.0539934586744
2022-03-01:BTCUSDT:1646105417:1,2022-03-01,BTCUSDT,1,1646105417,1646105419000000,1646105419111626,43059,43059.5,124.095,1.073,42992,43107.5,0,lower_first,1646105961999999,1646105961999999,42980.5,stop,1646105961999999,42992,target,9.4e-05,1646179199832245,43049.75,42934.25,43049.75,43059.25,26.8294240965,2.20674916811,2.20674916811,0,0.682011495175,-7.57219225525,0.468787784411,2.40009990358,0.119594588099,0.982939413453,0.116119068493,events_2022-03-01.csv,1646105417000000,1646105419000000,buy,21651.75,0,21651.75,1,0,1,21651.75,1,9.98288774615,9.98288774615,9.98288774615,0.69314718056,6.69458072939,1.247163388,1.26709479716,-0.513455318052,1.3800463403
2022-03-01:BTCUSDT:1646107153:1,2022-03-01,BTCUSDT,1,1646107153,1646107155000000,1646107155131622,43147,43147.5,123.172,0.124,43100.5,43176,0,lower_first,1646107398999999,1646107398999999,43097.5,stop,1646107398999999,43100.5,target,9.4e-05,1646179199832245,43138.25,43062.75,43138.25,43146.25,17.501868991,1.85450267454,2.08631550886,0.184285013281,0.943728963474,-6.63333170434,0.477140897621,4.34458817243,0.608968031119,0.994913112683,0.115882240467,events_2022-03-01.csv,1646107153000000,1646107155000000,buy,824.3055,0,824.3055,1,0,1,824.3055,1,6.71575362082,6.71575362082,6.71575362082,0.69314718056,3.87324353544,-0.392257614448,-0.376755033717,-0.513455318052,-0.110651901246
2022-03-01:BTCUSDT:1646108064:1,2022-03-01,BTCUSDT,1,1646108064,1646108066000000,1646108066111531,43271,43271.5,24.495,34.077,43160,43316.5,0,lower_first,1646108210999999,1646108210999999,43159.5,stop,1646108210999999,43160,target,9.4e-05,1646179199832245,43238.25,43081.75,43238.25,43271.25,36.1948043688,7.63213127266,7.63213127266,1,0.930836561924,-1.14843671652,1.70330387796,5.63675441322,-0.213458599301,0.0136648206116,0.115550163215,events_2022-03-01.csv,1646108064000000,1646108066000000,buy,5173.3465,0,5173.3465,1,0,1,5173.3465,1,8.55146832997,8.55146832997,8.55146832997,0.69314718056,4.96933150668,0.528888911291,0.546879931487,-0.513455318052,0.468483557929
2022-03-01:BTCUSDT:1646109214:1,2022-03-01,BTCUSDT,1,1646109214,1646109216000000,1646109216116692,43272,43272.5,87.446,19.785,43217.25,43282.25,1,upper_first,1646110119999999,1646110120999999,43282.25,target,1646110119999999,43283,stop,9.4e-05,1646179199832245,43249.75,43184.75,43249.75,43273.25,15.0289886069,5.43355741941,5.20234221007,0.666669876307,0.952936480356,-3.83239652529,0.399657080363,1.12281726403,-3.12002585806,0.625220549109,0.115547492908,events_2022-03-01.csv,1646109214000000,1646109216000000,buy,1957.5375,0,1957.5375,2,0,2,1740.02,1,7.57995330023,7.57995330023,7.46222642735,1.09861228867,4.87710985006,0.0413906688423,-0.00116922985924,1.94758913744,0.41975678339
2022-03-01:BTCUSDT:1646110120:1,2022-03-01,BTCUSDT,1,1646110120,1646110122000000,1646110122176492,43310.5,43311,67.314,21.53,43250.875,43314.125,1,upper_first,1646110137999999,1646110137999999,43314.125,target,1646110137999999,43325,stop,9.4e-05,1646179199832245,43282.5,43219.25,43282.5,43313.5,14.6132963669,7.16224802172,6.52688731011,0.996923112401,0.960640048803,-5.54289315485,1.99648618431,8.71653321255,-16.0707252049,0.463797191319,0.115444779876,events_2022-03-01.csv,1646110120000000,1646110122000000,buy,3047.9835,0,3047.9835,2,0,2,2656.245,1,8.02256353536,8.02256353536,7.88504515077,1.09861228867,5.345086637,0.263488840371,0.211570884355,1.94758913744,0.667019739008
2022-03-01:BTCUSDT:1646114788:-1,2022-03-01,BTCUSDT,-1,1646114788,1646114790000000,1646114790131295,43130,43130.5,14.765,88.677,43113.375,43157.625,0,lower_first,1646114866999999,1646114866999999,43099,stop,1646114866999999,43113.375,target,9.4e-05,1646179199832245,43135.5,43135.5,43179.75,43130.25,10.2583718747,1.21709496818,1.21709496818,1,0.97188376972,0.243442697068,-0.31764484663,2.67251823768,0.184332535895,0.721416866255,0.115927916022,events_2022-03-01.csv,1646114788000000,1646114790000000,sell,2145.825,0,2145.825,1,0,1,2145.825,1,7.67174528547,7.67174528547,7.67174528547,0.69314718056,5.34795446051,0.0874511312212,0.104249625405,-0.513455318052,0.668534999032
2022-03-01:BTCUSDT:1646114867:-1,2022-03-01,BTCUSDT,-1,1646114867,1646114869000000,1646114869111195,43088.5,43089,56.322,10.701,43059,43139.5,0,lower_first,1646115055999999,1646115055999999,43055,stop,1646115055999999,43059,target,9.4e-05,1646179199832245,43099.25,43099.25,43179.75,43088.75,18.6778192196,2.43623728951,2.43623728951,1,0.956865320017,3.1691963396,0.00928021492874,3.20528951627,11.5047894833,-0.603015296901,0.116039569493,events_2022-03-01.csv,1646114867000000,1646114869000000,sell,3773.572,0,3773.572,1,0,1,3773.572,1,8.23604227777,8.23604227777,8.23604227777,0.69314718056,5.31337805995,0.370610715524,0.388174153682,-0.513455318052,0.650266009552
2022-03-01:BTCUSDT:1646115008:-1,2022-03-01,BTCUSDT,-1,1646115008,1646115010000000,1646115010116095,43082,43082.5,7.653,109.68,43038,43132.5,1,upper_first,1646115199999999,1646115199999999,43132.5,target,1646115199999999,43137.5,stop,9.4e-05,1646179199832245,43085.25,43085.25,43179.75,43082.25,21.9332602225,0.696293975316,0.696293975316,1,0.991845830447,-2.28684726182,-0.698872215279,4.23525753267,-0.635515927863,0.895397164162,0.11605707687,events_2022-03-01.csv,1646115008000000,1646115010000000,sell,6429,0,6429,1,0,1,6429,1,8.76872981723,8.76872981723,8.76872981723,0.69314718056,5.68397587449,0.637908936665,0.656194469977,-0.513455318052,0.846077241067
2022-03-01:BTCUSDT:1646115800:1,2022-03-01,BTCUSDT,1,1646115800,1646115802000000,1646115802157004,43265.5,43266,100.725,0.864,43242.375,43278.625,1,upper_first,1646115804999999,1646115804999999,43278.625,target,1646115804999999,43282,stop,9.4e-05,1646179199832245,43260.5,43224.25,43260.5,43262.25,8.37946856832,0.404526068816,1.21357820645,1,0.94574151336,-3.48653122259,0.1640475664,2.44509739484,2.98520512356,0.977938567091,0.115564852106,events_2022-03-01.csv,1646115800000000,1646115802000000,buy,10569.4065,0,10569.4065,1,0,1,10569.4065,1,9.26581353602,9.26581353602,9.26581353602,0.69314718056,7.14072692197,0.887341453758,0.906300818759,-0.513455318052,1.61577475524
2022-03-01:BTCUSDT:1646115875:1,2022-03-01,BTCUSDT,1,1646115875,1646115877000000,1646115877156279,43328.5,43329,92.51,18.57,43276,43379.5,1,upper_first,1646116405999999,1646116405999999,43379.5,target,1646116405999999,43458.5,stop,9.4e-05,1646179199832245,43327.75,43224.25,43327.75,43328.75,23.887693222,0.230798968329,0.230798968328,0,0.944763902437,-5.94862729486,1.62408443394,2.76402685951,10.1814334394,0.656682653154,0.115396820818,events_2022-03-01.csv,1646115875000000,1646115877000000,buy,87.122,0,87.122,1,0,1,87.122,1,4.478722218,4.478722218,4.478722218,0.69314718056,1.53625412546,-1.51478155262,-1.50231142416,-0.513455318052,-1.34543731131
2022-03-01:BTCUSDT:1646117534:1,2022-03-01,BTCUSDT,1,1646117534,1646117536000000,1646117536111147,43445.5,43446,48.383,38.388,43360.875,43501.125,1,upper_first,1646118374999999,1646118374999999,43501.125,target,1646118374999999,43538.5,stop,9.4e-05,1646179199832245,43431,43290.75,43431,43445.75,32.2926020584,3.39619166033,3.39619166033,-0.937983804539,0.953984230461,-2.84641857494,0.909003669844,8.53272385964,15.6378372493,0.187613887313,0.115086055598,events_2022-03-01.csv,1646117534000000,1646117536000000,buy,261.936,0,261.936,1,0,1,261.936,1,5.57191065656,5.57191065656,5.57191065656,0.69314718056,2.20951885766,-0.96622859549,-0.952276573764,-0.513455318052,-0.989707214766
2022-03-01:BTCUSDT:1646118511:1,2022-03-01,BTCUSDT,1,1646118511,1646118513000000,1646118513111576,43535.5,43536,31.69,66.076,43484.125,43572.875,0,lower_first,1646118729999999,1646118729999999,43481,stop,1646118729999999,43484.125,target,9.4e-05,1646179199832245,43528.5,43439.75,43528.5,43535.75,20.3889405792,1.66557542759,1.66557542759,1,0.888711424651,0.188354500628,0.103366343183,1.07051943395,7.54138520656,-0.365455540978,0.114848142044,events_2022-03-01.csv,1646118511000000,1646118513000000,buy,1618.787,0,1618.787,1,0,1,1618.787,1,7.3900499381,7.3900499381,7.3900499381,0.69314718056,4.38695629391,-0.0539012746059,-0.0374846381343,-0.513455318052,0.16077638012
2022-03-01:BTCUSDT:1646122987:-1,2022-03-01,BTCUSDT,-1,1646122987,1646122989000000,1646122989234454,43428.5,43429,29.816,81.094,43303.75,43567.75,1,upper_first,1646123891999999,1646123891999999,43567.75,target,1646123890999999,43574,stop,0.0001,1646179199832245,43435.75,43435.75,43699.75,43432,60.7794270848,0.863344134728,1.61157571816,0.820923781282,0.975950171858,5.37373337537,-0.421171145772,4.36842048359,1.94588819051,0.484911741009,0.115131105546,events_2022-03-01.csv,1646122987000000,1646122989000000,sell,1297.035,0,1297.035,1,0,1,1297.035,1,7.16860686146,7.16860686146,7.16860686146,0.69314718056,3.10638028575,-0.165019587097,-0.148903132178,-0.513455318052,-0.5158362586
2022-03-01:BTCUSDT:1646123886:1,2022-03-01,BTCUSDT,1,1646123886,1646123888000000,1646123888111678,43519.5,43520,102.574,19.09,43455.625,43543.375,1,upper_first,1646123890999999,1646123890999999,43543.375,target,1646123890999999,43574,stop,0.0001,1646179199832245,43499.5,43411.75,43499.5,43504.75,20.1726456626,1.20691042426,4.65522592214,0.721524812473,0.76795307933,-7.99686278688,-1.26951010913,6.07653028053,-5.98462330528,0.824209043166,0.114890365868,events_2022-03-01.csv,1646123886000000,1646123888000000,buy,1663.279,0,1663.279,1,0,1,1663.279,1,7.4171472756,7.4171472756,7.4171472756,0.69314718056,4.42427400412,-0.0403040537709,-0.0238506849663,-0.513455318052,0.180493784021
2022-03-01:ETHUSDT:1646127160:-1,2022-03-01,ETHUSDT,-1,1646127160,1646127162000000,1646127162171255,2892.75,2892.8,78.86,35.9,2888.775,2899.225,1,upper_first,1646127251999999,1646127251999999,2899.225,target,1646127251999999,2899.65,stop,0.0001,1646179199671334,2894,2894,2904.45,2892.775,36.1091914305,4.23289564616,4.23289564616,0.0810724956695,0.968536347082,4.12927570085,-0.38011514033,6.45753909056,-0.587326173274,-0.362117981521,0.172844414101,events_2022-03-01.csv,1646127160000000,1646127162000000,sell,171.9,0,171.9,1,0,1,171.9,1,5.15271339269,5.15271339269,5.15271339269,0.69314718056,1.7510348251,-1.15101968536,-1.14563822769,-0.2,-0.802150984661
2022-03-01:BTCUSDT:1646127524:-1,2022-03-01,BTCUSDT,-1,1646127524,1646127526000000,1646127526131948,43207,43207.5,1.788,97.854,43165.75,43250.75,0,lower_first,1646127583999999,1646127583999999,43126.5,stop,1646127583999999,43165.75,target,0.0001,1646179199832245,43208.25,43208.25,43293.25,43207.25,19.6721690881,0.231437283389,0.231437283389,1,0.748085632128,0.129606198509,-0.805474821619,-0.0115719953997,-0.360430441528,0.949787793652,0.115721319917,events_2022-03-01.csv,1646127524000000,1646127526000000,sell,601.867,0,601.867,1,0,1,601.867,1,6.40169660855,6.40169660855,6.40169660855,0.69314718056,3.45299403219,-0.549848837253,-0.53477198273,-0.513455318052,-0.332697389761
2022-03-01:ETHUSDT:1646129315:-1,2022-03-01,ETHUSDT,-1,1646129315,1646129317000000,1646129317151141,2884.15,2884.2,23.62,81.42,2881.25,2893.3,0,lower_first,1646129328999999,1646129328999999,2875.85,stop,1646129328999999,2881.25,target,0.0001,1646179199671334,2887.275,2887.275,2899.325,2886.1,41.7348537981,4.06958117949,10.7367673672,0.95762253099,0.97373704848,7.77780087444,-5.26881347707,10.6938546674,0.240628841301,0.714257028112,0.173359799595,events_2022-03-01.csv,1646129315000000,1646129317000000,sell,114.296,0,114.296,1,0,1,114.296,1,4.74750273457,4.74750273457,4.74750273457,0.69314718056,1.31871716625,-1.40471886382,-1.39961411581,-0.2,-1.06816103086
2022-03-01:BTCUSDT:1646129362:-1,2022-03-01,BTCUSDT,-1,1646129362,1646129364000000,1646129364112753,43013,43013.5,30.193,91.536,42892.125,43139.875,0,lower_first,1646129457999999,1646129457999999,42850,stop,1646129457999999,42892.125,target,0.0001,1646179199832245,43016,43016,43263.75,43013.25,57.5948484285,0.639297005765,0.639297005766,0.945044150415,0.878309883242,3.54648580674,-0.620557320905,2.13301410926,-0.0372295268236,0.599814307112,0.116243250626,events_2022-03-01.csv,1646129362000000,1646129364000000,sell,214.0825,0,214.0825,1,0,1,214.0825,1,5.37102167546,5.37102167546,5.37102167546,0.69314718056,1.55118201647,-1.06703303208,-1.0533533294,-0.513455318052,-1.3375499234
2022-03-01:BTCUSDT:1646131632:1,2022-03-01,BTCUSDT,1,1646131632,1646131634000000,1646131634112264,43363.5,43364,19.125,42.84,43279.25,43395.25,1,upper_first,1646131640999999,1646131640999999,43395.25,target,1646131640999999,43418,stop,0.0001,1646179199832245,43337.25,43221.25,43337.25,43359.75,26.7668114613,5.19183842999,6.11483192865,0.956265648541,0.950698398881,-0.14989253858,1.57988631738,6.35717639838,-8.60732275843,-0.394659041342,0.11530368107,events_2022-03-01.csv,1646131632000000,1646131634000000,buy,6053.867,0,6053.867,1,0,1,6053.867,1,8.70861769043,8.70861769043,8.70861769043,0.69314718056,5.42570147305,0.607745166399,0.625949213526,-0.513455318052,0.709613865865
2022-03-01:BTCUSDT:1646131708:1,2022-03-01,BTCUSDT,1,1646131708,1646131710000000,1646131710292102,43446.5,43447,89.11,18.342,43338,43532.5,1,upper_first,1646132169999999,1646132169999999,43532.5,target,1646132169999999,43533,stop,0.0001,1646179199832245,43435.25,43240.75,43435.25,43446.75,44.7792979205,2.64761915725,2.64761915725,0.999485867098,0.953066963051,-2.25742672683,0.0483243530569,2.79437497382,-1.04775572461,0.663400868171,0.115083406699,events_2022-03-01.csv,1646131708000000,1646131710000000,buy,14404.17,0,14404.17,1,0,1,14404.17,1,9.57534244891,9.57534244891,9.57534244891,0.69314718056,5.77663104532,1.04266051358,1.06203946663,-0.513455318052,0.895033069712
2022-03-01:ETHUSDT:1646132089:1,2022-03-01,ETHUSDT,1,1646132089,1646132091000000,1646132091120592,2910.35,2910.4,64.21,22.94,2907,2913.15,1,upper_first,1646132158999999,1646132158999999,2913.15,target,1646132158999999,2913.5,stop,0.0001,1646179199671334,2910.075,2903.925,2910.075,2910.375,21.1334759413,1.03090126543,1.03090126543,1,0.143623837765,-3.00558179476,-0.377830292373,4.29553264605,0.92510996524,0.803938541441,0.171799166775,events_2022-03-01.csv,1646132089000000,1646132091000000,buy,529.182,0,529.182,1,0,1,529.182,1,6.27322034383,6.27322034383,6.27322034383,0.69314718056,3.25963338564,-0.449479172387,-0.443332544585,-0.2,0.126107125023
2022-03-01:BTCUSDT:1646132159:1,2022-03-01,BTCUSDT,1,1646132159,1646132161000000,1646132161111696,43519.5,43520,94.405,14.14,43447,43582.5,0,lower_first,1646132248999999,1646132248999999,43430,stop,1646132248999999,43447,target,0.0001,1646179199832245,43514.75,43379.25,43514.75,43519.75,31.1388667061,1.14903567181,1.14903567181,1,0.0914437413109,-7.90280241823,0.959816523494,5.10199862354,-2.97258618094,0.799511720543,0.114890365868,events_2022-03-01.csv,1646132159000000,1646132161000000,buy,24196.515,0,24196.515,1,0,1,24196.515,1,10.0940052209,10.0940052209,10.0940052209,0.69314718056,6.65679320927,1.30292122189,1.32300325855,-0.513455318052,1.36008070488
2022-03-01:BTCUSDT:1646132298:1,2022-03-01,BTCUSDT,1,1646132298,1646132300000000,1646132300212384,43544.5,43545,95.727,4.689,43467.25,43602.25,1,upper_first,1646132498999999,1646132498999999,43602.25,target,1646132498999999,43622,stop,0.0001,1646179199832245,43534.75,43399.75,43534.75,43544.75,31.0097106335,2.29701560248,2.29701560248,0.796382058264,0.922213188808,-5.99483095013,0.181317087322,2.84904470911,-1.93577306384,0.927509488561,0.114824404779,events_2022-03-01.csv,1646132298000000,1646132300000000,buy,1619.934,0,1619.934,1,0,1,1619.934,1,7.3907578053,7.3907578053,7.3907578053,0.69314718056,3.97480194756,-0.0535460726742,-0.0371284766392,-0.513455318052,-0.0569919038907
2022-03-01:ETHUSDT:1646132299:1,2022-03-01,ETHUSDT,1,1646132299,1646132301000000,1646132301112023,2919.35,2919.4,136.74,6.67,2913.15,2925.5,0,lower_first,1646132626999999,1646132626999999,2913.05,stop,1646132626999999,2913.15,target,0.0001,1646179199671334,2919.325,2906.975,2919.325,2919.375,42.3042997953,0.171272468808,0.171272468807,1,0.569999551496,-2.75667938278,0.650687159889,1.88380034456,1.46173207855,0.898039215686,0.171269535432,events_2022-03-01.csv,1646132299000000,1646132301000000,buy,1474.375,0,1474.375,1,0,1,1474.375,1,7.29666747375,7.29666747375,7.29666747375,0.69314718056,3.57938982188,0.191292956511,0.198138474382,-0.2,0.322856951538
2022-03-01:BTCUSDT:1646132489:1,2022-03-01,BTCUSDT,1,1646132489,1646132491000000,1646132491152107,43599.5,43600,54.952,54.014,43502.75,43652.75,1,upper_first,1646132504999999,1646132504999999,43652.75,target,1646132504999999,43657,stop,0.0001,1646179199832245,43577.75,43427.75,43577.75,43599.75,34.4212356076,5.04844788912,5.04844788912,1,0.598864360314,-5.23811052069,0.667129913119,1.93973789234,-8.5263410288,0.0180097735966,0.114679556649,events_2022-03-01.csv,1646132489000000,1646132491000000,buy,350.688,0,350.688,1,0,1,350.688,1,5.86274441891,5.86274441891,5.86274441891,0.69314718056,2.4148533348,-0.820290608272,-0.805944341074,-0.513455318052,-0.881215487987
2022-03-01:BTCUSDT:1646133968:1,2022-03-01,BTCUSDT,1,1646133968,1646133970000000,1646133970111874,43796.5,43797,11.741,35.495,43612.75,43814.75,1,upper_first,1646133970951633,1646133970951633,43814.75,target,1646133970951633,43828,stop,0.0001,1646179199832245,43713.75,43511.75,43713.75,43902.75,46.2097166223,43.2358239684,18.9871607904,0.907784723129,0.781759707483,6.15264124915,-6.00509816851,15.8968978509,-14.2545045002,-0.399131103582,0.114163722194,events_2022-03-01.csv,1646133968000000,1646133970000000,buy,2151.943,0,2151.943,2,0,2,1976.175,1,7.67459102233,7.67459102233,7.58942433721,1.09861228867,3.86218251988,0.0888790985423,0.062830059605,1.94758913744,-0.116496164197
2022-03-01:BTCUSDT:1646135173:-1,2022-03-01,BTCUSDT,-1,1646135173,1646135175000000,1646135175111743,43416.5,43417,4.021,61.165,43384.875,43511.125,0,lower_first,1646135269999999,1646135269999999,43374.5,stop,1646135269999999,43384.875,target,0.0001,1646179199832245,43448,43448,43574.25,43408.5,29.057724176,9.09132756398,7.19250598416,0.814812879626,0.966461507694,6.0792078661,-0.428163982202,4.22672648662,34.3406674492,0.847360956031,0.115162926751,events_2022-03-01.csv,1646135173000000,1646135175000000,sell,9382.646,0,9382.646,1,0,1,9382.646,1,9.14672366584,9.14672366584,9.14672366584,0.69314718056,5.78042493042,0.827583137486,0.846381067853,-0.513455318052,0.897037629058
2022-03-01:BTCUSDT:1646135269:-1,2022-03-01,BTCUSDT,-1,1646135269,1646135271000000,1646135271114810,43374.5,43375,45.144,73.449,43337.25,43453.25,1,upper_first,1646135354999999,1646135354999999,43453.25,target,1646135354999999,43490,stop,0.0001,1646179199832245,43395.25,43395.25,43511.25,43374.75,26.7310362309,4.72401933391,4.72401933391,1,0.943593334999,2.22660628553,1.55100787857,8.57866788142,4.03045301434,0.238001107656,0.115274439622,events_2022-03-01.csv,1646135269000000,1646135271000000,sell,2462.457,0,2462.457,1,0,1,2462.457,1,7.80932092699,7.80932092699,7.80932092699,0.69314718056,4.53388655042,0.156485455334,0.173470442906,-0.513455318052,0.238409310878
2022-03-01:BTCUSDT:1646135406:1,2022-03-01,BTCUSDT,1,1646135406,1646135408000000,1646135408111341,43587,43587.5,19.949,81.783,43468.875,43700.125,0,lower_first,1646135668999999,1646135668999999,43468,stop,1646135668999999,43468.875,target,0.0001,1646179199832245,43584.5,43353.25,43584.5,43587.25,53.0578531359,0.630958253508,0.630958253507,-0.886132836127,-0.188506121966,-1.36947901532,-0.990881595613,2.89807916781,-4.37873262423,-0.564923953464,0.11471244458,events_2022-03-01.csv,1646135406000000,1646135408000000,buy,657.0375,0,657.0375,1,0,1,657.0375,1,6.48926192058,6.48926192058,6.48926192058,0.69314718056,2.59401637438,-0.50590928469,-0.490713729272,-0.513455318052,-0.786551855214
2022-03-01:BTCUSDT:1646136624:1,2022-03-01,BTCUSDT,1,1646136624,1646136626000000,1646136626111315,43754.5,43755,74.998,3.012,43649.5,43774,1,upper_first,1646136631999999,1646136631999999,43774,target,1646136626316214,43775,stop,0.0001,1646179199832245,43711.75,43587.25,43711.75,43747.25,28.4820443016,8.12138612616,9.83717192746,0.989467822136,0.603424050153,-6.23771471694,-0.0571006874694,8.68231769876,-8.00156912555,0.958240602112,0.114273307469,events_2022-03-01.csv,1646136624000000,1646136626000000,buy,2945.454,0,2945.454,1,0,1,2945.454,1,7.98835769241,7.98835769241,7.98835769241,0.69314718056,4.64836775763,0.24632463003,0.263552314439,-0.513455318052,0.298897271917
2022-03-01:BTCUSDT:1646136684:1,2022-03-01,BTCUSDT,1,1646136684,1646136686000000,1646136686111632,43822.5,43823,100.905,6.496,43693.5,43906,1,upper_first,1646136807999999,1646136807999999,43906,target,1646136807999999,43998,stop,0.0001,1646179199832245,43799.75,43587.25,43799.75,43822.25,48.5162586544,5.13701562224,5.25117152495,0.992108703512,0.798324397325,-7.66593313583,-2.49844246276,1.74007280483,15.6280587148,0.872538475449,0.114095988956,events_2022-03-01.csv,1646136684000000,1646136686000000,buy,44.07,0,44.07,1,0,1,44.07,1,3.8082168367,3.8082168367,3.8082168367,0.69314718056,0.646241764225,-1.851235632,-1.8396744204,-0.513455318052,-1.8156894544
2022-03-01:BTCUSDT:1646136807:1,2022-03-01,BTCUSDT,1,1646136807,1646136809000000,1646136809112627,43944,43944.5,18.721,55.153,43750.25,44031.25,1,upper_first,1646136997999999,1646136997999999,44031.25,target,1646136997999999,44083.5,stop,0.0001,1646179199832245,43890.75,43609.75,43890.75,43994.5,64.0226015732,23.6382381253,12.1893565273,0.801353038737,0.818077033332,-1.18772763358,0.992146794034,10.8697261499,8.25106521607,-0.746447856647,0.113780528738,events_2022-03-01.csv,1646136807000000,1646136809000000,buy,1236.2,0,1236.2,1,0,1,1236.2,1,7.12060604081,7.12060604081,7.12060604081,0.69314718056,3.01105459017,-0.189106003659,-0.173054617204,-0.513455318052,-0.566203101345
2022-03-01:BTCUSDT:1646136997:1,2022-03-01,BTCUSDT,1,1646136997,1646136999000000,1646136999112927,44043,44043.5,3.396,38.871,43896.75,44112.75,1,upper_first,1646137030999999,1646137030999999,44112.75,target,1646137030999999,44127.5,stop,0.0001,1646179199832245,44004.75,43788.75,44004.75,44071.25,49.0856100762,15.112004954,8.86267959709,-0.471831996354,0.863274207266,-0.84227331156,1.48271165028,12.367862651,-23.736986398,-0.688584027438,0.113523485171,events_2022-03-01.csv,1646136997000000,1646136999000000,buy,64130.4,0,64130.4,2,0,2,57491.85,1,11.0686893826,11.0686893826,10.9594158712,1.09861228867,7.17587298179,1.79200970863,1.75843232163,1.94758913744,1.63434473323
2022-03-01:BTCUSDT:1646137101:1,2022-03-01,BTCUSDT,1,1646137101,1646137103000000,1646137103111580,44221.5,44222,96.254,9.953,44036.375,44417.625,1,upper_first,1646137433999999,1646137433999999,44417.625,target,1646137430999999,44419.5,stop,0.0001,1646179199832245,44227,43845.75,44227,44229.5,86.2029981685,0.565265561761,-1.1870576797,-0.188617302296,0.593628820534,-4.72168930245,0.1740432762,1.46712586877,8.37335661907,0.766276747504,0.113066534002,events_2022-03-01.csv,1646137101000000,1646137103000000,buy,3200.172,0,3200.172,2,0,2,3111.255,1,8.07127227173,8.07127227173,8.04310282282,1.09861228867,3.64083545344,0.287930483214,0.291097180949,1.94758913744,-0.233448396433
2022-03-01:BTCUSDT:1646137163:1,2022-03-01,BTCUSDT,1,1646137163,1646137165000000,1646137165111498,44238,44238.5,6.7,64.462,44037.625,44421.375,1,upper_first,1646137434999999,1646137434999999,44421.375,target,1646137434999999,44429.5,stop,0.0001,1646179199832245,44229.5,43845.75,44229.5,44238.25,86.7633592964,1.97831763868,1.97831763868,-0.0341406968334,0.758827937595,-2.91517847559,0.68477485597,5.15732672762,-6.4878684083,-0.939260841443,0.113024362401,events_2022-03-01.csv,1646137163000000,1646137165000000,buy,22233,0,22233,1,0,1,22233,1,10.0093779278,10.0093779278,10.0093779278,0.69314718056,5.55004340963,1.26045594302,1.28042326148,-0.513455318052,0.775311899624
2022-03-01:BTCUSDT:1646137224:1,2022-03-01,BTCUSDT,1,1646137224,1646137226000000,1646137226111756,44249.5,44250,35.384,54.378,44042,44434.5,1,upper_first,1646137712999999,1646137712999999,44434.5,target,1646137712999999,44453,stop,0.0001,1646179199832245,44238.25,43845.75,44238.25,44249.75,88.724124485,2.59956033523,2.59956033523,0.991691936388,0.788545052915,-6.57875718627,0.311670713116,5.43217419835,1.92873394285,-0.119004923555,0.112994988672,events_2022-03-01.csv,1646137224000000,1646137226000000,buy,112920.3855,0,112920.3855,2,0,2,111897.38,1,11.634447152,11.634447152,11.625346417,1.09861228867,7.14969187984,2.0759022989,2.09349350156,1.94758913744,1.62051153289
2022-03-01:BTCUSDT:1646137360:1,2022-03-01,BTCUSDT,1,1646137360,1646137362000000,1646137362115323,44299.5,44300,18.121,48.917,44198.5,44350,1,upper_first,1646137397999999,1646137397999999,44350,target,1646137397999999,44400,stop,0.0001,1646179199832245,44274.25,44122.75,44274.25,44277.25,34.2185356048,0.677594764451,5.75955549784,0.903338388103,0.839356760521,-7.54288152962,0.778258568628,13.3712818745,14.5597974637,-0.107380288594,0.112867454105,events_2022-03-01.csv,1646137360000000,1646137362000000,buy,1826.181,0,1826.181,1,0,1,1826.181,1,7.51052962098,7.51052962098,7.51052962098,0.69314718056,3.99577907373,0.00655443823287,0.0231343933269,-0.513455318052,-0.0459083066663
2022-03-01:ETHUSDT:1646137397:1,2022-03-01,ETHUSDT,1,1646137397,1646137399000000,1646137399130979,2942.45,2942.5,176.64,20.95,2927.8,2956.75,0,lower_first,1646137995999999,1646137995999999,2927.2,stop,1646137995999999,2927.8,target,0.0001,1646179199671334,2942.275,2913.325,2942.275,2942.475,98.3932501211,0.679746114825,0.679746114824,1,0.792695827999,-2.49727338518,2.51489394964,4.24886810154,-2.43758552917,0.769729784952,0.169924978123,events_2022-03-01.csv,1646137397000000,1646137399000000,buy,3714.5,0,3714.5,1,0,1,3714.5,1,8.2202685376,8.2202685376,8.2202685376,0.69314718056,3.65717135779,0.769552255532,0.777028480737,-0.2,0.3707168285
2022-03-01:BTCUSDT:1646137430:1,2022-03-01,BTCUSDT,1,1646137430,1646137432000000,1646137432111943,44412,44412.5,70.614,7.473,44275.75,44539.75,0,lower_first,1646137587999999,1646137587999999,44264,stop,1646137587999999,44275.75,target,0.0001,1646179199832245,44407.75,44143.75,44407.75,44415.5,59.4490826489,1.74519087321,1.01333663606,0.985092667611,0.907155081429,-2.10258119982,1.37564650883,3.90052578277,-8.23813702155,0.787994647295,0.112581551261,events_2022-03-01.csv,1646137430000000,1646137432000000,buy,12854.448,0,12854.448,2,0,2,8926.7,1,9.46152296935,9.46152296935,9.09691408191,1.09861228867,5.38093911133,0.985546835923,0.821319508401,1.94758913744,0.685962962298
2022-03-01:BTCUSDT:1646137989:-1,2022-03-01,BTCUSDT,-1,1646137989,1646137991000000,1646137991132131,44204,44204.5,35.881,16.138,44076,44368.5,0,lower_first,1646138007999999,1646138007999999,44060.5,stop,1646138007999999,44076,target,0.0001,1646179199832245,44222.25,44222.25,44514.75,44204.25,66.1431745332,4.07034920204,4.07034920204,-0.297085866201,0.648654870072,5.1868545119,1.77235100779,7.94580316097,-21.4605065698,-0.296114161049,0.11311129586,events_2022-03-01.csv,1646137989000000,1646137991000000,sell,14612.814,0,14612.814,1,0,1,14612.814,1,9.58972252475,9.58972252475,9.58972252475,0.69314718056,5.40234855891,1.04987631723,1.06927476348,-0.513455318052,0.697274983395
2022-03-01:BTCUSDT:1646138832:1,2022-03-01,BTCUSDT,1,1646138832,1646138834000000,1646138834132730,44375.5,44376,107.818,15.404,44291.75,44438.75,1,upper_first,1646138879999999,1646138879999999,44438.75,target,1646138879999999,44500,stop,0.0001,1646179199832245,44365.25,44218.25,44365.25,44375.75,33.1340407188,2.3667171942,2.3667171942,1,1,-10.6768583429,-0.319642720474,6.80963981894,3.1331384839,0.766370323202,0.112674151986,events_2022-03-01.csv,1646138832000000,1646138834000000,buy,44.6215,0,44.6215,1,0,1,44.6215,1,3.82037909663,3.82037909663,3.82037909663,0.69314718056,0.853008637356,-1.84513271012,-1.83355501172,-0.513455318052,-1.70644089849
2022-03-01:BTCUSDT:1646138907:1,2022-03-01,BTCUSDT,1,1646138907,1646138909000000,1646138909111695,44574.5,44575,25.854,29.752,44383.75,44698.75,0,lower_first,1646138993999999,1646138993999999,44370.5,stop,1646138993999999,44383.75,target,0.0001,1646179199832245,44541.25,44226.25,44541.25,44549.75,70.720960907,1.90834338955,7.52111806472,0.967863892503,0.956223188485,-5.34097842151,0.141262130045,8.07403698932,-4.32257988784,0.579638943671,0.112171128273,events_2022-03-01.csv,1646138907000000,1646138909000000,buy,2552.5825,0,2552.5825,2,0,2,1388.5365,1,7.84525255416,7.84525255416,7.23672551728,1.09861228867,3.61344765975,0.174515649986,-0.114629411984,1.94758913744,-0.247919171487
2022-03-01:BTCUSDT:1646139255:1,2022-03-01,BTCUSDT,1,1646139255,1646139257000000,1646139257111640,44574.5,44575,65.295,9.565,44460.25,44639.25,1,upper_first,1646139259999999,1646139259999999,44639.25,target,1646139259999999,44685,stop,0.0001,1646179199832245,44549.75,44370.75,44549.75,44562.5,40.1797989888,2.86196892238,5.61170376938,0.851134822033,0.221575890381,-9.19629781212,-1.06677328423,2.09386806031,-3.27861529911,0.858829844337,0.112171128273,events_2022-03-01.csv,1646139255000000,1646139257000000,buy,5335.5435,0,5335.5435,1,0,1,5335.5435,1,8.58233343773,8.58233343773,8.58233343773,0.69314718056,4.89628405459,0.544376768223,0.562409628228,-0.513455318052,0.429887778379
2022-03-01:BTCUSDT:1646139819:1,2022-03-01,BTCUSDT,1,1646139819,1646139821000000,1646139821131502,44771.5,44772,43.855,24.078,44633.625,44854.375,1,upper_first,1646139911999999,1646139911999999,44854.375,target,1646139911999999,44884,stop,0.0001,1646179199832245,44744,44523.25,44744,44744.75,49.3362238512,0.167620239585,6.20194886465,0.700421625956,0.737852386178,-4.96718310488,-0.651830527634,6.53862985435,-4.22659739359,0.251260387598,0.111677564536,events_2022-03-01.csv,1646139819000000,1646139821000000,buy,6435.585,0,6435.585,2,0,2,6255.695,1,8.76975339895,8.76975339895,8.74140736941,1.09861228867,4.87857637428,0.638422561542,0.642447253145,1.94758913744,0.420531644713
2022-03-01:BTCUSDT:1646139903:1,2022-03-01,BTCUSDT,1,1646139903,1646139905000000,1646139905131642,44843.5,44844,134.218,4.295,44693.75,44990.75,0,lower_first,1646140026999999,1646140026999999,44648.5,stop,1646140029999999,44693.75,target,0.0001,1646179199832245,44842.25,44545.25,44842.25,44843.75,66.2321805886,0.334505962569,0.334505962569,0.991394860682,0.80121117203,-11.5534655719,1.38117177723,2.60226709152,3.11542195257,0.924306877561,0.11149825784,events_2022-03-01.csv,1646139903000000,1646139905000000,buy,902.244,0,902.244,2,0,2,721.816,1,6.80599272733,6.80599272733,6.58315469461,1.09861228867,2.68255743198,-0.346976373834,-0.443471830169,1.94758913744,-0.739769783527
2022-03-01:ETHUSDT:1646139999:1,2022-03-01,ETHUSDT,1,1646139999,1646140001000000,1646140001114729,2977.8,2977.85,172.26,9.01,2959.55,2993.2,0,lower_first,1646140971999999,1646140971999999,2957.85,stop,1646140971999999,2959.55,target,0.0001,1646179199671334,2976.375,2942.725,2976.375,2977.9,113.056990467,5.1236823317,4.87169795473,0.985779078452,0.733703157862,-0.789104316233,-1.91363143459,18.1318478001,-4.94542302326,0.828532700779,0.167907785044,events_2022-03-01.csv,1646139999000000,1646140001000000,buy,3995.2535,0,3995.2535,1,0,1,3995.2535,1,8.29311257619,8.29311257619,8.29311257619,0.69314718056,3.59287511811,0.815159330216,0.822685299051,-0.2,0.331154609981
2022-03-01:BTCUSDT:1646140119:-1,2022-03-01,BTCUSDT,-1,1646140119,1646140121000000,1646140121131862,44639,44639.5,39.666,28.08,44534.125,44777.875,0,lower_first,1646140711999999,1646140711999999,44526,stop,1646140225999999,44780.5,stop,0.0001,1646179199832245,44656,44656,44899.75,44639.25,54.5839304909,3.7508957363,3.7508957363,0.924049814511,0.975045159893,12.3907502982,-2.439366633,-2.15060886176,35.9952815054,-0.123852107594,0.112009050331,events_2022-03-01.csv,1646140119000000,1646140121000000,sell,22936.458,0,22936.458,1,0,1,22936.458,1,10.0405265737,10.0405265737,10.0405265737,0.69314718056,6.04312041168,1.27608607708,1.29609561969,-0.513455318052,1.03583695189
2022-03-01:ETHUSDT:1646140221:1,2022-03-01,ETHUSDT,1,1646140221,1646140223000000,1646140223114444,2985.95,2986,102.91,30.99,2972.9375,2998.3625,0,lower_first,1646140446999999,1646140446999999,2972.05,stop,1646140446999999,2972.9375,target,0.0001,1646179199671334,2985.65,2960.225,2985.65,2985.975,85.1573359235,1.08854018388,1.08854018388,0.134994445803,-0.0465075485917,-3.43153665886,2.21006315423,3.91850842144,2.98559988273,-0.754271174119,0.167449493047,events_2022-03-01.csv,1646140221000000,1646140223000000,buy,180.948,0,180.948,1,0,1,180.948,1,5.20372093197,5.20372093197,5.20372093197,0.69314718056,1.13939167376,-1.11908426967,-1.11366798005,-0.2,-1.17850207654
2022-03-01:BTCUSDT:1646140646:-1,2022-03-01,BTCUSDT,-1,1646140646,1646140648000000,1646140648112231,44588,44588.5,32.903,84.825,44531.5,44657,0,lower_first,1646140711999999,1646140711999999,44526,stop,1646140711999999,44531.5,target,0.0001,1646179199832245,44594.25,44594.25,44719.75,44588.25,28.1426417083,1.34546494223,1.34546494223,1,0.990903793854,4.75235628325,2.48764302547,4.03339200425,1.59448539161,0.361916997333,0.112137166182,events_2022-03-01.csv,1646140646000000,1646140648000000,sell,29165.8725,0,29165.8725,1,0,1,29165.8725,1,10.2807888408,10.2807888408,10.2807888408,0.69314718056,6.94443308173,1.39664770437,1.41698293926,-0.513455318052,1.51205979232
2022-03-01:BTCUSDT:1646140711:-1,2022-03-01,BTCUSDT,-1,1646140711,1646140713000000,1646140713111861,44526,44526.5,26.509,47.647,44451.25,44630.25,1,upper_first,1646141334999999,1646141334999999,44630.25,target,1646141334999999,44657,stop,0.0001,1646179199832245,44540.75,44540.75,44719.75,44526.25,40.1879178056,3.25544585576,3.25544585576,0.989737627656,0.90811898874,11.0643565523,-0.926602326512,3.15319952195,8.02949244648,0.272434315576,0.112293310126,events_2022-03-01.csv,1646140711000000,1646140713000000,sell,576.511,0,576.511,1,0,1,576.511,1,6.35872748983,6.35872748983,6.35872748983,0.69314718056,2.73081452883,-0.571410387217,-0.556391780335,-0.513455318052,-0.714272381241
2022-03-01:ETHUSDT:1646142687:1,2022-03-01,ETHUSDT,1,1646142687,1646142689000000,1646142689112193,3020.45,3020.5,93.37,30.72,3009.25,3031.6,1,upper_first,1646143319999999,1646143319999999,3031.6,target,1646143319999999,3034,stop,0.0001,1646179199671334,3020.425,2998.075,3020.425,3020.475,73.9962091428,0.165539617768,0.165539617769,1,0.98662620633,-3.12766844729,0.198586067202,4.2050891512,-0.329612719491,0.618099155661,0.165536877478,events_2022-03-01.csv,1646142687000000,1646142689000000,buy,183.027,0,183.027,1,0,1,183.027,1,5.21508248597,5.21508248597,5.21508248597,0.69314718056,1.24515252467,-1.11197089083,-1.10654684265,-0.2,-1.11342620406
2022-03-01:ETHUSDT:1646142750:1,2022-03-01,ETHUSDT,1,1646142750,1646142752000000,1646142752432379,3020.95,3021,145.76,41.23,3011.125,3030.125,1,upper_first,1646143016999999,1646143031999999,3030.125,target,1646143016999999,3030.3,stop,0.0001,1646179199671334,3020.625,3001.625,3020.625,3020.975,62.9008897165,1.15870060004,1.15870060004,1,-0.236431283012,-4.58251167961,0.198524302684,1.22435878345,1.79040709983,0.48552792499,0.165509479556,events_2022-03-01.csv,1646142750000000,1646142752000000,buy,12204.2,0,12204.2,1,0,1,12204.2,1,9.40961736942,9.40961736942,9.40961736942,0.69314718056,5.27311592494,1.51419412387,1.52248252985,-0.2,1.36502617526
2022-03-01:ETHUSDT:1646142869:1,2022-03-01,ETHUSDT,1,1646142869,1646142871000000,1646142871171554,3025.65,3025.7,43.25,37.59,3014.75,3030.3,1,upper_first,1646143031999999,1646143031999999,3030.3,target,1646143016999999,3030.3,stop,0.0001,1646179199671334,3022.525,3006.975,3022.525,3025.4,51.44705172,9.51191470708,10.4217500269,0.994627408156,0.881893480044,-2.42862004817,0.165214977728,11.4788914103,11.0293437042,0.248448489863,0.165252381699,events_2022-03-01.csv,1646142869000000,1646142871000000,buy,2959.5185,0,2959.5185,1,0,1,2959.5185,1,7.9931197009,7.9931197009,7.9931197009,0.69314718056,4.06946293076,0.627336170877,0.634657281018,-0.2,0.624404592872
2022-03-01:ETHUSDT:1646143008:1,2022-03-01,ETHUSDT,1,1646143008,1646143010000000,1646143010192296,3025.95,3026,94.31,39.28,3020.625,3030.725,1,upper_first,1646143031999999,1646143031999999,3030.725,target,1646143031999999,3030.95,stop,0.0001,1646179199671334,3025.675,3015.575,3025.675,3025.975,33.3809811034,0.991514290199,0.991514290198,1,0.606425990959,-6.65457944049,0.330262988417,2.11406015162,-0.385088465704,0.802733441652,0.165235998315,events_2022-03-01.csv,1646143008000000,1646143010000000,buy,1925.973,0,1925.973,1,0,1,1925.973,1,7.5637056569,7.5637056569,7.5637056569,0.69314718056,4.07238378666,0.358483444531,0.365511317043,-0.2,0.626201829228
2022-03-01:ETHUSDT:1646143319:1,2022-03-01,ETHUSDT,1,1646143319,1646143321000000,1646143321151152,3033.65,3033.7,2.01,173.96,3021.0625,3040.7875,0,lower_first,1646143791999999,1646143791999999,3020.6,stop,1646143791999999,3021.0625,target,0.0001,1646179199671334,3030.925,3011.2,3030.925,3033.975,65.079142506,10.0629345827,9.07313773848,1,0.799550287848,0.313161347321,0.131859148058,5.80509396996,19.0893765692,-0.976433158546,0.164816600327,events_2022-03-01.csv,1646143319000000,1646143321000000,buy,4401.648,0,4401.648,1,0,1,4401.648,1,8.38996145707,8.38996145707,8.38996145707,0.69314718056,4.22880713028,0.875795646215,0.883387751071,-0.2,0.72245091832
2022-03-01:BTCUSDT:1646145122:-1,2022-03-01,BTCUSDT,-1,1646145122,1646145124000000,1646145124111373,44381,44381.5,45.678,23.811,44332.875,44472.125,0,lower_first,1646145131999999,1646145131999999,44302.5,stop,1646145131999999,44332.875,target,0.0001,1646179199832245,44402.5,44402.5,44541.75,44381,31.3608467992,4.84206970328,4.7857665672,0.97476312621,0.944028064357,4.3040191566,0.137384385972,5.87487726909,9.6253272674,-0.268920871305,0.112660188706,events_2022-03-01.csv,1646145122000000,1646145124000000,sell,883.6,0,883.6,1,0,1,883.6,1,6.78513556543,6.78513556543,6.78513556543,0.69314718056,3.37332107633,-0.357442325933,-0.341845693131,-0.513455318052,-0.374793859283
2022-03-01:BTCUSDT:1646145182:-1,2022-03-01,BTCUSDT,-1,1646145182,1646145184000000,1646145184112940,44150,44150.5,49.531,23.632,43977.25,44340.25,0,lower_first,1646145214999999,1646145214999999,43960,stop,1646145214999999,43977.25,target,0.0001,1646179199832245,44158.75,44158.75,44521.75,44150.25,82.2034138195,1.92487332635,1.92487332635,0.951171572755,0.882447680076,5.9217125158,-0.328240251946,0.00226365105993,-1.73667356185,0.029161928968,0.113249641848,events_2022-03-01.csv,1646145182000000,1646145184000000,sell,3603.49,0,3603.49,1,0,1,3603.49,1,8.18993556953,8.18993556953,8.18993556953,0.69314718056,3.80301712707,0.347474748972,0.364975686268,-0.513455318052,-0.147757137616
2022-03-01:ETHUSDT:1646145182:-1,2022-03-01,ETHUSDT,-1,1646145182,1646145184000000,1646145184111208,2987.5,2987.55,58.4,28.78,2969.075,3004.575,1,upper_first,1646145517999999,1646145517999999,3004.575,target,1646145517999999,3006.6,stop,0.0001,1646179199671334,2986.825,2986.825,3022.325,2985.725,118.85530622,3.68284047442,-2.34362575645,0.785593073539,0.873526717573,5.87097896483,-1.6394594468,-3.14555907293,11.0872447232,-0.130478387323,0.167362616213,events_2022-03-01.csv,1646145182000000,1646145184000000,sell,1182.68,0,1182.68,1,0,1,1182.68,1,7.07638350864,7.07638350864,7.07638350864,0.69314718056,2.39339301223,0.0533749135015,0.0600700041826,-0.2,-0.406900576687
2022-03-01:ETHUSDT:1646145519:1,2022-03-01,ETHUSDT,1,1646145519,1646145521000000,1646145521152905,3007.65,3007.7,4.37,187.25,2987.875,3025.275,0,lower_first,1646145948999999,1646145948999999,2987.45,stop,1646145948999999,2987.875,target,0.0001,1646179199671334,3006.575,2969.175,3006.575,3008.625,124.394036404,6.81838969592,4.82276344346,-0.622105523678,0.818038765955,3.67485666396,3.29348986836,4.52494709805,-0.109992353087,-0.989552726086,0.166222022756,events_2022-03-01.csv,1646145519000000,1646145521000000,buy,212.5165,0,212.5165,1,0,1,212.5165,1,5.36371411305,5.36371411305,5.36371411305,0.69314718056,0.996363184218,-1.01891380823,-1.01338826271,-0.2,-1.26650915729
2022-03-01:BTCUSDT:1646146236:-1,2022-03-01,BTCUSDT,-1,1646146236,1646146238000000,1646146238112454,43955.5,43956,50.514,39.855,43879,44044.5,0,lower_first,1646146301999999,1646146301999999,43871.5,stop,1646146308999999,43879,target,0.0001,1646179199832245,43961.75,43961.75,44127.25,43961.25,37.6463630315,0.113735235745,1.36482282894,0.869136067331,0.892925241394,-0.161528689315,1.31253268536,3.96384374132,0.290855430386,-0.127650068137,0.113750760708,events_2022-03-01.csv,1646146236000000,1646146238000000,sell,43.7445,0,43.7445,1,0,1,43.7445,1,3.80096853214,3.80096853214,3.80096853214,0.69314718056,0.771026668787,-1.85487277155,-1.84332138553,-0.513455318052,-1.74975737149
2022-03-01:BTCUSDT:1646146296:-1,2022-03-01,BTCUSDT,-1,1646146296,1646146298000000,1646146298191915,43916,43916.5,15.347,100.348,43816.75,44023.75,0,lower_first,1646146326999999,1646146326999999,43806,stop,1646146326999999,43816.75,target,0.0001,1646179199832245,43920.25,43920.25,44127.25,43916.25,47.1308792641,0.910741628292,0.910741628292,0.999513258027,0.803811698208,0.660304218092,-0.799259671498,1.01995213055,10.9210342534,0.699171986386,0.11385307261,events_2022-03-01.csv,1646146296000000,1646146298000000,sell,8128.293,0,8128.293,1,0,1,8128.293,1,9.00322923689,9.00322923689,9.00322923689,0.69314718056,5.15595944819,0.755578814577,0.774182228226,-0.513455318052,0.56709139
2022-03-01:BTCUSDT:1646146372:-1,2022-03-01,BTCUSDT,-1,1646146372,1646146374000000,1646146374131199,43725,43725.5,52.213,1.96,43514.625,43916.375,1,upper_first,1646146614999999,1646146614999999,43916.375,target,1646146444999999,43926.5,stop,0.0001,1646179199832245,43715.5,43715.5,44117.25,43708.75,91.9010419645,1.54407475609,-2.23033020325,0.449071712601,0.705335613219,8.63742357994,-1.20435725944,1.78886053924,2.42921222786,-0.792771335686,0.114350403943,events_2022-03-01.csv,1646146372000000,1646146374000000,sell,3612.658,0,3612.658,1,0,1,3612.658,1,8.19247583469,8.19247583469,8.19247583469,0.69314718056,3.69660714631,0.348749433111,0.366253813914,-0.513455318052,-0.203980538187
2022-03-01:BTCUSDT:1646146614:1,2022-03-01,BTCUSDT,1,1646146614,1646146616000000,1646146616111384,43944,43944.5,74.599,20.251,43810.375,44013.625,0,lower_first,1646146777999999,1646146777999999,43775.5,stop,1646146777999999,43810.375,target,0.0001,1646179199832245,43912,43708.75,43912,43930.75,46.2857533248,4.26990344325,7.34423392239,0.998728109906,0.948058072854,-6.50855857259,-0.413874435499,7.73119035752,2.15029395935,0.871854695065,0.113780528738,events_2022-03-01.csv,1646146614000000,1646146616000000,buy,132.555,0,132.555,1,0,1,132.555,1,4.89451337802,4.89451337802,4.89451337802,0.69314718056,1.35166155347,-1.30614097216,-1.29310720974,-0.513455318052,-1.44296972362
2022-03-01:BTCUSDT:1646146881:-1,2022-03-01,BTCUSDT,-1,1646146881,1646146883000000,1646146883110962,43763,43763.5,46.523,8.068,43672.75,43853.75,0,lower_first,1646146960999999,1646146960999999,43666,stop,1646146960999999,43672.75,target,0.0001,1646179199832245,43763.25,43763.25,43944.25,43762.25,41.3589027323,0.22850222504,-0,0.996963114337,0.379787647927,4.73004269143,-0.475082385683,6.5392132539,-10.5697064258,-0.168218497827,0.11425111252,events_2022-03-01.csv,1646146881000000,1646146883000000,sell,87.142,0,87.142,1,0,1,87.142,1,4.47894915033,4.47894915033,4.47894915033,0.69314718056,1.1336482293,-1.51466767985,-1.50219724376,-0.513455318052,-1.55816052027
2022-03-01:ETHUSDT:1646146945:-1,2022-03-01,ETHUSDT,-1,1646146945,1646146947000000,1646146947111704,2963,2963.05,34.29,82.37,2955.275,2975.075,0,lower_first,1646146974999999,1646146974999999,2953.45,stop,1646146974999999,2955.275,target,0.0001,1646179199671334,2965.175,2965.175,2984.975,2963.025,66.7751481784,7.25083679715,7.25083679715,1,0.90238779736,3.39065394075,1.8215120574,9.505030588,1.93067712937,0.479798956118,0.168746466871,events_2022-03-01.csv,1646146945000000,1646146947000000,sell,264.0735,0,264.0735,1,0,1,264.0735,1,5.58000714602,5.58000714602,5.58000714602,0.69314718056,1.60033003648,-0.883494456178,-0.877821208783,-0.2,-0.894881380846
2022-03-01:BTCUSDT:1646147805:1,2022-03-01,BTCUSDT,1,1646147805,1646147807000000,1646147807111589,43860.5,43861,18.394,24.046,43720.25,43939.25,1,upper_first,1646147877999999,1646147877999999,43939.25,target,1646147877999999,43942,stop,0.0001,1646179199832245,43829.75,43610.75,43829.75,43835.75,49.9660618644,1.36893320176,7.18689930926,0.806248151813,0.805118518505,-5.36176779284,-0.519515319549,3.05894323768,0.180719168705,0.415428167021,0.113995839152,events_2022-03-01.csv,1646147805000000,1646147807000000,buy,44.0985,0,44.0985,1,0,1,44.0985,1,3.80884898653,3.80884898653,3.80884898653,0.69314718056,0.632637362604,-1.85091842442,-1.83935635589,-0.513455318052,-1.82287755571
2022-03-01:BTCUSDT:1646148922:-1,2022-03-01,BTCUSDT,-1,1646148922,1646148924000000,1646148924111839,43770,43770.5,0.509,42.593,43712.5,43844,0,lower_first,1646149022999999,1646149022999999,43707.5,stop,1646149022999999,43712.5,target,0.0001,1646179199832245,43778.25,43778.25,43909.75,43771.5,30.0377470548,1.54186154083,1.59896752383,0.995652124357,0.840219382982,4.44386492021,-0.182690487374,5.47076915773,1.50691325764,0.991192301419,0.114230231031,events_2022-03-01.csv,1646148922000000,1646148924000000,sell,14160.7375,0,14160.7375,1,0,1,14160.7375,1,9.55829906452,9.55829906452,9.55829906452,0.69314718056,6.15789257609,1.03410828363,1.05346413318,-0.513455318052,1.09647864478
2022-03-01:ETHUSDT:1646149455:-1,2022-03-01,ETHUSDT,-1,1646149455,1646149457000000,1646149457251265,2936.75,2936.8,92.34,28.61,2927.2375,2950.8625,0,lower_first,1646149547999999,1646149547999999,2926.2,stop,1646149547999999,2927.2375,target,0.0001,1646179199671334,2939.05,2939.05,2962.675,2939.025,80.3831169936,0.0850614994644,7.74059645123,0.961736988516,0.977725034168,6.38048083304,1.19088125213,4.31984543797,-13.3493325334,-0.404082482816,0.170254786288,events_2022-03-01.csv,1646149455000000,1646149457000000,sell,145.44,0,145.44,1,0,1,145.44,1,4.98661578825,4.98661578825,4.98661578825,0.69314718056,1.03294785817,-1.25501207782,-1.24974404464,-0.2,-1.24399818507
2022-03-01:BTCUSDT:1646149504:-1,2022-03-01,BTCUSDT,-1,1646149504,1646149506000000,1646149506111972,43500,43500.5,40.136,44.917,43418.125,43629.875,0,lower_first,1646149584999999,1646149584999999,43410,stop,1646149584999999,43418.125,target,0.0001,1646179199832245,43524,43524,43735.75,43521.25,48.6513188126,0.631835309255,5.45675948902,0.801868205142,0.724406586049,6.0445851912,-0.415855346669,4.95084518,-0.0775729450986,0.278844600221,0.11494186815,events_2022-03-01.csv,1646149504000000,1646149506000000,sell,3075.492,0,3075.492,2,0,2,1819.125,1,8.03154526582,8.03154526582,7.50666045903,1.09861228867,4.16223647017,0.267995798758,0.0211876347986,1.94758913744,0.0420420980922
2022-03-01:ETHUSDT:1646149545:-1,2022-03-01,ETHUSDT,-1,1646149545,1646149547000000,1646149547151170,2927.55,2927.6,6.43,160.27,2915.25,2942.4,1,upper_first,1646149922999999,1646149922999999,2942.4,target,1646149922999999,2943.65,stop,0.0001,1646179199671334,2928.825,2928.825,2955.975,2928.325,92.6992906712,1.7071692573,4.26792314324,1,0.720762341443,6.29817506537,-2.90244044022,4.53808752026,-1.07792951902,0.831397654524,0.17078981751,events_2022-03-01.csv,1646149545000000,1646149547000000,sell,348,0,348,1,0,1,348,1,5.8550719222,5.8550719222,5.8550719222,0.69314718056,1.55900194163,-0.711278581937,-0.705417498713,-0.2,-0.920311034704
2022-03-01:BTCUSDT:1646149579:-1,2022-03-01,BTCUSDT,-1,1646149579,1646149581000000,1646149581131695,43428.5,43429,49.419,32.815,43320.125,43548.375,1,upper_first,1646150030999999,1646150030999999,43548.375,target,1646150030999999,43567.5,stop,0.0001,1646179199832245,43434.25,43434.25,43662.5,43428.75,52.5506944404,1.26628179375,1.26628179375,1,0.935508198523,9.78806706954,-0.121921005771,2.9482027002,1.85049330483,-0.375811139451,0.115131105546,events_2022-03-01.csv,1646149579000000,1646149581000000,sell,2076.216,0,2076.216,1,0,1,2076.216,1,7.63878381462,7.63878381462,7.63878381462,0.69314718056,3.70151976223,0.0709113365505,0.0876651491592,-0.513455318052,-0.201384879674
2022-03-01:BTCUSDT:1646149677:-1,2022-03-01,BTCUSDT,-1,1646149677,1646149679000000,1646149679131822,43341,43341.5,18.29,27.458,43262.75,43492.75,1,upper_first,1646150004999999,1646150004999999,43492.75,target,1646150004999999,43494.5,stop,0.0001,1646179199832245,43377.75,43377.75,43607.75,43366.25,53.0225749376,2.65112874688,8.41445210966,0.936420195926,0.94464179619,4.88210759455,2.15808528034,17.1834834126,-0.397721445196,0.319638860438,0.115363539353,events_2022-03-01.csv,1646149677000000,1646149679000000,sell,1984.624,0,1984.624,1,0,1,1984.624,1,7.5936885014,7.5936885014,7.5936885014,0.69314718056,3.64883301606,0.0482828796958,0.0649755624587,-0.513455318052,-0.22922275741
2022-03-01:BTCUSDT:1646150330:1,2022-03-01,BTCUSDT,1,1646150330,1646150332000000,1646150332111825,43650,43650.5,5.542,61.766,43578.25,43657.25,0,lower_first,1646150488999999,1646150488999999,43505,stop,1646150488999999,43578.25,target,0.0001,1646179199832245,43617.75,43538.75,43617.75,43650.25,18.1118925208,7.45109502439,7.45109502439,0.154510278755,0.786020046622,-5.17255117826,3.07379255153,8.47926841789,17.5651087323,-0.845022453962,0.114546881175,events_2022-03-01.csv,1646150330000000,1646150332000000,buy,965.052,0,965.052,1,0,1,965.052,1,6.87321766299,6.87321766299,6.87321766299,0.69314718056,3.99420706527,-0.313243454649,-0.297527420413,-0.513455318052,-0.046738902263
2022-03-01:BTCUSDT:1646151509:1,2022-03-01,BTCUSDT,1,1646151509,1646151511000000,1646151511111492,43875,43875.5,56.519,32.559,43712.875,44026.125,1,upper_first,1646151515999999,1646151515999999,44026.125,target,1646151515999999,44064.5,stop,8.3e-05,1646179199832245,43869.5,43556.25,43869.5,43875.5,71.4049624454,1.36769281619,1.31070561552,0.956161884485,0.977187769587,-4.1942275946,1.7089670183,5.59619285643,-15.5307643327,0.309762267218,0.113959464618,events_2022-03-01.csv,1646151509000000,1646151511000000,buy,661.6275,0,661.6275,1,0,1,661.6275,1,6.49621299217,6.49621299217,6.49621299217,0.69314718056,2.32882261904,-0.502421294201,-0.48721631612,-0.513455318052,-0.926671180762
2022-03-01:BTCUSDT:1646152151:-1,2022-03-01,BTCUSDT,-1,1646152151,1646152153000000,1646152153131792,43644,43644.5,19.851,80.261,43523.25,43775.25,0,lower_first,1646152210999999,1646152210999999,43500,stop,1646152210999999,43523.25,target,8.3e-05,1646179199832245,43649.25,43649.25,43901.25,43644,57.732950738,1.20276980704,1.14549505433,1,-0.216546927698,2.14644283796,-0.565849926062,5.66642024416,22.2415398075,0.598305152656,0.114562628525,events_2022-03-01.csv,1646152151000000,1646152153000000,sell,10598.75,0,10598.75,1,0,1,10598.75,1,9.26858569492,9.26858569492,9.26858569492,0.69314718056,5.21809563321,0.888732500264,0.90769562312,-0.513455318052,0.599922028586
2022-03-01:BTCUSDT:1646152308:-1,2022-03-01,BTCUSDT,-1,1646152308,1646152310000000,1646152310152111,43504.5,43505,109.445,5.123,43356.375,43675.625,0,lower_first,1646152419999999,1646152419999999,43354,stop,1646152419999999,43356.375,target,8.3e-05,1646179199832245,43516,43516,43835.25,43502.75,73.3638202041,3.04485706407,2.58525599779,-0.811110369715,0.855610316888,8.05010588014,-1.08877764266,-2.12264671072,2.67220269712,-0.908681740804,0.11492997891,events_2022-03-01.csv,1646152308000000,1646152310000000,sell,11347.482,0,11347.482,1,0,1,11347.482,1,9.33683926947,9.33683926947,9.33683926947,0.69314718056,5.04776464394,0.922981581974,0.942037227317,-0.513455318052,0.509924949636
2022-03-01:BTCUSDT:1646152474:-1,2022-03-01,BTCUSDT,-1,1646152474,1646152476000000,1646152476111607,43340,43340.5,57.735,29.721,43221.25,43487.25,1,upper_first,1646152690999999,1646152690999999,43487.25,target,1646152690999999,43500,stop,8.3e-05,1646179199832245,43354.25,43354.25,43620.25,43340.25,61.3549997982,3.22921051569,3.22921051569,0.979213343147,0.55727478419,4.42348988444,-1.96535666725,2.02221904529,-7.77211220176,-0.303051709522,0.115366201164,events_2022-03-01.csv,1646152474000000,1646152476000000,sell,12555.0735,0,12555.0735,2,0,2,12209.8935,1,9.43795977172,9.43795977172,9.41008374215,1.09861228867,5.32607842872,0.973723017374,0.978889988607,1.94758913744,0.656976450768
2022-03-01:BTCUSDT:1646153435:-1,2022-03-01,BTCUSDT,-1,1646153435,1646153437000000,1646153437117213,43257,43257.5,27.116,12.603,43245.25,43355.25,1,upper_first,1646153531999999,1646153531999999,43355.25,target,1646153531999999,43358,stop,8.3e-05,1646179199832245,43300.25,43300.25,43410.25,43273,25.4040103695,6.29326620516,9.93065859897,0.989627611638,0.580988832429,6.25861454743,0.854739553928,7.56052634191,19.9437549118,-0.383163209307,0.115587560467,events_2022-03-01.csv,1646153435000000,1646153437000000,sell,52630.418,0,52630.418,2,0,2,52414.973,1,10.8710685208,10.8710685208,10.8669666521,1.09861228867,7.63662504082,1.69284518741,1.71191674333,1.94758913744,1.8777903893
2022-03-01:ETHUSDT:1646153750:-1,2022-03-01,ETHUSDT,-1,1646153750,1646153752000000,1646153752171068,2899.55,2899.6,31.24,44.76,2893.275,2906.775,1,upper_first,1646153876999999,1646153876999999,2906.775,target,1646153876999999,2906.85,stop,0.0001,1646179199671334,2900.025,2900.025,2913.525,2898.075,46.5513228334,6.72407996483,1.55171076112,-0.945932338738,0.912823545439,2.91337116693,-1.44827586207,5.89222398721,-0.0987434212196,0.472136684216,0.172439064345,events_2022-03-01.csv,1646153750000000,1646153752000000,sell,1033.65,0,1033.65,1,0,1,1033.65,1,6.94181848426,6.94181848426,6.94181848426,0.69314718056,3.14434729198,-0.0308751807439,-0.0242719816284,-0.2,0.0551702607242
2022-03-01:BTCUSDT:1646153764:-1,2022-03-01,BTCUSDT,-1,1646153764,1646153766000000,1646153766117197,43215.5,43216,91.542,13.611,43174.75,43339.75,1,upper_first,1646153879999999,1646153879999999,43339.75,target,1646153879999999,43368.5,stop,8.3e-05,1646179199832245,43257.25,43257.25,43422.25,43250.25,38.143894954,1.61822584653,9.59376751874,0.929612122916,0.825309358308,6.6505551803,-0.862611636516,4.50258979812,3.81722867566,-0.714369655317,0.115698558974,events_2022-03-01.csv,1646153764000000,1646153766000000,sell,15061.553,0,15061.553,2,0,2,15018.517,1,9.6199670089,9.6199670089,9.61710576768,1.09861228867,5.98106423191,1.06505275034,1.0830525692,1.94758913744,1.00304858534
2022-03-01:BTCUSDT:1646154013:1,2022-03-01,BTCUSDT,1,1646154013,1646154015000000,1646154015136911,43418,43418.5,61.98,41.825,43304.25,43495.25,0,lower_first,1646154268999999,1646154268999999,43278.5,stop,1646154268999999,43304.25,target,8.3e-05,1646179199832245,43399.75,43208.75,43399.75,43402.75,44.0094701006,0.691248221476,4.26269736577,0.94885816826,0.762709514953,-2.31185708671,0.345408905424,4.51061549629,-1.23079605595,0.476701766023,0.115158948138,events_2022-03-01.csv,1646154013000000,1646154015000000,buy,392.7735,0,392.7735,1,0,1,392.7735,1,5.9757758709,5.9757758709,5.9757758709,0.69314718056,2.29503159549,-0.763572356367,-0.749072867144,-0.513455318052,-0.944525203847
2022-03-01:BTCUSDT:1646156851:1,2022-03-01,BTCUSDT,1,1646156851,1646156853000000,1646156853132233,43574.5,43575,88.618,27.376,43529.5,43582,1,upper_first,1646156908999999,1646156908999999,43582,target,1646156908999999,43593,stop,8.3e-05,1646179199832245,43555.75,43503.25,43555.75,43574.75,12.0535176182,4.36222542374,4.36222542374,1,0.940013074458,-7.99594217973,0.538900967662,5.28373520388,-0.295068396801,0.553420863499,0.114745351379,events_2022-03-01.csv,1646156851000000,1646156853000000,buy,306.698,0,306.698,1,0,1,306.698,1,5.72911878247,5.72911878247,5.72911878247,0.69314718056,3.27505532175,-0.887342852362,-0.873177724044,-0.513455318052,-0.426714128817
2022-03-01:BTCUSDT:1646156933:1,2022-03-01,BTCUSDT,1,1646156933,1646156935000000,1646156935112064,43644.5,43645,119.276,15.03,43569,43660.5,1,upper_first,1646156956999999,1646156956999999,43660.5,target,1646156956999999,43671,stop,8.3e-05,1646179199832245,43614.75,43523.25,43614.75,43631.25,20.9791412309,3.78312382852,6.87840696095,0.926507053807,0.855163820863,-7.1663989761,0.226673987398,6.2567670911,0.0288725586639,0.866828193446,0.11456131608,events_2022-03-01.csv,1646156933000000,1646156935000000,buy,3466.4015,0,3466.4015,1,0,1,3466.4015,1,8.15116074515,8.15116074515,8.15116074515,0.69314718056,5.11337753143,0.328017861371,0.345466236685,-0.513455318052,0.5445925591
2022-03-01:BTCUSDT:1646156993:1,2022-03-01,BTCUSDT,1,1646156993,1646156995000000,1646156995112120,43698.5,43699,2.209,0.505,43612,43781.5,1,upper_first,1646157042999999,1646157042999999,43781.5,target,1646157042999999,43785,stop,8.3e-05,1646179199832245,43696.75,43527.25,43696.75,43697.75,38.7900701997,0.22884997168,0.22884997168,0.946351190038,0.862026305463,-8.49207577749,1.40182342239,2.77429878626,1.08331826492,0.783211098348,0.114422367284,events_2022-03-01.csv,1646156993000000,1646156995000000,buy,87.89,0,87.89,1,0,1,87.89,1,4.48739965025,4.48739965025,4.48739965025,0.69314718056,1.18350048463,-1.51042728857,-1.49794539723,-0.513455318052,-1.5318202907
2022-03-01:ETHUSDT:1646162405:1,2022-03-01,ETHUSDT,1,1646162405,1646162407000000,1646162407130967,2958.95,2959,175.29,32.58,2950.425,2967.325,1,upper_first,1646162744999999,1646162744999999,2967.325,target,1646162744999999,2967.7,stop,0.0001,1646179199671334,2958.875,2941.975,2958.875,2958.975,57.1163026488,0.337966287862,0.337966287862,-1,0.890710128153,-9.8416889216,0.540224801044,7.53464925025,0.0161583458236,0.732749915853,0.168977433064,events_2022-03-01.csv,1646162405000000,1646162407000000,buy,538.272,0,538.272,1,0,1,538.272,1,6.29022008184,6.29022008184,6.29022008184,0.69314718056,2.34412421578,-0.438835771277,-0.432677534719,-0.2,-0.437216235901
2022-03-01:BTCUSDT:1646162632:1,2022-03-01,BTCUSDT,1,1646162632,1646162634000000,1646162634132213,43959.5,43960,122.516,26.449,43884.5,44033,0,lower_first,1646163019999999,1646163019999999,43878.5,stop,1646163019999999,43884.5,target,8.3e-05,1646179199832245,43958.75,43810.25,43958.75,43959.75,33.7816703159,0.227485995393,0.227485995394,-0.0366868270949,0.325810157362,-9.1227500796,0.131820249001,2.496083672,-0.690211067856,0.720921051633,0.113740410262,events_2022-03-01.csv,1646162632000000,1646162634000000,buy,8664.866,0,8664.866,1,0,1,8664.866,1,9.06714713945,9.06714713945,9.06714713945,0.69314718056,5.55100449532,0.787652291781,0.80634235061,-0.513455318052,0.775819704486
2022-03-01:BTCUSDT:1646162765:1,2022-03-01,BTCUSDT,1,1646162765,1646162767000000,1646162767111699,43984.5,43985,102.212,13.101,43892.5,44057,0,lower_first,1646163013999999,1646163013999999,43885.5,stop,1646163013999999,43892.5,target,8.3e-05,1646179199832245,43974.75,43810.25,43974.75,43984.75,37.4078306301,2.27403225715,2.27403225715,1,0.989761749981,-12.7177641803,0.213443197543,6.75285110281,119.145224288,0.761698180132,0.113675762622,events_2022-03-01.csv,1646162765000000,1646162767000000,buy,4248.64,0,4248.64,2,0,2,3540.68,1,8.35458955245,8.35458955245,8.17235646982,1.09861228867,4.74124027807,0.430096761836,0.356130809084,1.94758913744,0.347967940679
2022-03-01:BTCUSDT:1646162918:1,2022-03-01,BTCUSDT,1,1646162918,1646162920000000,1646162920131915,43994.5,43995,125.389,23.079,43960,44009.5,0,lower_first,1646162952999999,1646162952999999,43956.5,stop,1646162952999999,43960,target,8.3e-05,1646179199832245,43984.75,43935.25,43984.75,43994.75,11.2539004996,2.27351525245,2.27351525244,0.977676679103,0.997617008216,-16.0171272971,0.481126999146,5.1722709062,95.7357461351,0.685547714023,0.113649924139,events_2022-03-01.csv,1646162918000000,1646162920000000,buy,88782.325,0,88782.325,2,0,2,88561,1,11.3939541298,11.3939541298,11.3914581507,1.09861228867,8.97335483705,1.95522488057,1.97581324349,1.94758913744,2.58407277232
2022-03-01:BTCUSDT:1646164245:-1,2022-03-01,BTCUSDT,-1,1646164245,1646164247000000,1646164247111835,43706.5,43707,0.747,109.637,43662,43764.5,0,lower_first,1646164320999999,1646164320999999,43654.5,stop,1646164320999999,43662,target,8.3e-05,1646179199832245,43713.25,43713.25,43815.75,43706.75,23.4482679737,1.48696333492,1.48696333492,1,0.999757076178,7.24534299806,-0.445851964801,3.11299627949,-0.0198433161036,0.986245138989,0.114398805676,events_2022-03-01.csv,1646164245000000,1646164247000000,sell,522.234,0,522.234,1,0,1,522.234,1,6.26002878274,6.26002878274,6.26002878274,0.69314718056,3.14724024781,-0.620936585749,-0.606051771855,-0.513455318052,-0.494247249774
2022-03-01:BTCUSDT:1646165243:1,2022-03-01,BTCUSDT,1,1646165243,1646165245000000,1646165245111397,43949,43949.5,64.04,46.154,43827.25,44022.25,0,lower_first,1646165338999999,1646165338999999,43825,stop,1646165338999999,43827.25,target,8.3e-05,1646179199832245,43924.75,43729.75,43924.75,43929.75,44.3941058287,1.13831040586,5.57772098874,0.745866495388,0.760860487333,-7.88015435645,0.418352296743,6.57945775895,-0.861801974065,0.187931599708,0.113767584202,events_2022-03-01.csv,1646165243000000,1646165245000000,buy,36729.369,0,36729.369,1,0,1,36729.369,1,10.511359185,10.511359185,10.511359185,0.69314718056,6.71943320178,1.51234600459,1.53299379369,-0.513455318052,1.39317753815
2022-03-01:BTCUSDT:1646165631:1,2022-03-01,BTCUSDT,1,1646165631,1646165633000000,1646165633251913,43864.5,43865,82.731,63.642,43771.75,43938.75,0,lower_first,1646166054999999,1646166054999999,43764.5,stop,1646166054999999,43771.75,target,8.3e-05,1646179199832245,43855.25,43688.25,43855.25,43864.75,38.0798194059,2.16621727159,2.16621727159,0.946309320409,0.991542398832,-11.8815226838,3.59216020716,11.0284018961,1.1029288053,0.20551677911,0.113986743342,events_2022-03-01.csv,1646165631000000,1646165633000000,buy,17034.952,0,17034.952,1,0,1,17034.952,1,9.74308121348,9.74308121348,9.74308121348,0.69314718056,6.10557094358,1.12683044447,1.14643677913,-0.513455318052,1.06883368063
2022-03-01:BTCUSDT:1646167294:1,2022-03-01,BTCUSDT,1,1646167294,1646167296000000,1646167296132444,43972.5,43973,82.112,14.734,43913.25,44011.25,1,upper_first,1646167313999999,1646167313999999,44011.25,target,1646167313999999,44057,stop,8.3e-05,1646179199832245,43962.25,43864.25,43962.25,43972.75,22.2918526691,2.38841278597,2.38841278597,1,1,-10.2004536816,-0.31350077455,7.686914103,-0.956427549248,0.835807547845,0.113706784315,events_2022-03-01.csv,1646167294000000,1646167296000000,buy,44.225,0,44.225,1,0,1,44.225,1,3.81165003128,3.81165003128,3.81165003128,0.69314718056,1.0932340786,-1.84951288323,-1.83794701769,-0.513455318052,-1.57951397759
2022-03-01:ETHUSDT:1646167309:1,2022-03-01,ETHUSDT,1,1646167309,1646167311000000,1646167311131217,2970.1,2970.15,81.04,49.32,2964.3,2973.75,0,lower_first,1646167484999999,1646167484999999,2963.75,stop,1646167318999999,2974.1,stop,0.0001,1646179199671334,2969.025,2959.575,2969.025,2969.175,31.8286306111,0.505216358906,3.70491996531,1,0.999807931081,-9.16628824192,-1.34532918524,7.40578661236,-0.0172931245135,0.224021380286,0.168343083204,events_2022-03-01.csv,1646167309000000,1646167311000000,buy,112706.325,0,112706.325,1,0,1,112706.325,1,11.6325496935,11.6325496935,11.6325496935,0.69314718056,8.17245696586,2.90595441713,2.91576081587,-0.2,3.14902418796
2022-03-01:BTCUSDT:1646169679:1,2022-03-01,BTCUSDT,1,1646169679,1646169681000000,1646169681111529,44002.5,44003,7.208,42.955,43807.25,44017.25,1,upper_first,1646169746999999,1646169746999999,44017.25,target,1646169746999999,44027,stop,8.3e-05,1646179199832245,43912.25,43702.25,43912.25,44020.25,47.8226463003,24.5945038116,20.6092832866,0.578374287477,0.770020058561,-12.4564122037,0.996521481735,34.0643608486,37.7753813637,-0.660767057448,0.113629261808,events_2022-03-01.csv,1646169679000000,1646169681000000,buy,4464.402,0,4464.402,1,0,1,4464.402,1,8.40411452285,8.40411452285,8.40411452285,0.69314718056,4.54704628129,0.454947984195,0.472739256017,-0.513455318052,0.245362463343
2022-03-01:BTCUSDT:1646174191:1,2022-03-01,BTCUSDT,1,1646174191,1646174193000000,1646174193131879,43998.5,43999,46.094,20.196,43934.25,44041.25,1,upper_first,1646174205999999,1646174205999999,44041.25,target,1646174205999999,44042,stop,8.3e-05,1646179199832245,43987.75,43880.75,43987.75,43998.75,24.3249541065,2.50069621656,2.50069621656,1,0.988125537766,-8.85603828533,-0.51544027455,1.01741251558,-0.470830032405,0.434625096059,0.113639592034,events_2022-03-01.csv,1646174191000000,1646174193000000,buy,1106.35,0,1106.35,1,0,1,1106.35,1,7.00972505257,7.00972505257,7.00972505257,0.69314718056,3.83906729652,-0.244745170565,-0.228844091031,-0.513455318052,-0.128709458977
2022-03-01:BTCUSDT:1646174252:1,2022-03-01,BTCUSDT,1,1646174252,1646174254000000,1646174254111464,44142,44142.5,8.172,31.502,44001.25,44242.25,1,upper_first,1646177882999999,1646177882999999,44242.25,target,1646177882999999,44266.5,stop,8.3e-05,1646179199832245,44121.75,43880.75,44121.75,44142.75,54.6215868591,4.75955736117,4.64623456685,0.0385220602407,0.268074448717,-6.42734630968,1.17965567187,2.71520981733,-3.74522058292,-0.592525399129,0.113270166337,events_2022-03-01.csv,1646174252000000,1646174254000000,buy,3329.0475,0,3329.0475,2,0,2,3107.125,1,8.11074184714,8.11074184714,8.04177492947,1.09861228867,4.12628676004,0.307735991157,0.29042905495,1.94758913744,0.0230474987255
2022-03-01:BTCUSDT:1646177881:1,2022-03-01,BTCUSDT,1,1646177881,1646177883000000,1646177883111522,44266,44266.5,69.161,27.206,44158.25,44310.25,1,upper_first,1646178042999999,1646178042999999,44310.25,target,1646178042999999,44333.5,stop,8.3e-05,1646179199832245,44234.25,44082.25,44234.25,44236.25,34.3625132109,0.452138331723,7.23421330756,0.941213655296,0.957500028279,-5.69861162946,-0.370260579914,5.8442646912,-1.30557280856,0.429019037712,0.112952870415,events_2022-03-01.csv,1646177881000000,1646177883000000,buy,2002.0675,0,2002.0675,2,0,2,1557.1325,1,7.60243503455,7.60243503455,7.35124326774,1.09861228867,4.08198732234,0.0526718180088,-0.0570101109356,1.94758913744,-0.000358811595447
2022-03-01:BTCUSDT:1646178042:1,2022-03-01,BTCUSDT,1,1646178042,1646178044000000,1646178044251769,44330,44330.5,49.629,52.337,44246.25,44355.25,1,upper_first,1646178291999999,1646178291999999,44355.25,target,1646178291999999,44363,stop,8.3e-05,1646179199832245,44300.75,44191.75,44300.75,44330.25,24.6045495844,6.65902947467,6.65902947467,-1,0.744992194684,-5.03240285738,-0.610975739529,2.12659725946,-12.3122038124,-0.0672244721748,0.112789799291,events_2022-03-01.csv,1646178042000000,1646178044000000,buy,356.596,0,356.596,1,0,1,356.596,1,5.87940385755,5.87940385755,5.87940385755,0.69314718056,2.74039424521,-0.811931039134,-0.797562188904,-0.513455318052,-0.709210786197
2022-03-01:BTCUSDT:1646178226:1,2022-03-01,BTCUSDT,1,1646178226,1646178228000000,1646178228211727,44349.5,44350,67.153,32.655,44296.25,44364.25,1,upper_first,1646178582999999,1646178582999999,44364.25,target,1646178582999999,44368,stop,8.3e-05,1646179199832245,44330.25,44262.25,44330.25,44349.75,15.3394127035,4.39880217233,4.39880217233,1,0.79088006327,-7.40380072285,-0.263609814215,1.99442192863,-2.90654529934,0.356807148521,0.112740207104,events_2022-03-01.csv,1646178226000000,1646178228000000,buy,3166.4225,0,3166.4225,1,0,1,3166.4225,1,8.06067344465,8.06067344465,8.06067344465,0.69314718056,5.33476487303,0.282612079054,0.299937792514,-0.513455318052,0.661566071353
2022-03-01:BTCUSDT:1646178575:1,2022-03-01,BTCUSDT,1,1646178575,1646178577000000,1646178577132360,44363,44363.5,105.585,17.657,44334.25,44391.25,1,upper_first,1646178625999999,1646178625999999,44391.25,target,1646178625999999,44416,stop,8.3e-05,1646179199832245,44362.75,44305.75,44362.75,44363.25,12.8486173648,0.112707169867,0.112707169866,1,0.976782720129,-9.43134273,-0.119354154404,2.30431873931,1.62218305528,0.714083946849,0.11270589959,events_2022-03-01.csv,1646178575000000,1646178577000000,buy,223.12,0,223.12,1,0,1,223.12,1,5.4121816227,5.4121816227,5.4121816227,0.69314718056,2.91046261143,-1.04637930947,-1.0326438116,-0.513455318052,-0.619352468297
2022-03-01:BTCUSDT:1646178715:1,2022-03-01,BTCUSDT,1,1646178715,1646178717000000,1646178717112054,44472.5,44473,68.648,68.069,44387,44549.5,0,lower_first,1646178779999999,1646178779999999,44381,stop,1646178779999999,44387,target,8.3e-05,1646179199832245,44468.25,44305.75,44468.25,44472.75,36.5429266949,1.01195797001,1.01195797001,0.593223982155,0.687734202732,-4.87925912574,-0.00224747030431,0.87659044975,-0.362156894411,0.0395429528595,0.112428397165,events_2022-03-01.csv,1646178715000000,1646178717000000,buy,11179.5,0,11179.5,1,0,1,11179.5,1,9.32192646843,9.32192646843,9.32192646843,0.69314718056,5.72661279315,0.915498461203,0.934533891202,-0.513455318052,0.86860513309
2022-05-01:BTCUSDT:1651369899:1,2022-05-01,BTCUSDT,1,1651369899,1651369901000000,1651369901135456,38030.5,38031,79.503,0.056,37916,38080.5,0,lower_first,1651370164999999,1651370164999999,37914,stop,1651370164999999,37916,target,8.9e-05,1651449599914410,37998.25,37833.75,37998.25,37999.75,43.2914673702,0.394755021613,8.55302546828,0.97695858685,0.874057642559,1.43588648502,-3.53324098886,5.34930177535,-0.263805067939,-0.964912280702,0.13147255839,events_2022-05-01.csv,1651369899000000,1651369901000000,buy,3591.082,0,3591.082,1,0,1,3591.082,1,8.18648725767,8.18648725767,8.18648725767,0.69314718056,4.43023645684,0.345744414473,0.363240677342,-0.513455318052,0.183644140456
2022-05-01:BTCUSDT:1651376021:1,2022-05-01,BTCUSDT,1,1651376021,1651376023000000,1651376023114522,38013.5,38014,30.435,27.397,37959.25,38019.25,0,lower_first,1651376214999999,1651376214999999,37955,stop,1651376214999999,37959.25,target,8.9e-05,1651449599914410,37989.25,37929.25,37989.25,38005.25,15.7939417072,4.21171778858,6.44919286377,0.746110265811,0.96144588668,-4.23088816571,-1.16473906296,7.05733386452,0.000778324320549,-0.25822192347,0.131531353786,events_2022-05-01.csv,1651376021000000,1651376023000000,buy,76.424,0,76.424,1,0,1,76.424,1,4.34929681005,4.34929681005,4.34929681005,0.69314718056,1.76452827691,-1.57972615664,-1.56743147335,-0.513455318052,-1.22482504388
2022-05-01:BTCUSDT:1651377257:1,2022-05-01,BTCUSDT,1,1651377257,1651377259000000,1651377259114505,38018.5,38019,68.964,24.356,37998.5,38021,1,upper_first,1651377266999999,1651377266999999,38021,target,1651377266999999,38024.5,stop,8.9e-05,1651449599914410,38009.75,37987.25,38009.75,38018.75,5.91953380383,2.36781352153,2.36781352153,1,1,-6.18785041595,0.0893750188946,4.8574814419,-8.67404007956,0.850648053176,0.131514055565,events_2022-05-01.csv,1651377257000000,1651377259000000,buy,344.0565,0,344.0565,1,0,1,344.0565,1,5.84370817174,5.84370817174,5.84370817174,0.69314718056,4.07960698085,-0.829842840358,-0.815522378122,-0.513455318052,-0.00161650276266
2022-05-01:BTCUSDT:1651382104:1,2022-05-01,BTCUSDT,1,1651382104,1651382106000000,1651382106114534,38152.5,38153,26.541,36.23,38055,38220.5,0,lower_first,1651382253999999,1651382253999999,38052,stop,1651382253999999,38055,target,8.9e-05,1651449599914410,38137.75,37972.25,38137.75,38152.75,43.3953235311,3.93311089406,3.93311089406,0.675287949239,0.931635255883,-2.75395760216,-0.272505980721,5.55554535976,29.3540600612,-0.204855842185,0.131052152204,events_2022-05-01.csv,1651382104000000,1651382106000000,buy,1917,0,1917,1,0,1,1917,1,7.55903825544,7.55903825544,7.55903825544,0.69314718056,3.810549745,0.0308956715836,0.0475413835187,-0.513455318052,-0.143777159494
2022-05-01:BTCUSDT:1651418602:1,2022-05-01,BTCUSDT,1,1651418602,1651418604000000,1651418604194422,38095.5,38096,12.901,21.896,38036,38113.5,1,upper_first,1651418610999999,1651418610999999,38113.5,target,1651418609999999,38113.5,stop,7.5e-05,1651449599914410,38074.75,37997.25,38074.75,38095.75,20.3546970105,5.51546628671,5.51546628671,1,0.938867378623,-3.98310930749,-0.687419566008,3.62757175019,4.63052290731,-0.28809271679,0.131248236352,events_2022-05-01.csv,1651418602000000,1651418604000000,buy,765.78,0,765.78,1,0,1,765.78,1,6.64219992841,6.64219992841,6.64219992841,0.69314718056,3.65381645141,-0.429166251656,-0.413763378091,-0.513455318052,-0.226589680329
2022-05-01:BTCUSDT:1651420437:1,2022-05-01,BTCUSDT,1,1651420437,1651420439000000,1651420439114636,38419.5,38420,23.478,4.657,38320.5,38451,1,upper_first,1651420441999999,1651420441999999,38451,target,1651420441999999,38472,stop,7.5e-05,1651449599914410,38385.75,38255.25,38385.75,38387.75,33.9969910709,0.521026683079,8.85745361234,0.52932619106,0.618517179467,-0.0910981491453,-0.66887595266,6.25845301355,0.0799075500391,0.610611577618,0.13014139863,events_2022-05-01.csv,1651420437000000,1651420439000000,buy,424.5615,0,424.5615,1,0,1,424.5615,1,6.05340947341,6.05340947341,6.05340947341,0.69314718056,2.60181583127,-0.724616453864,-0.710011726871,-0.513455318052,-0.782430888501
2022-05-01:BTCUSDT:1651421863:1,2022-05-01,BTCUSDT,1,1651421863,1651421865000000,1651421865114155,38611.5,38612,56.335,15.113,38552.75,38644.75,1,upper_first,1651421867999999,1651421867999999,38644.75,target,1651421867999999,38655,stop,2.8e-05,1651449599914410,38598.75,38506.75,38598.75,38611.75,23.834968749,3.36798471453,3.36798471453,1,0.858262625968,-6.98263115791,0.181168656892,4.13486762727,8.17013901435,0.725547132901,0.129494260167,events_2022-05-01.csv,1651421863000000,1651421865000000,buy,1786.1,0,1786.1,2,0,2,1747.2825,1,7.4883494733,7.4883494733,7.46638915643,1.09861228867,4.32989241723,-0.00457537724171,0.000925236185418,1.94758913744,0.130625776074
2022-05-01:BTCUSDT:1651427333:-1,2022-05-01,BTCUSDT,-1,1651427333,1651427335000000,1651427335114198,38381.5,38382,4.301,99.079,38337,38431.5,0,lower_first,1651428126999999,1651428126999999,38335.5,stop,1651428126999999,38337,target,2.8e-05,1651449599914410,38384.25,38384.25,38478.75,38381.75,24.6194728307,0.651308805044,0.651308805044,1,1,1.83126423919,-0.393359569462,0.291743401259,3.80548291637,0.914188521892,0.130270245625,events_2022-05-01.csv,1651427333000000,1651427335000000,sell,38.196,0,38.196,1,0,1,38.196,1,3.66857470077,3.66857470077,3.66857470077,0.69314718056,0.936663717494,-1.921306906,-1.90993498906,-0.513455318052,-1.66224041047
2022-05-01:BTCUSDT:1651429211:-1,2022-05-01,BTCUSDT,-1,1651429211,1651429213000000,1651429213114677,38287.5,38288,21.767,36.213,38286.875,38346.125,0,lower_first,1651429240999999,1651429240999999,38273.5,stop,1651429240999999,38286.875,target,2.8e-05,1651449599914410,38316.5,38316.5,38375.75,38310.25,15.4633121501,1.63115107069,7.50329492516,0.929262457563,0.932678386272,6.02962346176,-3.19593844267,4.14071436324,0.748067136354,0.222377530381,0.130590071237,events_2022-05-01.csv,1651429211000000,1651429213000000,sell,228.723,0,228.723,1,0,1,228.723,1,5.43687423529,5.43687423529,5.43687423529,0.69314718056,2.75946124811,-1.03398875979,-1.02021978936,-0.513455318052,-0.699136432887
2022-05-01:BTCUSDT:1651429340:-1,2022-05-01,BTCUSDT,-1,1651429340,1651429342000000,1651429342114060,38232,38232.5,47.669,29.624,38211.25,38293.25,0,lower_first,1651429602999999,1651429602999999,38207.5,stop,1651429602999999,38211.25,target,2.8e-05,1651449599914410,38252.25,38252.25,38334.25,38232.25,21.4366475175,5.22845061402,5.22845061402,0.777388717103,0.233177114667,2.50249595861,-0.831619534587,3.40087774537,0.0059045854417,-0.243760844324,0.130779642841,events_2022-05-01.csv,1651429340000000,1651429342000000,sell,380.54,0,380.54,1,0,1,380.54,1,5.94421569451,5.94421569451,5.94421569451,0.69314718056,2.93129203799,-0.779408993013,-0.764952285812,-0.513455318052,-0.608346910503
2022-05-01:BTCUSDT:1651429602:-1,2022-05-01,BTCUSDT,-1,1651429602,1651429604000000,1651429604114513,38210,38210.5,8.799,41.086,38187,38263.5,0,lower_first,1651429754999999,1651429754999999,38186,stop,1651429754999999,38187,target,2.8e-05,1651449599914410,38225.25,38225.25,38301.75,38209,20.0129495556,4.25111673567,3.924107756,1,0.711113588652,1.58309412476,-1.51267242634,2.13998987037,1.15033367558,0.780866397402,0.130854940755,events_2022-05-01.csv,1651429602000000,1651429604000000,sell,1330.945,0,1330.945,1,0,1,1330.945,1,7.19439555896,7.19439555896,7.19439555896,0.69314718056,4.21218967024,-0.152079031038,-0.135927617739,-0.513455318052,0.068435663409
2022-05-01:BTCUSDT:1651429754:-1,2022-05-01,BTCUSDT,-1,1651429754,1651429756000000,1651429756114682,38186,38186.5,31.702,24.21,38181.75,38227.75,0,lower_first,1651429764999999,1651429764999999,38181,stop,1651429764999999,38181.75,target,2.8e-05,1651449599914410,38204.75,38204.75,38250.75,38186.25,12.0403876481,4.84232981501,4.84232981501,1,0.933156066374,1.6128859111,-0.387526567174,3.79250868299,2.81021714155,-0.149212819792,0.130937182887,events_2022-05-01.csv,1651429754000000,1651429756000000,sell,152.044,0,152.044,1,0,1,152.044,1,5.03072546175,5.03072546175,5.03072546175,0.69314718056,2.61211421826,-1.23779087012,-1.22457246271,-0.513455318052,-0.776989572441
2022-05-01:BTCUSDT:1651431072:-1,2022-05-01,BTCUSDT,-1,1651431072,1651431074000000,1651431074114426,38025,38025.5,27.336,5.436,37997.875,38135.125,0,lower_first,1651431082999999,1651431082999999,37973.5,stop,1651431082999999,37997.875,target,2.8e-05,1651449599914410,38066.5,38066.5,38203.75,38032,36.0553242352,9.06308696623,10.8362996335,0.908217840197,0.870891262581,6.59914912763,-2.32903539555,7.76786938215,2.11911942875,0.802011488117,0.131491574677,events_2022-05-01.csv,1651431072000000,1651431074000000,sell,2159.445,0,2159.445,1,0,1,2159.445,1,7.67806949798,7.67806949798,7.67806949798,0.69314718056,4.10911069456,0.0906245689818,0.107431636077,-0.513455318052,0.0139722521863
2022-05-01:BTCUSDT:1651431248:-1,2022-05-01,BTCUSDT,-1,1651431248,1651431250000000,1651431250213468,37970,37970.5,67.445,3.513,37881,38080.5,0,lower_first,1651431764999999,1651431764999999,37850,stop,1651431764999999,37881,target,2.8e-05,1651449599914410,37980.75,37980.75,38180.25,37963.25,52.5266088742,4.60759726967,2.7645583618,0.142287925304,0.639268058576,5.91955199862,0.726401810741,4.00705430993,34.6031928812,-0.900956890599,0.131682040545,events_2022-05-01.csv,1651431248000000,1651431250000000,sell,75.606,0,75.606,1,0,1,75.606,1,4.33867540266,4.33867540266,4.33867540266,0.69314718056,0.891745857565,-1.58505589141,-1.57277560618,-0.513455318052,-1.68597347398
2022-05-01:BTCUSDT:1651431768:-1,2022-05-01,BTCUSDT,-1,1651431768,1651431770000000,1651431770155399,37850,37850.5,12.625,74.433,37796.625,37905.375,0,lower_first,1651431806999999,1651431806999999,37768,stop,1651431806999999,37796.625,target,2.8e-05,1651449599914410,37851,37851,37959.75,37850.25,28.7310771182,0.198145359436,0.198145359436,0.998567487357,0.841219784703,3.29611731642,-0,4.48524962698,15.2447957761,0.302323546908,0.132099523781,events_2022-05-01.csv,1651431768000000,1651431770000000,sell,188.39,0,188.39,1,0,1,188.39,1,5.24380838105,5.24380838105,5.24380838105,0.69314718056,2.02247579366,-1.13086761574,-1.11736035956,-0.513455318052,-1.08853438339
2022-05-01:BTCUSDT:1651433968:1,2022-05-01,BTCUSDT,1,1651433968,1651433970000000,1651433970135316,37998,37998.5,14.47,15.903,37898,38082.5,0,lower_first,1651433998999999,1651433998999999,37877.5,stop,1651433998999999,37898,target,2.8e-05,1651449599914410,37990.25,37805.75,37990.25,37991.25,48.5650923592,0.263225432841,2.10580346273,0.954492873872,0.917756791751,-1.08940516636,-0.87618390074,2.59524701303,-4.26644588667,0.484207567719,0.131585007204,events_2022-05-01.csv,1651433968000000,1651433970000000,buy,76.367,0,76.367,1,0,1,76.367,1,4.34856033309,4.34856033309,4.34856033309,0.69314718056,0.944865319939,-1.58009571471,-1.56780202977,-0.513455318052,-1.65790696377
2022-05-01:BTCUSDT:1651438466:1,2022-05-01,BTCUSDT,1,1651438466,1651438468000000,1651438468114608,38016,38016.5,45.999,1.925,37942.625,38027.375,1,upper_first,1651438469999999,1651438469999999,38027.375,target,1651438469999999,38037,stop,2.8e-05,1651449599914410,37985,37900.25,37985,37992,22.3114387258,1.84283269712,8.22693168356,0.953227630624,0.948069048359,1.10228174953,-5.08527164396,6.11758933286,-28.1010495948,0.951218054103,0.131522704107,events_2022-05-01.csv,1651438466000000,1651438468000000,buy,23862.0075,0,23862.0075,2,0,2,22106.5095,1,10.0800847355,10.0800847355,10.0036726262,1.09861228867,6.97587791693,1.29593603692,1.27755265416,1.94758913744,1.52867416959
2022-05-01:BTCUSDT:1651438956:1,2022-05-01,BTCUSDT,1,1651438956,1651438958000000,1651438958154808,38349.5,38350,5.16,44.05,38219,38446.5,0,lower_first,1651439305999999,1651439305999999,38215,stop,1651439305999999,38219,target,2.8e-05,1651449599914410,38332.75,38105.25,38332.75,38341.5,59.3487292198,2.28264343153,4.43485009554,0.992740324857,0.945057078752,-2.68247895466,-0.0521373171802,5.82194246293,-18.708861737,-0.771269679329,0.130378946408,events_2022-05-01.csv,1651438956000000,1651438958000000,buy,4355.063,0,4355.063,2,0,2,3969.723,1,8.37932394676,8.37932394676,8.28670347297,1.09861228867,4.3091991513,0.442508277237,0.413664199074,1.94758913744,0.119692160906
2022-05-01:BTCUSDT:1651439398:-1,2022-05-01,BTCUSDT,-1,1651439398,1651439400000000,1651439400114388,38140,38140.5,8.565,12.097,38035.25,38278.25,1,upper_first,1651439891999999,1651439891999999,38278.25,target,1651439891999999,38283,stop,2.8e-05,1651449599914410,38156.75,38156.75,38399.75,38150.25,63.6846691608,1.70349938084,4.32426765906,1,0.549544475186,5.64438932241,-0.623699370614,2.22162431652,1.24004354356,-0.47134181059,0.131095102942,events_2022-05-01.csv,1651439398000000,1651439400000000,sell,55133.166,0,55133.166,1,0,1,55133.166,1,10.9175248756,10.9175248756,10.9175248756,0.69314718056,6.76471731645,1.71615660372,1.73735497877,-0.513455318052,1.41710411816
2022-05-01:BTCUSDT:1651444561:-1,2022-05-01,BTCUSDT,-1,1651444561,1651444563000000,1651444563375247,38065,38065.5,5.102,72.743,37974,38159.5,1,upper_first,1651444983999999,1651444983999999,38159.5,target,1651444983999999,38161,stop,2.8e-05,1651449599914410,38066.75,38066.75,38252.25,38065.25,48.730191046,0.394044671531,0.394044671531,0.939758268688,0.806510354993,6.94639332285,-0.45681317155,2.91841839569,-3.42697018377,0.869001463527,0.131353399754,events_2022-05-01.csv,1651444561000000,1651444563000000,sell,530.614,0,530.614,1,0,1,530.614,1,6.27591766208,6.27591766208,6.27591766208,0.69314718056,2.47559798137,-0.612963676924,-0.598057324546,-0.513455318052,-0.849120090805
2022-05-01:BTCUSDT:1651447255:1,2022-05-01,BTCUSDT,1,1651447255,1651447257000000,1651447257114625,38418,38418.5,2.175,36.058,38371.75,38447.75,1,upper_first,1651447294999999,1651447294999999,38447.75,target,1651447294999999,38461,stop,2.8e-05,1651449599914410,38409.75,38333.75,38409.75,38418.25,19.7866427144,2.21297977727,2.21297977727,-1,0.999472514129,-4.71168445711,-0.0806521480656,1.62632893843,-2.17012403608,0.0647741055185,0.130146479863,events_2022-05-01.csv,1651447255000000,1651447257000000,buy,1042.9155,0,1042.9155,1,0,1,1042.9155,1,6.95073382647,6.95073382647,6.95073382647,0.69314718056,3.983563035,-0.274346482085,-0.258525369277,-0.513455318052,-0.0523628444239
2022-05-01:BTCUSDT:1651447566:1,2022-05-01,BTCUSDT,1,1651447566,1651447568000000,1651447568114862,38538.5,38539,66.443,2.92,38469.25,38602.25,0,lower_first,1651447768999999,1651447768999999,38464,stop,1651447768999999,38469.25,target,2.8e-05,1651449599914410,38535.75,38402.75,38535.75,38538.75,34.5134063824,0.778497888324,0.778497888325,1,0.626197853828,-6.50091199471,-0.313755752297,2.31617831097,0.645675975683,0.914573672893,0.129739547858,events_2022-05-01.csv,1651447566000000,1651447568000000,buy,6199.6,0,6199.6,1,0,1,6199.6,1,8.73240134054,8.73240134054,8.73240134054,0.69314718056,5.1964438124,0.619679606193,0.637915893718,-0.513455318052,0.588481945753
2022-05-01:BTCUSDT:1651448701:-1,2022-05-01,BTCUSDT,-1,1651448701,1651448703000000,1651448703174309,38360,38360.5,1.932,76.26,38323.25,38398.25,1,upper_first,1651448775999999,1651448775999999,38398.25,target,1651448775999999,38428,stop,2.8e-05,1651449599914410,38360.75,38360.75,38435.75,38360.25,19.5512340087,0.130341560058,0.130341560058,0.964636089448,0.942670214815,8.8086519611,-0.750172109798,1.43751534847,-0.645643202863,0.976960199263,0.130343258973,events_2022-05-01.csv,1651448701000000,1651448703000000,sell,229.215,0,229.215,1,0,1,229.215,1,5.43901365489,5.43901365489,5.43901365489,0.69314718056,2.54347523117,-1.03291521665,-1.01914334609,-0.513455318052,-0.813256069614
2022-07-01:BTCUSDT:1656634759:1,2022-07-01,BTCUSDT,1,1656634759,1656634761000000,1656634761116450,19787.5,19788,33.694,6.01,19730.75,19835.75,0,lower_first,1656634979999999,1656634979999999,19729,stop,1656634979999999,19730.75,target,4.1e-05,1656719999988804,19783.25,19678.25,19783.25,19787.75,53.0752025072,2.27465153602,2.27465153602,0.995946048175,0.983594788553,-9.56242562488,0.267593516361,2.96957548706,9.53213324865,0.868991702995,0.252681583303,events_2022-07-01.csv,1656634759000000,1656634761000000,buy,398.06,0,398.06,1,0,1,398.06,1,5.98911178152,5.98911178152,5.98911178152,0.69314718056,2.14005725533,-0.756880506223,-0.742362939242,-0.513455318052,-1.02640835374
2022-07-01:BTCUSDT:1656635870:-1,2022-07-01,BTCUSDT,-1,1656635870,1656635872000000,1656635872110443,20454.5,20455,25.333,4.975,20322.5,20578,0,lower_first,1656636980999999,1656636980999999,20313.5,stop,1656636980999999,20322.5,target,4.1e-05,1656719999988804,20450.25,20450.25,20705.75,20445.25,124.937347954,2.4449578856,-2.20046209704,-0.913959588846,0.346232889655,4.97436345983,0.317606439691,2.56959021875,-6.96851803535,-0.575553480928,0.244442000024,events_2022-07-01.csv,1656635870000000,1656635872000000,sell,3277.8795,0,3277.8795,1,0,1,3277.8795,1,8.09525702716,8.09525702716,8.09525702716,0.69314718056,3.30454645701,0.299965835995,0.317338429916,-0.513455318052,-0.411132019895
2022-07-01:BTCUSDT:1656636980:-1,2022-07-01,BTCUSDT,-1,1656636980,1656636982000000,1656636982110341,20313,20313.5,60.87,0.961,20276,20374.5,0,lower_first,1656637016999999,1656637016999999,20272,stop,1656637016999999,20276,target,4.1e-05,1656719999988804,20325.25,20325.25,20423.75,20313.75,48.4618885377,5.65798698663,7.87198189444,0.989716396831,0.933265525194,9.52352374314,-0.373871314479,11.0509997003,-0.13246932973,-0.0863424877506,0.246193237072,events_2022-07-01.csv,1656636980000000,1656636982000000,sell,12342.74,0,12342.74,1,0,1,12342.74,1,9.42090433096,9.42090433096,9.42090433096,0.69314718056,5.54396428895,0.965164737634,0.984334339037,-0.513455318052,0.772099899822
2022-07-01:BTCUSDT:1656637543:1,2022-07-01,BTCUSDT,1,1656637543,1656637545000000,1656637545119534,20399.5,20400,93.501,14.038,20314.5,20453,0,lower_first,1656637817999999,1656637817999999,20312.5,stop,1656637817999999,20314.5,target,4.1e-05,1656719999988804,20383.75,20245.25,20383.75,20395.75,67.9462807383,5.88704237444,7.84938983259,0.999290805761,0.879512621521,2.50065580924,-6.14489304995,3.42363791449,1.05237888607,0.731464894014,0.245101042905,events_2022-07-01.csv,1656637543000000,1656637545000000,buy,27398.4725,0,27398.4725,1,0,1,27398.4725,1,10.2182790404,10.2182790404,10.2182790404,0.69314718056,6.00200199839,1.36528080122,1.38553129971,-0.513455318052,1.01411138625
2022-07-01:BTCUSDT:1656638502:1,2022-07-01,BTCUSDT,1,1656638502,1656638504000000,1656638504129784,20364.5,20365,31.439,11.148,20307.5,20412,0,lower_first,1656638698999999,1656638697999999,20307.5,stop,1656638698999999,20307.5,target,4.1e-05,1656719999988804,20359.75,20255.25,20359.75,20362.25,51.3267599062,1.22791291642,2.45582583283,0.926481848819,0.972129944429,-2.83252464837,-0.839377917881,9.40968593269,15.3959004367,0.708782872556,0.245522287286,events_2022-07-01.csv,1656638502000000,1656638504000000,buy,1309.568,0,1309.568,1,0,1,1309.568,1,7.17821591001,7.17821591001,7.17821591001,0.69314718056,3.27768542233,-0.160197845656,-0.144068365001,-0.513455318052,-0.425324473477
2022-07-01:ETHUSDT:1656638795:1,2022-07-01,ETHUSDT,1,1656638795,1656638797000000,1656638797124161,1092.3,1092.35,38.71,5.85,1089.425,1093.525,1,upper_first,1656638997999999,1656638997999999,1093.525,target,1656638983999999,1093.55,stop,-0.000111,1656719999936870,1091.475,1087.375,1091.475,1092.325,37.5638470877,7.78762683525,7.78762683525,0.994024177108,0.56896361255,0.503538502383,-6.31313131313,2.838931829,-5.02077369221,0.550260312375,0.457739225963,events_2022-07-01.csv,1656638795000000,1656638797000000,buy,1394.0155,0,1394.0155,1,0,1,1394.0155,1,7.2406608053,7.2406608053,7.2406608053,0.69314718056,3.64049147811,0.156227625706,0.163034897826,-0.2,0.360453505979
2022-07-01:BTCUSDT:1656639634:1,2022-07-01,BTCUSDT,1,1656639634,1656639636000000,1656639636109833,20409,20409.5,19.803,5.742,20345.75,20467.75,1,upper_first,1656639702999999,1656641217999999,20345,stop,1656639702999999,20475,stop,4.1e-05,1656719999988804,20406.75,20284.75,20406.75,20409.25,59.7841400517,1.22508483712,1.22508483712,-0.919522817464,0.337663430229,-4.66237682289,-1.6305864725,4.12045647407,6.27535162161,0.661376069035,0.244986954445,events_2022-07-01.csv,1656639634000000,1656639636000000,buy,328.256,0,328.256,1,0,1,328.256,1,5.79683556369,5.79683556369,5.79683556369,0.69314718056,1.87036837876,-0.853363129126,-0.839106205982,-0.513455318052,-1.16890274786
2022-07-01:BTCUSDT:1656639701:1,2022-07-01,BTCUSDT,1,1656639701,1656639703000000,1656639703118327,20463.5,20464,1.292,3.6,20347.25,20472.25,0,lower_first,1656641215999999,1656641215999999,20347,stop,1656641217999999,20347.25,target,4.1e-05,1656719999988804,20409.75,20284.75,20409.75,20428.25,61.2452381827,9.06429525104,27.1928857531,0.704060200492,0.796774075685,7.39359603093,-6.57753600419,17.4042107119,15.0406161758,-0.861886492922,0.244316585431,events_2022-07-01.csv,1656639701000000,1656639703000000,buy,2237.443,0,2237.443,1,0,1,2237.443,1,7.71353581388,7.71353581388,7.71353581388,0.69314718056,3.62520780554,0.10842127427,0.125276418433,-0.513455318052,-0.241705511989
2022-07-01:ETHUSDT:1656641498:1,2022-07-01,ETHUSDT,1,1656641498,1656641500000000,1656641500117317,1101.85,1101.9,51.68,7.81,1097.3,1104.35,1,upper_first,1656641654999999,1656641654999999,1104.35,target,1656641654999999,1104.65,stop,-0.000111,1656719999936870,1100.825,1093.775,1100.825,1100.925,64.0428769332,0.908409601893,9.53830081984,0.987267658482,0.893167140573,6.12967671631,-9.34469212415,4.72435221863,-0.483866881367,0.590763666713,0.453771979582,events_2022-07-01.csv,1656641498000000,1656641500000000,buy,11.0665,0,11.0665,1,0,1,11.0665,1,2.49043301791,2.49043301791,2.49043301791,0.69314718056,0.15939259915,-2.81785230777,-2.8142888642,-0.2,-1.78150682033
2022-07-01:ETHUSDT:1656641655:1,2022-07-01,ETHUSDT,1,1656641655,1656641657000000,1656641657129446,1106.9,1106.95,28,12.34,1100.95,1108.2,0,lower_first,1656641713999999,1656641713999999,1100.8,stop,1656641713999999,1100.95,target,-0.000111,1656719999936870,1104.575,1097.325,1104.575,1106.625,65.636104384,18.5591743431,21.2751510762,0.242223567057,0.595287011706,2.30420992708,-1.71656758759,23.5492314799,-2.10650451531,0.415609381007,0.45170178648,events_2022-07-01.csv,1656641655000000,1656641657000000,buy,421.572,0,421.572,1,0,1,421.572,1,6.04635984648,6.04635984648,6.04635984648,0.69314718056,2.00456543461,-0.59151473006,-0.58552302042,-0.2,-0.64615067385
2022-07-01:BTCUSDT:1656641656:1,2022-07-01,BTCUSDT,1,1656641656,1656641658000000,1656641658111896,20533,20533.5,4.114,17.242,20464.25,20598.25,0,lower_first,1656641728999999,1656641728999999,20463,stop,1656641728999999,20464.25,target,4.1e-05,1656719999988804,20531.25,20397.25,20531.25,20539.75,65.2663622527,4.1400304414,5.11415525114,0.40025408383,0.725577805241,6.38619996259,-3.13609686449,12.7203627254,3.46294277914,-0.999785269487,0.24340672046,events_2022-07-01.csv,1656641656000000,1656641658000000,buy,7004.85,0,7004.85,1,0,1,7004.85,1,8.85450079331,8.85450079331,8.85450079331,0.69314718056,4.68515544009,0.68094810622,0.699349908079,-0.513455318052,0.318334627251
2022-07-01:BTCUSDT:1656643417:-1,2022-07-01,BTCUSDT,-1,1656643417,1656643419000000,1656643419130122,20310,20310.5,0.617,31.111,20298.25,20325.25,1,upper_first,1656643438999999,1656643440999999,20325.25,target,1656643438999999,20325.5,stop,4.1e-05,1656719999988804,20311.75,20311.75,20338.75,20310.75,13.2927985033,0.492325870494,0.73848880574,0.808113769507,0.772316244218,5.19172473525,-1.53068582108,0.457638203046,-1.24359695786,0.956763953611,0.246181115447,events_2022-07-01.csv,1656643417000000,1656643419000000,sell,9603.7875,0,9603.7875,1,0,1,9603.7875,1,9.17001695106,9.17001695106,9.17001695106,0.69314718056,6.58407357165,0.839271516216,0.858101022257,-0.513455318052,1.32165813131
2022-07-01:ETHUSDT:1656643738:-1,2022-07-01,ETHUSDT,-1,1656643738,1656643740000000,1656643740117399,1090.6,1090.65,193.81,20.44,1088.525,1094.025,1,upper_first,1656643999999999,1656643999999999,1094.025,target,1656643999999999,1094.15,stop,-0.000111,1656719999936870,1091.275,1091.275,1096.775,1090.4,50.3997617466,8.01814391423,9.39268287095,-0.0304659457811,0.618552533723,10.628453102,3.29739780357,29.4163324594,-56.8789415085,-0.833573581444,0.917220820912,events_2022-07-01.csv,1656643738000000,1656643740000000,sell,1087.85,0,1087.85,1,0,1,1087.85,1,6.9928773724,6.9928773724,6.9928773724,0.69314718056,3.11726061708,0.00109238406411,0.00773045019791,-0.2,0.0385035169674
2022-07-01:ETHUSDT:1656644814:-1,2022-07-01,ETHUSDT,-1,1656644814,1656644816000000,1656644816116734,1087.45,1087.5,10.04,176.37,1085.075,1089.975,0,lower_first,1656644832999999,1656644832999999,1084,stop,1656644832999999,1085.075,target,-0.000111,1656719999936870,1087.525,1087.525,1092.425,1087.475,45.0564354842,0.459759545759,0.459759545759,-1,0.859531995998,5.19282379324,0.643317311668,7.43904119025,0.104324879017,0.87837478034,0.459780684613,events_2022-07-01.csv,1656644814000000,1656644816000000,sell,465.6255,0,465.6255,1,0,1,465.6255,1,6.14552700876,6.14552700876,6.14552700876,0.69314718056,2.42783113507,-0.529426956464,-0.523367527699,-0.2,-0.385710402145
2022-07-01:BTCUSDT:1656646091:-1,2022-07-01,BTCUSDT,-1,1656646091,1656646093000000,1656646093116791,20079.5,20080,50.415,8.529,20051,20123.5,1,upper_first,1656646169999999,1656646169999999,20123.5,target,1656646169999999,20127,stop,4.1e-05,1656719999988804,20087.25,20087.25,20159.75,20073.75,36.0925462669,6.72068102901,3.73371168278,-0.855856517879,0.823364890467,10.9393515188,-0.238791001164,2.63092062826,0.659463407543,-0.634765583434,0.249007084252,events_2022-07-01.csv,1656646091000000,1656646093000000,sell,1879.577,0,1879.577,1,0,1,1879.577,1,7.53933392363,7.53933392363,7.53933392363,0.69314718056,3.9717361036,0.021008200125,0.0376272014625,-0.513455318052,-0.058611791157
2022-07-01:ETHUSDT:1656647586:-1,2022-07-01,ETHUSDT,-1,1656647586,1656647588000000,1656647588117499,1067.65,1067.7,174.96,10.33,1060.125,1073.925,0,lower_first,1656647720999999,1656647707999999,1060.05,stop,1656647721999999,1060.125,target,-0.000111,1656719999936870,1067.025,1067.025,1080.825,1066.725,129.331552682,2.81155549308,-6.09170356833,-0.854119155279,-0.365929440632,5.94396757495,0.655197588875,-5.80692897751,5.73590097489,-0.983864677781,0.468307303252,events_2022-07-01.csv,1656647586000000,1656647588000000,sell,10623,0,10623,1,0,1,10623,1,9.27087087172,9.27087087172,9.27087087172,0.69314718056,4.42049861573,1.42732604235,1.43551970133,-0.2,0.840400902217
2022-07-01:BTCUSDT:1656647675:-1,2022-07-01,BTCUSDT,-1,1656647675,1656647677000000,1656647677118119,19826.5,19827,7.958,19.025,19693.25,19975.25,0,lower_first,1656647880999999,1656647880999999,19682.5,stop,1656647880999999,19693.25,target,4.1e-05,1656719999988804,19834.25,19834.25,20116.25,19826.75,142.178302683,3.78133783733,3.78133783733,-0.516255674464,0.626882295145,7.93750787451,-0.226791082576,4.05026765015,4.05364241555,0.313646170442,0.252184548653,events_2022-07-01.csv,1656647675000000,1656647677000000,sell,197.49,0,197.49,1,0,1,197.49,1,5.29073872102,5.29073872102,5.29073872102,0.69314718056,0.87088763845,-1.10731835756,-1.09374748403,-0.513455318052,-1.69699424477
2022-07-01:BTCUSDT:1656647738:-1,2022-07-01,BTCUSDT,-1,1656647738,1656647740000000,1656647740109521,19775.5,19776,7.743,59.84,19622.5,19940,0,lower_first,1656648216999999,1656648214999999,19610,stop,1656648216999999,19622.5,target,4.1e-05,1656719999988804,19781.25,19781.25,20098.75,19776.25,160.505529226,2.52764612954,2.7804107425,0.604332543122,0.852149423972,8.40727168371,-0.227365281018,4.21701411159,13.7838706584,0.794650560828,0.252834911445,events_2022-07-01.csv,1656647738000000,1656647740000000,sell,551.572,0,551.572,1,0,1,551.572,1,6.31458374164,6.31458374164,6.31458374164,0.69314718056,1.48985840286,-0.593561356578,-0.578602589629,-0.513455318052,-1.369951227
2022-07-01:BTCUSDT:1656647816:-1,2022-07-01,BTCUSDT,-1,1656647816,1656647818000000,1656647818129392,19712,19712.5,10.957,9.752,19607.25,19853.25,0,lower_first,1656648216999999,1656648216999999,19605.5,stop,1656648216999999,19607.25,target,4.1e-05,1656719999988804,19730.25,19730.25,19976.25,19712.25,124.681643669,9.12304709773,9.12304709773,0.99371858027,0.592698596382,6.78305331693,-0.192646481034,10.528490734,1.9659310169,-0.0587109431073,0.253649380461,events_2022-07-01.csv,1656647816000000,1656647818000000,sell,2454.538,0,2454.538,2,0,2,2375.956,1,7.80610116082,7.80610116082,7.77357595646,1.09861228867,3.02947853056,0.154869803182,0.155485456215,1.94758913744,-0.556468520312
2022-07-01:BTCUSDT:1656647880:-1,2022-07-01,BTCUSDT,-1,1656647880,1656647882000000,1656647882111425,19691.5,19692,31.235,15.955,19613.5,19811,0,lower_first,1656648216999999,1656648214999999,19610,stop,1656648216999999,19613.5,target,4.1e-05,1656719999988804,19712.25,19712.25,19909.75,19690.25,100.191505282,11.1605727403,10.3996245989,0.284246520478,0.574288632813,6.67853849624,-0.893258184604,15.803527546,2.9438553959,-0.459973315544,0.253913440908,events_2022-07-01.csv,1656647880000000,1656647882000000,sell,6671.99,0,6671.99,1,0,1,6671.99,1,8.80582331433,8.80582331433,8.80582331433,0.69314718056,4.21349513777,0.656522148078,0.674857964216,-0.513455318052,0.0691254278785
2022-07-01:ETHUSDT:1656648041:-1,2022-07-01,ETHUSDT,-1,1656648041,1656648043000000,1656648043177359,1053,1053.05,3.38,71.82,1050.775,1057.275,0,lower_first,1656648208999999,1656648208999999,1050.7,stop,1656648208999999,1050.775,target,-0.000111,1656719999936870,1054.025,1054.025,1060.525,1052.675,61.6683664998,12.80804535,9.48744099998,0.982352856924,0.365856466154,4.79340882557,2.84675896492,7.77730355195,-10.3380011516,0.651892117918,0.474822535077,events_2022-07-01.csv,1656648041000000,1656648043000000,sell,2484.8265,0,2484.8265,1,0,1,2484.8265,1,7.81836047881,7.81836047881,7.81836047881,0.69314718056,3.72070202953,0.517920808315,0.525122579137,-0.2,0.409807984219
2022-07-01:BTCUSDT:1656648048:-1,2022-07-01,BTCUSDT,-1,1656648048,1656648050000000,1656648050109729,19678.5,19679,0.399,3.999,19628.5,19733,1,upper_first,1656648130999999,1656648130999999,19733,target,1656648130999999,19737,stop,4.1e-05,1656719999988804,19680.75,19680.75,19785.25,19680.25,53.0975699605,0.254055358663,0.254055358663,0.878214740356,0.839458951746,6.42870962189,-0.208201091787,1.56884646629,-9.09302475301,0.689250285676,0.254061813239,events_2022-07-01.csv,1656648048000000,1656648050000000,sell,3722.48,0,3722.48,1,0,1,3722.48,1,8.22241399385,8.22241399385,8.22241399385,0.69314718056,4.2641774849,0.363772154865,0.381317118933,-0.513455318052,0.0959042496014
2022-07-01:ETHUSDT:1656648205:-1,2022-07-01,ETHUSDT,-1,1656648205,1656648207000000,1656648207201405,1051,1051.05,20.95,33.4,1047.925,1054.825,0,lower_first,1656648246999999,1656648211999999,1047.85,stop,1656648246999999,1047.925,target,-0.000111,1656719999936870,1051.375,1051.375,1058.275,1050.925,65.6283438355,4.28010938057,3.32897396267,0.999714463244,0.972575533258,7.17830725056,0.57042896258,4.086636698,1.7037820618,0.227403798349,0.475726076924,events_2022-07-01.csv,1656648205000000,1656648207000000,sell,2082.336,0,2082.336,1,0,1,2082.336,1,7.64172573406,7.64172573406,7.64172573406,0.69314718056,3.48826818249,0.407331195898,0.414412346645,-0.2,0.266788754903
2022-07-01:BTCUSDT:1656648211:-1,2022-07-01,BTCUSDT,-1,1656648211,1656648213000000,1656648213115039,19655,19655.5,26.261,0.645,19610.75,19713.75,0,lower_first,1656648216999999,1656648214999999,19610,stop,1656648216999999,19610.75,target,4.1e-05,1656719999988804,19662.25,19662.25,19765.25,19655.25,52.3846457043,3.56012155272,3.56012155272,0.701270604183,0.949087882776,5.50694393596,1.00670833829,6.26067159932,0.841678121085,-0.62213963203,0.254384960761,events_2022-07-01.csv,1656648211000000,1656648213000000,sell,4895,0,4895,1,0,1,4895,1,8.49617382419,8.49617382419,8.49617382419,0.69314718056,4.54800083405,0.501142583589,0.519058648222,-0.513455318052,0.245866816429
2022-07-01:BTCUSDT:1656648353:-1,2022-07-01,BTCUSDT,-1,1656648353,1656648355000000,1656648355132251,19569.5,19570,4.204,15.604,19482.5,19652,1,upper_first,1656648562999999,1656648562999999,19652,target,1656648562999999,19654,stop,4.1e-05,1656719999988804,19567.25,19567.25,19736.75,19566.25,86.6243340275,0.511058017861,-1.27764504465,-0.86553451774,0.328700468576,8.3783651313,-0.270606562056,2.69505457485,7.60630053479,-0.0883472244064,0.255496365564,events_2022-07-01.csv,1656648353000000,1656648355000000,sell,974.65,0,974.65,1,0,1,974.65,1,6.88310391554,6.88310391554,6.88310391554,0.69314718056,2.50564489747,-0.308282614523,-0.292553178782,-0.513455318052,-0.833244326261
2022-07-01:BTCUSDT:1656648418:-1,2022-07-01,BTCUSDT,-1,1656648418,1656648420000000,1656648420110876,19524,19524.5,48.479,8.738,19466,19646.5,1,upper_first,1656648560999999,1656648560999999,19646.5,target,1656648560999999,19651.5,stop,4.1e-05,1656719999988804,19556.25,19556.25,19736.75,19538.25,92.2978587408,9.20421860019,16.3630552892,0.625648056411,0.594546804406,20.4352535213,-14.9116206213,7.25798378216,-5.43828988362,-0.305130385488,0.256091783295,events_2022-07-01.csv,1656648418000000,1656648420000000,sell,196587.114,0,196587.114,1,0,1,196587.114,1,12.1888660271,12.1888660271,12.1888660271,0.69314718056,7.66430938884,2.3541051253,2.37702689205,-0.513455318052,1.89241785354
2022-07-01:BTCUSDT:1656650751:-1,2022-07-01,BTCUSDT,-1,1656650751,1656650753000000,1656650753169396,19567,19567.5,4.201,49.199,19561,19599.5,0,lower_first,1656650836999999,1656650836999999,19556,stop,1656650836999999,19561,target,4.1e-05,1656719999988804,19580.25,19580.25,19618.75,19567.25,19.6626702928,6.63934321574,6.63934321574,0.766556245347,0.953721892067,6.60361651425,-0.168540617014,6.91547755328,5.74876358397,0.848290598291,0.255529008931,events_2022-07-01.csv,1656650751000000,1656650753000000,sell,97.4675,0,97.4675,1,0,1,97.4675,1,4.58972654449,4.58972654449,4.58972654449,0.69314718056,1.78456395382,-1.4590804956,-1.44645989302,-0.513455318052,-1.21423887629
2022-07-01:BTCUSDT:1656650937:-1,2022-07-01,BTCUSDT,-1,1656650937,1656650939000000,1656650939120401,19412,19412.5,20.723,16.11,19314.25,19510.25,0,lower_first,1656652861999999,1656652861999999,19308,stop,1656652861999999,19314.25,target,4.1e-05,1656719999988804,19412.25,19412.25,19608.25,19412,100.96717279,0.128784659171,-0,-0.101184973859,0.15284963196,8.10171304391,-0.149271401144,-0.0514723935541,-13.3936030737,0.0487502411332,0.257569318343,events_2022-07-01.csv,1656650937000000,1656650939000000,sell,3788.288,0,3788.288,1,0,1,3788.288,1,8.23993341763,8.23993341763,8.23993341763,0.69314718056,3.65117750386,0.372563257465,0.390131970335,-0.513455318052,-0.227984010111
2022-07-01:ETHUSDT:1656651184:1,2022-07-01,ETHUSDT,1,1656651184,1656651186000000,1656651186137033,1051.5,1051.55,27.37,36.45,1047.2,1052.35,1,upper_first,1656651825999999,1656651825999999,1052.35,target,1656651825999999,1052.5,stop,-0.000111,1656719999936870,1049.775,1044.625,1049.775,1050.95,49.0581315044,11.1928746636,16.6702388607,-0.0613381522075,0.768017181712,-5.46525995628,-0.475217411968,17.0425874266,14.7236478838,-0.330054361895,0.475499869237,events_2022-07-01.csv,1656651184000000,1656651186000000,buy,9857.6115,0,9857.6115,1,0,1,9857.6115,1,9.19610061618,9.19610061618,9.19610061618,0.69314718056,5.30795755726,1.38051297852,1.3886555785,-0.2,1.38646463384
2022-07-01:BTCUSDT:1656651206:1,2022-07-01,BTCUSDT,1,1656651206,1656651208000000,1656651208109284,19459.5,19460,6.866,43.955,19407,19509.5,0,lower_first,1656651328999999,1656651328999999,19400,stop,1656651328999999,19407,target,4.1e-05,1656719999988804,19458.25,19355.75,19458.25,19462.25,52.6768851258,2.05568332198,2.82656456773,0.939858409166,0.911056331432,-5.36607408777,0.164322672216,3.56495983513,-1.58306283827,-0.983740498354,0.256887804251,events_2022-07-01.csv,1656651206000000,1656651208000000,buy,8806.275,0,8806.275,1,0,1,8806.275,1,9.08333336348,9.08333336348,9.08333336348,0.69314718056,5.1250069923,0.79577440572,0.814486406106,-0.513455318052,0.550737169146
2022-07-01:BTCUSDT:1656654373:1,2022-07-01,BTCUSDT,1,1656654373,1656654375000000,1656654375122200,19504.5,19505,28.574,0.701,19433,19540.5,0,lower_first,1656655022999999,1656655022999999,19427,stop,1656655022999999,19433,target,4.1e-05,1656719999988804,19486.75,19379.25,19486.75,19489.75,55.165689507,1.53950761415,6.67119966131,0.978778920247,0.87034926639,-1.37418772943,-2.73224603952,2.80556558561,0.835061638644,0.455414841046,0.256413543763,events_2022-07-01.csv,1656654373000000,1656654375000000,buy,4232.844,0,4232.844,1,0,1,4232.844,1,8.35086560642,8.35086560642,8.35086560642,0.69314718056,4.3532367693,0.428228116384,0.445947205582,-0.513455318052,0.142960134638
2022-07-01:BTCUSDT:1656657966:1,2022-07-01,BTCUSDT,1,1656657966,1656657968000000,1656657968189794,19449.5,19450,83.297,3.085,19432.75,19458.75,1,upper_first,1656657979999999,1656657979999999,19458.75,target,1656657979999999,19465.5,stop,4.1e-05,1656719999988804,19445.75,19419.75,19445.75,19449.75,13.3705308358,2.05700474397,2.05700474397,0.994580084755,0.965838448094,-9.79514937218,0.0667738815507,4.80485850848,-0.146016302036,0.93239985976,0.257072713017,events_2022-07-01.csv,1656657966000000,1656657968000000,buy,3207.922,0,3207.922,1,0,1,3207.922,1,8.07369033418,8.07369033418,8.07369033418,0.69314718056,5.48448487126,0.289143847037,0.306487205799,-0.513455318052,0.74067300638
2022-07-01:BTCUSDT:1656658966:-1,2022-07-01,BTCUSDT,-1,1656658966,1656658968000000,1656658968110180,19328,19328.5,1.591,35.714,19308,19368.5,1,upper_first,1656659389999999,1656659389999999,19368.5,target,1656659389999999,19372.5,stop,4.1e-05,1656719999988804,19338.25,19338.25,19398.75,19331.75,31.2851473117,3.36121417398,5.1710987292,0.917901081523,0.927714326789,13.1499403215,-4.5541742548,0.408174020602,-4.76918542423,0.975601433203,0.258688706944,events_2022-07-01.csv,1656658966000000,1656658968000000,sell,38.513,0,38.513,1,0,1,38.513,1,3.67662973169,3.67662973169,3.67662973169,0.69314718056,0.802464008464,-1.91726495781,-1.90588212171,-0.513455318052,-1.7331469546
2022-07-01:BTCUSDT:1656659929:1,2022-07-01,BTCUSDT,1,1656659929,1656659931000000,1656659931116606,19441,19441.5,14.24,40.036,19408.25,19479.25,1,upper_first,1656660219999999,1656660219999999,19479.25,target,1656660219999999,19480,stop,4.1e-05,1656719999988804,19443.75,19372.75,19443.75,19448.75,36.5155898425,2.57152041144,-1.28576020572,0.381738842962,0.611626064087,-10.3332963369,2.43618881389,4.31810891504,1.14011898964,-0.522562134367,0.257185108982,events_2022-07-01.csv,1656659929000000,1656659931000000,buy,469.356,0,469.356,1,0,1,469.356,1,6.15348985479,6.15348985479,6.15348985479,0.69314718056,2.62854357369,-0.674396942549,-0.659656549611,-0.513455318052,-0.768308861995
2022-07-01:ETHUSDT:1656660217:1,2022-07-01,ETHUSDT,1,1656660217,1656660219000000,1656660219127551,1063.6,1063.65,0.89,11.98,1059.65,1064.3,1,upper_first,1656660238999999,1656660238999999,1064.3,target,1656660238999999,1064.35,stop,-0.000111,1656719999936870,1061.975,1057.325,1061.975,1063.525,43.7863414864,14.5954471621,14.5954471621,0.997175273859,0.747641848452,-2.77302551183,-0.281994642102,17.7977832814,-5.13453912423,0.240864562276,0.470134693589,events_2022-07-01.csv,1656660217000000,1656660219000000,buy,4466.539,0,4466.539,1,0,1,4466.539,1,8.40459297671,8.40459297671,8.40459297671,0.69314718056,4.63480263716,0.884956324589,0.892558420996,-0.2,0.972264640546
2022-07-01:BTCUSDT:1656660218:1,2022-07-01,BTCUSDT,1,1656660218,1656660220000000,1656660220110377,19479.5,19480,6.525,13.563,19445.5,19489,1,upper_first,1656660237999999,1656660237999999,19489,target,1656660237999999,19515,stop,4.1e-05,1656719999988804,19467.25,19423.75,19467.25,19469.75,22.3452208196,1.28420809308,6.4210404654,0.789686254995,0.797310957907,-5.16679989861,-1.33898133788,3.4902186622,1.52921968174,0.347794981859,0.2566768054,events_2022-07-01.csv,1656660218000000,1656660220000000,buy,900.519,0,900.519,1,0,1,900.519,1,6.80408111841,6.80408111841,6.80408111841,0.69314718056,3.72086965269,-0.34793560345,-0.332313288628,-0.513455318052,-0.191161058234
2022-07-01:BTCUSDT:1656660939:1,2022-07-01,BTCUSDT,1,1656660939,1656660941000000,1656660941118508,19638,19638.5,3.092,50.068,19573.5,19706,0,lower_first,1656661080999999,1656661080999999,19568.5,stop,1656661080999999,19573.5,target,4.1e-05,1656719999988804,19639.75,19507.25,19639.75,19641.25,67.4652172253,0.763757176135,-0.763757176135,0.713680779357,0.828715559708,-3.64461724138,0.0203610316318,2.96849525295,2.00589511675,-0.889358012591,0.254605171031,events_2022-07-01.csv,1656660939000000,1656660941000000,buy,868.626,0,868.626,1,0,1,868.626,1,6.76806323416,6.76806323416,6.76806323416,0.69314718056,2.63010076133,-0.36600908119,-0.350435591125,-0.513455318052,-0.767486097217
2022-07-01:BTCUSDT:1656661964:1,2022-07-01,BTCUSDT,1,1656661964,1656661966000000,1656661966149646,19631.5,19632,6.587,26.926,19587.25,19661.25,0,lower_first,1656662248999999,1656662248999999,19587,stop,1656662249999999,19587.25,target,4.1e-05,1656719999988804,19624.25,19550.25,19624.25,19631.75,37.7084474566,3.82180210709,3.82180210709,1,0.441655440212,-3.17751460307,0.0661986591211,5.07947312057,-10.2394397298,-0.836089960657,0.254689469864,events_2022-07-01.csv,1656661964000000,1656661966000000,buy,19.726,0,19.726,1,0,1,19.726,1,3.03138895076,3.03138895076,3.03138895076,0.69314718056,0.420760113405,-2.24104146875,-2.23053330159,-0.513455318052,-1.93482625985
2022-07-01:BTCUSDT:1656662839:-1,2022-07-01,BTCUSDT,-1,1656662839,1656662841000000,1656662841129870,19473,19473.5,6.05,60.474,19435.5,19531,1,upper_first,1656663050999999,1656663050999999,19531,target,1656663050999999,19535.5,stop,-7.2e-05,1656719999988804,19483.25,19483.25,19578.75,19480.25,49.0164628591,1.53978417359,5.13261391195,0.980771055751,0.77122748627,8.03533907232,0.0307866449589,0.446387799143,-9.97535010373,0.807244038013,0.256762481866,events_2022-07-01.csv,1656662839000000,1656662841000000,sell,19.4,0,19.4,1,0,1,19.4,1,3.01553490085,3.01553490085,3.01553490085,0.69314718056,0.333457262344,-2.24899690046,-2.23851022456,-0.513455318052,-1.98095410549
2022-07-01:ETHUSDT:1656663101:1,2022-07-01,ETHUSDT,1,1656663101,1656663103000000,1656663103236906,1068.05,1068.1,5,169.69,1064.4,1070.95,1,upper_first,1656663237999999,1656663237999999,1070.95,target,1656663237999999,1071.5,stop,6.2e-05,1656719999936870,1067.675,1061.125,1067.675,1067.925,61.3482567261,2.34153651626,2.80984381951,-1,0.996981804064,-5.84877409695,0.561513841315,4.68120962457,1.67253486805,0.959371848437,0.468175753177,events_2022-07-01.csv,1656663101000000,1656663103000000,buy,2147.7,0,2147.7,1,0,1,2147.7,1,7.67261828708,7.67261828708,7.67261828708,0.69314718056,3.58375029316,0.42667277827,0.433775024878,-0.2,0.325539999851
2022-07-01:ETHUSDT:1656663161:1,2022-07-01,ETHUSDT,1,1656663161,1656663163000000,1656663163156517,1069.05,1069.1,115.45,86.53,1065.5,1071.65,1,upper_first,1656663238999999,1656663238999999,1071.65,target,1656663238999999,1072.55,stop,6.2e-05,1656719999936870,1068.575,1062.425,1068.575,1069.025,57.5532835786,4.21121587161,4.67912874623,0.980198936781,0.898674360275,-6.59014002879,-0.654297331401,7.85825210021,0.544992915092,0.132480767309,0.467694034562,events_2022-07-01.csv,1656663161000000,1656663163000000,buy,805.9875,0,805.9875,1,0,1,805.9875,1,6.69330817868,6.69330817868,6.69330817868,0.69314718056,2.70832993738,-0.186465511598,-0.180032014834,-0.2,-0.213116250984
2022-07-01:ETHUSDT:1656663688:1,2022-07-01,ETHUSDT,1,1656663688,1656663690000000,1656663690117396,1081.75,1081.8,107.01,0.02,1078.075,1084.675,0,lower_first,1656664005999999,1656664005999999,1078,stop,1656664005999999,1078.075,target,6.2e-05,1656719999936870,1081.375,1074.775,1081.375,1082.125,61.0334065426,6.93561437984,2.31187145995,-0.938640295708,0.594811283874,-4.57435404576,0.27724126459,7.95368366535,-1.7867956912,-0.242794912006,0.462267421705,events_2022-07-01.csv,1656663688000000,1656663690000000,buy,1989.393,0,1989.393,1,0,1,1989.393,1,7.59608738566,7.59608738566,7.59608738566,0.69314718056,3.51438169119,0.378757388017,0.385807373317,-0.2,0.282856698261
2022-07-01:BTCUSDT:1656665101:-1,2022-07-01,BTCUSDT,-1,1656665101,1656665103000000,1656665103115290,19559,19559.5,6.475,39.942,19546.75,19594.75,1,upper_first,1656665311999999,1656665311999999,19594.75,target,1656665311999999,19597,stop,-7.2e-05,1656719999988804,19570.75,19570.75,19618.75,19559.25,24.5263978131,5.87611614271,5.87611614271,-0.681166271488,0.76107454804,2.6118922367,0.592879719016,4.7614960498,5.59168652429,0.711482353958,0.25563352378,events_2022-07-01.csv,1656665101000000,1656665103000000,sell,29908.992,0,29908.992,1,0,1,29908.992,1,10.3059478842,10.3059478842,10.3059478842,0.69314718056,7.1069841489,1.40927230516,1.4296416449,-0.513455318052,1.59794622606
2022-07-01:ETHUSDT:1656669339:-1,2022-07-01,ETHUSDT,-1,1656669339,1656669341000000,1656669341128486,1061.85,1061.9,131.3,4.1,1059.1625,1063.9875,0,lower_first,1656670046999999,1656670046999999,1057.6,stop,1656670046999999,1059.1625,target,6.2e-05,1656719999936870,1061.575,1061.575,1066.4,1061.525,45.4513341026,0.470998280854,-0.941996561716,-0.808767455817,0.854102765012,8.04683161887,-0.470597093591,4.42144873001,2.89902070817,-0.951883751143,0.470953917159,events_2022-07-01.csv,1656669339000000,1656669341000000,sell,1363.7235,0,1363.7235,1,0,1,1363.7235,1,7.218707123,7.218707123,7.218707123,0.69314718056,3.43411741464,0.142482599375,0.149274879797,-0.2,0.233469162321
2022-07-01:ETHUSDT:1656670153:1,2022-07-01,ETHUSDT,1,1656670153,1656670155000000,1656670155129120,1062.35,1062.4,5.02,336.41,1059.075,1066.175,1,upper_first,1656670593999999,1656670593999999,1066.175,target,1656670593999999,1066.4,stop,6.2e-05,1656719999936870,1062.625,1055.525,1062.625,1062.975,66.8156687449,3.29373014939,-2.35266439242,-0.319090254094,0.424066216459,-9.45099588106,0.940486043188,9.9781610061,5.03548321736,-0.99965779793,0.470643605132,events_2022-07-01.csv,1656670153000000,1656670155000000,buy,608.8455,0,608.8455,1,0,1,608.8455,1,6.4132056464,6.4132056464,6.4132056464,0.69314718056,2.31375410563,-0.361835484969,-0.35559326421,-0.2,-0.455903315273
2022-07-01:BTCUSDT:1656670591:1,2022-07-01,BTCUSDT,1,1656670591,1656670593000000,1656670593116792,19468.5,19469,56.739,4.575,19442.25,19477.25,1,upper_first,1656670595999999,1656670595999999,19477.25,target,1656670595999999,19483.5,stop,-7.2e-05,1656719999988804,19459.75,19424.75,19459.75,19468.75,17.9858425725,4.62493094721,4.62493094721,0.867871037083,0.982081687252,-1.23259283607,-1.93582309966,1.24301893344,15.24114903,0.945807187678,0.256821829856,events_2022-07-01.csv,1656670591000000,1656670593000000,buy,14540.8815,0,14540.8815,1,0,1,14540.8815,1,9.58478814437,9.58478814437,9.58478814437,0.69314718056,6.69637060165,1.04740028578,1.06679204314,-0.513455318052,1.38099204769
2022-07-01:ETHUSDT:1656671768:-1,2022-07-01,ETHUSDT,-1,1656671768,1656671770000000,1656671770156733,1058.2,1058.25,50.38,11.71,1056.55,1060.5,0,lower_first,1656671905999999,1656671905999999,1056.5,stop,1656671905999999,1056.55,target,6.2e-05,1656719999936870,1058.525,1058.525,1062.475,1058.025,37.316076616,4.72355400203,2.83413240122,1,0.923185263431,9.95959519674,-2.26620335398,4.62364475311,-0.246681420422,-0.69271043093,0.472489309929,events_2022-07-01.csv,1656671768000000,1656671770000000,sell,4511.12,0,4511.12,1,0,1,4511.12,1,8.41452238857,8.41452238857,8.41452238857,0.69314718056,4.80311449117,0.891173050583,0.898781927571,-0.2,1.07582886733
2022-07-01:BTCUSDT:1656671985:-1,2022-07-01,BTCUSDT,-1,1656671985,1656671987000000,1656671987119780,19157.5,19158,23.485,0.612,19024.25,19270.25,0,lower_first,1656672940999999,1656672940999999,19003,stop,1656672940999999,19024.25,target,-7.2e-05,1656719999988804,19147.25,19147.25,19393.25,19130,128.477979867,9.00912663698,-5.2226821084,-0.632144655662,-0.212251892339,5.33195043477,3.49949776209,1.3197704747,2.08937114297,-0.862964903091,0.782993383706,events_2022-07-01.csv,1656671985000000,1656671987000000,sell,343.205,0,343.205,2,0,2,266.945,1,5.84123741011,5.84123741011,5.59078173557,1.09861228867,1.30054958036,-0.831082648199,-0.942781640635,1.94758913744,-1.46997554505
2022-07-01:BTCUSDT:1656672048:-1,2022-07-01,BTCUSDT,-1,1656672048,1656672050000000,1656672050129109,19108.5,19109,3.635,7.702,18987.75,19250.75,0,lower_first,1656672942999999,1656672942999999,18975,stop,1656672942999999,18987.75,target,-7.2e-05,1656719999988804,19119.25,19119.25,19382.25,19112.25,137.557697085,3.66123148136,5.49184722204,0.775686033978,0.738780414274,9.22285909678,0.0209134689544,12.3394127004,-0.0183091525741,0.177571539056,0.261660234186,events_2022-07-01.csv,1656672048000000,1656672050000000,sell,95.2025,0,95.2025,1,0,1,95.2025,1,4.56645534486,4.56645534486,4.56645534486,0.69314718056,0.525965282261,-1.47075779196,-1.45816873511,-0.513455318052,-1.87923944075
2022-07-01:BTCUSDT:1656672175:-1,2022-07-01,BTCUSDT,-1,1656672175,1656672177000000,1656672177117176,19102.5,19103,8.204,11.247,18983.5,19231,0,lower_first,1656672942999999,1656672942999999,18975,stop,1656672942999999,18983.5,target,-7.2e-05,1656719999988804,19107.25,19107.25,19354.75,19097.75,129.531983933,4.97193473681,2.3551269806,-0.250839540135,0.0649866236811,4.32211589026,0.873765479253,7.56582318457,-31.2604560065,-0.693957237774,0.261742419285,events_2022-07-01.csv,1656672175000000,1656672177000000,sell,57.027,0,57.027,1,0,1,57.027,1,4.06090841947,4.06090841947,4.06090841947,0.69314718056,0.364819625997,-1.72443707644,-1.71253332375,-0.513455318052,-1.96438330337
2022-07-01:ETHUSDT:1656672788:-1,2022-07-01,ETHUSDT,-1,1656672788,1656672790000000,1656672790137036,1039.45,1039.5,30,25.01,1037.675,1041.575,0,lower_first,1656672796999999,1656672796999999,1037.5,stop,1656672796999999,1037.675,target,6.2e-05,1656719999936870,1039.625,1039.625,1043.525,1039.075,37.513526512,5.29036912348,0.480942647592,1,0.819321173496,6.87308346711,0.865068532653,4.22780163923,-9.26427364164,0.780557384244,0.480965779284,events_2022-07-01.csv,1656672788000000,1656672790000000,sell,3106.05,0,3106.05,1,0,1,3106.05,1,8.04142900196,8.04142900196,8.04142900196,0.69314718056,4.42841074154,0.657582241026,0.664936340553,-0.2,0.84526932457
2022-07-01:BTCUSDT:1656673017:1,2022-07-01,BTCUSDT,1,1656673017,1656673019000000,1656673019119463,19109.5,19110,8.266,19.59,19050.5,19201,0,lower_first,1656673126999999,1656673126999999,19040.5,stop,1656673126999999,19050.5,target,-7.2e-05,1656719999988804,19125.75,18975.25,19125.75,19126.75,78.689724586,0.522855312864,-8.36568500582,0.0914384890172,0.84314494337,-2.15027210621,-0.204036255673,4.91508008335,-5.3110649523,-0.568593428045,0.261646541687,events_2022-07-01.csv,1656673017000000,1656673019000000,buy,249.6975,0,249.6975,1,0,1,249.6975,1,5.52424703304,5.52424703304,5.52424703304,0.69314718056,1.42868089228,-0.990145809309,-0.976258398953,-0.513455318052,-1.40227533474
2022-07-01:BTCUSDT:1656673847:1,2022-07-01,BTCUSDT,1,1656673847,1656673849000000,1656673849204423,19179.5,19180,41.433,2.718,19128.25,19201.25,0,lower_first,1656673913999999,1656673913999999,19121,stop,1656673913999999,19128.25,target,-7.2e-05,1656719999988804,19164.75,19091.75,19164.75,19173.75,38.0907655983,4.69612178609,7.82686964349,0.322849877123,0.628136968699,-2.00171083723,-0.437855073099,6.32711332366,0.84288483843,0.667625662735,0.260691614854,events_2022-07-01.csv,1656673847000000,1656673849000000,buy,9714.096,0,9714.096,1,0,1,9714.096,1,9.18143624339,9.18143624339,9.18143624339,0.69314718056,5.54527494249,0.845001623078,0.863846608767,-0.513455318052,0.772792404399
2022-07-01:ETHUSDT:1656674923:1,2022-07-01,ETHUSDT,1,1656674923,1656674925000000,1656674925130178,1047.65,1047.7,50.44,34.96,1044.8,1048.75,0,lower_first,1656675199999999,1656675195999999,1044.8,stop,1656675199999999,1044.8,target,6.2e-05,1656719999936870,1046.775,1042.825,1046.775,1047.55,37.7349478159,7.403692293,8.59783621122,1,0.998724173186,-4.3410645626,-0.477017306187,10.8883561448,-0.396634670323,0.724148281555,0.477247237931,events_2022-07-01.csv,1656674923000000,1656674925000000,buy,673.664,0,673.664,1,0,1,673.664,1,6.51421478916,6.51421478916,6.51421478916,0.69314718056,2.93664671765,-0.298594462004,-0.29228326427,-0.2,-0.0726303003731
2022-07-01:BTCUSDT:1656677682:1,2022-07-01,BTCUSDT,1,1656677682,1656677684000000,1656677684169336,19215.5,19216,16.234,19.194,19193,19224.5,1,upper_first,1656677800999999,1656677800999999,19224.5,target,1656677800999999,19240,stop,-7.2e-05,1656719999988804,19208.75,19177.25,19208.75,19210.25,16.3987765992,0.780894123772,3.6441725776,0.973540340724,0.925521911135,-4.26551255075,-0.332906969667,3.16892723748,-2.78367251414,0.0252586893075,0.260203218714,events_2022-07-01.csv,1656677682000000,1656677684000000,buy,1139.6735,0,1139.6735,1,0,1,1139.6735,1,7.03937415641,7.03937415641,7.03937415641,0.69314718056,4.25557683585,-0.229867494384,-0.21392622342,-0.513455318052,0.0913599603035
2022-07-01:BTCUSDT:1656678803:1,2022-07-01,BTCUSDT,1,1656678803,1656678805000000,1656678805116236,19295,19295.5,55.509,5.967,19247.75,19319.75,1,upper_first,1656678818999999,1656678818999999,19319.75,target,1656678818999999,19322,stop,-7.2e-05,1656719999988804,19283.75,19211.75,19283.75,19292.25,37.3371361898,4.40785635574,5.96357036365,0.762931924616,-0.0237040900591,-3.80777719064,-0.341911159047,12.3036192974,0.239268548259,0.803997400065,0.25913113331,events_2022-07-01.csv,1656678803000000,1656678805000000,buy,1182.607,0,1182.607,1,0,1,1182.607,1,7.07632183467,7.07632183467,7.07632183467,0.69314718056,3.486571907,-0.211327453665,-0.195336097543,-0.513455318052,-0.314955987194
2022-07-01:ETHUSDT:1656682567:-1,2022-07-01,ETHUSDT,-1,1656682567,1656682569000000,1656682569124429,1045.1,1045.15,7.7,506.39,1040.4375,1050.3625,1,upper_first,1656682642999999,1656682642999999,1050.3625,target,1656682642999999,1050.5,stop,6.2e-05,1656719999936870,1045.4,1045.4,1055.325,1045.275,94.9397359862,1.19571455902,2.15228620624,-0.139774774844,0.783702154582,10.5612264403,-0.191157073768,2.9620004013,-1.0959682706,0.418139217026,0.478388786566,events_2022-07-01.csv,1656682567000000,1656682569000000,sell,874.818,0,874.818,1,0,1,874.818,1,6.77515830679,6.77515830679,6.77515830679,0.69314718056,2.32380395132,-0.135219795716,-0.128730405257,-0.2,-0.449719529206
2022-07-01:BTCUSDT:1656682583:-1,2022-07-01,BTCUSDT,-1,1656682583,1656682585000000,1656682585116574,19183.5,19184.5,2.069,0.249,19115.25,19278.25,1,upper_first,1656682684999999,1656682684999999,19278.25,target,1656682684999999,19286.5,stop,-7.2e-05,1656719999988804,19196.75,19196.75,19359.75,19192.25,84.9102061547,2.34414679568,4.16737208121,0.384994255833,0.766025771911,13.6871879074,-0.343492559483,3.75085968039,-0.213601551176,0.075143992499,0.260569344017,events_2022-07-01.csv,1656682583000000,1656682585000000,sell,38.256,0,38.256,1,0,1,38.256,1,3.67010429879,3.67010429879,3.67010429879,0.69314718056,0.371940412851,-1.92053936631,-1.90916537589,-0.513455318052,-1.96062092273
2022-07-01:ETHUSDT:1656682945:1,2022-07-01,ETHUSDT,1,1656682945,1656682947000000,1656682947126650,1057.2,1057.25,33.84,140.54,1051.125,1061.525,1,upper_first,1656683041999999,1656683041999999,1061.525,target,1656683041999999,1064.1,stop,6.2e-05,1656719999936870,1056.325,1045.925,1056.325,1057.275,98.4545476061,8.99344425248,8.75677466689,0.588983150705,0.711599097516,-4.7270148901,-0.189077020524,15.6235205,6.35737168517,-0.419133574007,0.945850082761,events_2022-07-01.csv,1656682945000000,1656682947000000,buy,21.24,0,21.24,1,0,1,21.24,1,3.10189246938,3.10189246938,3.10189246938,0.69314718056,0.195348064979,-2.435022396,-2.4310413999,-0.2,-1.75938300714
2022-07-01:BTCUSDT:1656683040:1,2022-07-01,BTCUSDT,1,1656683040,1656683042000000,1656683042109821,19467,19467.5,27.02,6.088,19332.5,19507,1,upper_first,1656683134999999,1656683134999999,19507,target,1656683134999999,19539,stop,-7.2e-05,1656719999988804,19419.75,19245.25,19419.75,19442.25,89.8569755017,11.586142973,30.2527066517,0.883807203519,0.908904718756,6.89953850667,-1.33041156462,25.1800302634,2.22382487792,0.395425042536,13.3480504146,events_2022-07-01.csv,1656683040000000,1656683042000000,buy,9626.0715,0,9626.0715,1,0,1,9626.0715,1,9.17233435678,9.17233435678,9.17233435678,0.69314718056,4.6833026834,0.840434371322,0.859267018768,-0.513455318052,0.317355693875
2022-07-01:ETHUSDT:1656683133:1,2022-07-01,ETHUSDT,1,1656683133,1656683135000000,1656683135134440,1067.55,1067.6,59.61,21.29,1055.7,1073.05,1,upper_first,1656683165999999,1656683165999999,1073.05,target,1656683165999999,1074,stop,6.2e-05,1656719999936870,1064.375,1047.025,1064.375,1065.425,163.00645919,9.86494421609,30.0645918967,0.726329411706,0.741745823178,5.38894095595,-0.0937198339279,26.8761629109,5.12989820187,-0.874937468734,0.468351169707,events_2022-07-01.csv,1656683133000000,1656683135000000,buy,5124.342,0,5124.342,1,0,1,5124.342,1,8.54195253349,8.54195253349,8.54195253349,0.69314718056,3.47928233579,0.970956053395,0.978651949693,-0.2,0.261259659696
2022-07-01:BTCUSDT:1656683134:1,2022-07-01,BTCUSDT,1,1656683134,1656683136000000,1656683136110547,19550.5,19551,4.245,0.35,19374.75,19598.75,1,upper_first,1656683164999999,1656683164999999,19598.75,target,1656683164999999,19636,stop,-7.2e-05,1656719999988804,19486.75,19262.75,19486.75,19538.5,114.949901856,26.5565063441,32.5862444995,0.77378520255,0.661427337303,21.8581363888,-15.6667291084,8.87107035698,-1.32636153441,0.828983066704,0.255751205228,events_2022-07-01.csv,1656683134000000,1656683136000000,buy,19.587,0,19.587,1,0,1,19.587,1,3.02465980863,3.02465980863,3.02465980863,0.69314718056,0.157342127241,-2.24441809687,-2.23391905152,-0.513455318052,-2.0740073296
2022-07-01:BTCUSDT:1656683919:-1,2022-07-01,BTCUSDT,-1,1656683919,1656683921000000,1656683921117575,19455.5,19456,18.702,9.666,19428.25,19507.25,0,lower_first,1656684000999999,1656684000999999,19426.5,stop,1656684000999999,19428.25,target,-7.2e-05,1656719999988804,19467.75,19467.75,19546.75,19455.75,40.5799334797,6.16404052857,6.16404052857,0.978715315513,0.98781881826,10.2486635917,0.184842219195,4.90627022361,2.83674978981,-0.27110817942,0.256993433818,events_2022-07-01.csv,1656683919000000,1656683921000000,sell,19.3785,0,19.3785,1,0,1,19.3785,1,3.01448042352,3.01448042352,3.01448042352,0.69314718056,0.390377851646,-2.2495260285,-2.23904078202,-0.513455318052,-1.95087920959
2022-07-01:ETHUSDT:1656684589:1,2022-07-01,ETHUSDT,1,1656684589,1656684591000000,1656684591125331,1059.95,1060,334.86,10.3,1057,1063.25,1,upper_first,1656684675999999,1656684675999999,1063.25,target,1656684675999999,1063.3,stop,6.2e-05,1656719999936870,1060.125,1053.875,1060.125,1060.425,58.9553118736,2.82985496993,-2.82985496993,-0.899538934431,0.687527887769,-9.28535741556,0.188538730568,1.41421379141,0.677647185554,0.87891440501,0.471776000754,events_2022-07-01.csv,1656684589000000,1656684591000000,buy,5330.75,0,5330.75,1,0,1,5330.75,1,8.58143479348,8.58143479348,8.58143479348,0.69314718056,4.51546625824,0.995675583157,1.00339844104,-0.2,0.898835588972
2022-07-01:ETHUSDT:1656684671:1,2022-07-01,ETHUSDT,1,1656684671,1656684673000000,1656684673135623,1062.8,1062.85,4,0.02,1059.0875,1066.9125,0,lower_first,1656684703999999,1656684703999999,1059.05,stop,1656684704999999,1059.0875,target,6.2e-05,1656719999936870,1063,1055.175,1063,1063.175,73.6124176858,1.6462841016,-3.05738476011,-0.927800255447,0.0493253003554,-10.5752961083,2.06848568044,3.10304945132,-24.4002573038,0.684167684168,0.470510739407,events_2022-07-01.csv,1656684671000000,1656684673000000,buy,438.2285,0,438.2285,1,0,1,438.2285,1,6.0850197788,6.0850197788,6.0850197788,0.69314718056,1.93920013905,-0.567310053129,-0.561291943451,-0.2,-0.686370694789
2022-07-01:ETHUSDT:1656684735:-1,2022-07-01,ETHUSDT,-1,1656684735,1656684737000000,1656684737129395,1055.4,1055.45,214.49,0.18,1051.6,1059.65,0,lower_first,1656684868999999,1656684865999999,1051.4,stop,1656684868999999,1051.6,target,6.2e-05,1656719999936870,1055.625,1055.625,1063.675,1055.325,76.2581409118,2.84191829485,1.89461219656,-1,0.0122862838518,9.79686878822,1.23037318165,4.82511329555,-2.86286521512,-0.998194130926,0.473742805031,events_2022-07-01.csv,1656684735000000,1656684737000000,sell,2102.8,0,2102.8,1,0,1,2102.8,1,7.65150051231,7.65150051231,7.65150051231,0.69314718056,3.35252384113,0.413451107011,0.420538932745,-0.2,0.183263694619
2022-07-01:BTCUSDT:1656684866:-1,2022-07-01,BTCUSDT,-1,1656684866,1656684868000000,1656684868110596,19337,19337.5,20.03,7.548,19267.5,19415,1,upper_first,1656685454999999,1656685454999999,19415,target,1656685454999999,19419,stop,-7.2e-05,1656719999988804,19341.25,19341.25,19488.75,19337.25,76.2618755251,2.06811865831,2.06811865831,0.603261049857,0.249166424153,11.0648097209,0.16013240367,0.568188568357,0.973889624611,-0.610193335745,0.258568307283,events_2022-07-01.csv,1656684866000000,1656684868000000,sell,14292.404,0,14292.404,1,0,1,14292.404,1,9.56755345109,9.56755345109,9.56755345109,0.69314718056,5.23863198586,1.03875205861,1.05812045313,-0.513455318052,0.610772736133
2022-07-01:ETHUSDT:1656685637:-1,2022-07-01,ETHUSDT,-1,1656685637,1656685639000000,1656685639123974,1049,1049.05,119.29,26.22,1043.5625,1053.3875,1,upper_first,1656686831999999,1656686831999999,1053.3875,target,1656686830999999,1053.4,stop,6.2e-05,1656719999936870,1048.475,1048.475,1058.3,1048.325,93.7075275996,1.43064927633,-5.24571401321,-1,0.874419739729,5.19260268491,3.23837281291,-1.61997331809,-3.38422043044,-0.8416055577,0.476633064035,events_2022-07-01.csv,1656685637000000,1656685639000000,sell,563.922,0,563.922,1,0,1,563.922,1,6.33668766852,6.33668766852,6.33668766852,0.69314718056,1.94846322154,-0.409742783892,-0.403552815617,-0.2,-0.680671013201
2022-07-01:ETHUSDT:1656686617:1,2022-07-01,ETHUSDT,1,1656686617,1656686619000000,1656686619137739,1052.45,1052.5,121.5,15.78,1048.45,1055.1,1,upper_first,1656686873999999,1656686873999999,1055.1,target,1656686873999999,1055.25,stop,6.2e-05,1656719999936870,1051.775,1045.125,1051.775,1052.425,63.2264505241,6.1800289986,6.65541584464,0.182898842126,0.571170199539,-6.31445012059,-0.474748146108,7.12663556286,0.937678300574,0.471656976744,0.475070666761,events_2022-07-01.csv,1656686617000000,1656686619000000,buy,2116.4,0,2116.4,1,0,1,2116.4,1,7.65794419991,7.65794419991,7.65794419991,0.69314718056,3.54018605358,0.417485448702,0.424577674691,-0.2,0.29873442033
2022-07-01:BTCUSDT:1656686618:1,2022-07-01,BTCUSDT,1,1656686618,1656686620000000,1656686620110242,19396,19396.5,15.49,14.897,19338.75,19450.75,0,lower_first,1656687773999999,1656687773999999,19332,stop,1656687773999999,19338.75,target,-7.2e-05,1656719999988804,19394.75,19282.75,19394.75,19396.25,57.7475863314,0.773405174081,0.773405174082,0.828898840308,0.837695672974,-3.95280953539,0.0979193175743,4.4340593504,0.176198690649,0.118831397395,0.257781787717,events_2022-07-01.csv,1656686618000000,1656686620000000,buy,565.355,0,565.355,1,0,1,565.355,1,6.33922109007,6.33922109007,6.33922109007,0.69314718056,2.37862961689,-0.581198538002,-0.566206373406,-0.513455318052,-0.900354863708
2022-07-01:BTCUSDT:1656686833:1,2022-07-01,BTCUSDT,1,1656686833,1656686835000000,1656686835118781,19404,19404.5,8.647,33.757,19378.5,19421,1,upper_first,1656686872999999,1656686872999999,19421,target,1656686872999999,19425,stop,-7.2e-05,1656719999988804,19399.75,19357.25,19399.75,19402.75,21.907498808,1.54641168056,2.31961752085,0.841230466708,0.739449057221,-4.82650839977,0.339979065531,1.79803020381,0.801591675721,-0.862050209205,0.257675509231,events_2022-07-01.csv,1656686833000000,1656686835000000,buy,819.378,0,819.378,1,0,1,819.378,1,6.70976520965,6.70976520965,6.70976520965,0.69314718056,3.64810208822,-0.395262549864,-0.379768086842,-0.513455318052,-0.229608954724
2022-07-01:ETHUSDT:1656686875:1,2022-07-01,ETHUSDT,1,1656686875,1656686877000000,1656686877128643,1055.7,1055.75,60.5,102.63,1052.85,1058.2,0,lower_first,1656687145999999,1656687145999999,1052.5,stop,1656687145999999,1052.85,target,6.2e-05,1656719999936870,1055.525,1050.175,1055.525,1056.125,50.6856777433,5.68437507401,1.89479169134,-0.239305648538,0.968507703312,-5.91659961187,0.0946664899559,4.9250352803,2.39747518416,-0.769187481061,0.473608183949,events_2022-07-01.csv,1656686875000000,1656686877000000,buy,2367.0335,0,2367.0335,1,0,1,2367.0335,1,7.76981514286,7.76981514286,7.76981514286,0.69314718056,3.86493650577,0.487526958598,0.494695578852,-0.2,0.49855712251
2022-07-01:BTCUSDT:1656687876:-1,2022-07-01,BTCUSDT,-1,1656687876,1656687878000000,1656687878109940,19310,19310.5,2.343,42.472,19271.75,19357.75,1,upper_first,1656687965999999,1656687965999999,19357.75,target,1656687965999999,19368.5,stop,-7.2e-05,1656719999988804,19314.75,19314.75,19400.75,19310.25,44.525556893,2.32982565138,2.32982565138,0.636430373207,0.839912857426,7.37922979677,0.160415465708,7.3014479309,-5.80362221486,0.506133267583,0.258929842959,events_2022-07-01.csv,1656687876000000,1656687878000000,sell,1192.291,0,1192.291,1,0,1,1192.291,1,7.08447031524,7.08447031524,7.08447031524,0.69314718056,3.3242327281,-0.20723861321,-0.191236211254,-0.513455318052,-0.400730466417
2022-07-01:BTCUSDT:1656688695:1,2022-07-01,BTCUSDT,1,1656688695,1656688697000000,1656688697118078,19472,19472.5,50.648,4.567,19433.25,19506.25,0,lower_first,1656688746999999,1656688746999999,19425.5,stop,1656688746999999,19433.25,target,-7.2e-05,1656719999988804,19469.75,19396.75,19469.75,19471.75,37.4940613002,1.02723455617,1.28404319521,0.680656728407,0.355944630216,-4.49155587495,-0.0615981011354,1.89451212719,1.40816659333,0.822774985933,0.256775667938,events_2022-07-01.csv,1656688695000000,1656688697000000,buy,880.965,0,880.965,1,0,1,880.965,1,6.78215237268,6.78215237268,6.78215237268,0.69314718056,3.1985147773,-0.358939267494,-0.343346678617,-0.513455318052,-0.467155539108
2022-07-01:ETHUSDT:1656691444:1,2022-07-01,ETHUSDT,1,1656691444,1656691446000000,1656691446177654,1057.15,1057.2,28.87,158.96,1055.4375,1058.9625,1,upper_first,1656691568999999,1656691568999999,1058.9625,target,1656691568999999,1059.4,stop,-9e-06,1656719999936870,1057.2,1053.675,1057.2,1057.375,33.3427922815,1.65531592887,-0.236473704123,-0.995499625345,0.269058786342,-7.13657803446,-0.0945233189031,5.95857372553,-4.26867084,-0.649251799306,0.472958592475,events_2022-07-01.csv,1656691444000000,1656691446000000,buy,3338.448,0,3338.448,1,0,1,3338.448,1,8.11356080285,8.11356080285,8.11356080285,0.69314718056,4.61635764907,0.702743389334,0.710146746119,-0.2,0.960915226443
2022-07-01:BTCUSDT:1656692454:1,2022-07-01,BTCUSDT,1,1656692454,1656692456000000,1656692456110053,19422,19422.5,10.459,35.539,19366.75,19432.75,0,lower_first,1656692740999999,1656692740999999,19355,stop,1656692740999999,19366.75,target,4e-06,1656719999988804,19399.75,19333.75,19399.75,19418.75,34.0210569724,9.79394064356,13.9177051251,0.368154444594,0.72230225688,-1.82189766596,0.046319646736,11.5881243624,0.15006384201,-0.245931533722,0.257377070277,events_2022-07-01.csv,1656692454000000,1656692456000000,buy,44520.679,0,44520.679,1,0,1,44520.679,1,10.7037315181,10.7037315181,10.7037315181,0.69314718056,7.17749327242,1.6088768573,1.62978542053,-0.513455318052,1.63520083947
2022-07-01:ETHUSDT:1656692454:1,2022-07-01,ETHUSDT,1,1656692454,1656692456000000,1656692456117170,1068.25,1068.3,23.64,92.84,1063.75,1069.9,1,upper_first,1656692594999999,1656692594999999,1069.9,target,1656692594999999,1070,stop,-9e-06,1656719999936870,1066.825,1060.675,1066.825,1068.475,57.6476929206,15.4664541982,15.9351346285,0.221915607154,0.815177893293,-2.85358756771,-0.374226987379,27.4885073647,-22.6504250984,-0.563387175722,0.467934769893,events_2022-07-01.csv,1656692454000000,1656692456000000,buy,729.402,0,729.402,1,0,1,729.402,1,6.5935950675,6.5935950675,6.5935950675,0.69314718056,2.61394116145,-0.24889509947,-0.242529694648,-0.2,-0.271194754447
2022-07-01:ETHUSDT:1656696093:1,2022-07-01,ETHUSDT,1,1656696093,1656696095000000,1656696095137613,1071.2,1071.25,213.49,26.12,1067.375,1073.775,0,lower_first,1656696812999999,1656696812999999,1067.2,stop,1656696812999999,1067.375,target,-9e-06,1656719999936870,1070.575,1064.175,1070.575,1070.975,59.7809588305,3.73630992691,6.07150363123,0.988997499504,0.852622353695,-2.75309840227,-1.3996846044,3.73440884308,-0.427722101691,0.751511910149,0.466755350183,events_2022-07-01.csv,1656696093000000,1656696095000000,buy,2530.1275,0,2530.1275,1,0,1,2530.1275,1,7.83642013462,7.83642013462,7.83642013462,0.69314718056,3.76869061394,0.529227815551,0.536441918924,-0.2,0.439335914194
2022-07-01:ETHUSDT:1656698890:-1,2022-07-01,ETHUSDT,-1,1656698890,1656698892000000,1656698892116797,1070,1070.1,204.31,0.1,1068.35,1071.7,0,lower_first,1656698927999999,1656698927999999,1068.15,stop,1656698927999999,1068.35,target,-9e-06,1656719999936870,1070.025,1070.025,1073.375,1069.775,31.3076797271,2.33639400949,2.33639400949,1,0.997611703277,6.02567216607,0.0934204011471,8.30758603952,-1.9789975751,-0.836725489091,0.46738800215,events_2022-07-01.csv,1656698890000000,1656698892000000,sell,436.7115,0,436.7115,1,0,1,436.7115,1,6.08156001756,6.08156001756,6.08156001756,0.69314718056,2.70464585126,-0.569476182198,-0.563460435117,-0.2,-0.215383111704
2022-07-01:ETHUSDT:1656699730:1,2022-07-01,ETHUSDT,1,1656699730,1656699732000000,1656699732116581,1075.25,1075.3,82.91,43.2,1072.325,1075.825,1,upper_first,1656700270999999,1656700270999999,1075.825,target,1656700270999999,1076.85,stop,-9e-06,1656719999936870,1074.075,1070.575,1074.075,1075.275,32.586178805,11.1724041617,12.1034378419,0.955687085102,0.981260536822,-1.44114994468,-0.0929765513136,14.8052963853,2.56660753227,-0.980531579147,0.464954085786,events_2022-07-01.csv,1656699730000000,1656699732000000,buy,22824.626,0,22824.626,1,0,1,22824.626,1,10.0356391312,10.0356391312,10.0356391312,0.69314718056,6.55313374254,1.90614138257,1.91485728538,-0.2,2.15263591506
2022-07-01:ETHUSDT:1656699857:1,2022-07-01,ETHUSDT,1,1656699857,1656699859000000,1656699859127457,1075.6,1075.65,236.44,35,1072.975,1077.775,0,lower_first,1656700176999999,1656700176999999,1072.55,stop,1656700176999999,1072.975,target,-9e-06,1656719999936870,1075.375,1070.575,1075.375,1075.525,44.6355922353,1.39486225735,2.32477042892,-0.874348019215,0.335193987209,0.0464848180592,-2.78831139862,-0.185935814958,2.25444780007,0.757556321655,0.464846019758,events_2022-07-01.csv,1656699857000000,1656699859000000,buy,529.6655,0,529.6655,1,0,1,529.6655,1,6.27413187924,6.27413187924,6.27413187924,0.69314718056,2.55462223677,-0.448908467295,-0.442761217025,-0.2,-0.307694373579
2022-07-01:BTCUSDT:1656703552:-1,2022-07-01,BTCUSDT,-1,1656703552,1656703554000000,1656703554149179,19269.5,19270,17.43,9.537,19245.75,19301.75,1,upper_first,1656703756999999,1656703756999999,19301.75,target,1656703756999999,19306.5,stop,4e-06,1656719999988804,19273.75,19273.75,19329.75,19269.75,29.0550619366,2.0753615669,2.0753615669,1,0.893202051794,9.2235712797,-0.300721316373,9.14261916096,0.0402922437315,-0.146053265178,0.259474046109,events_2022-07-01.csv,1656703552000000,1656703554000000,sell,57.579,0,57.579,1,0,1,57.579,1,4.07037627058,4.07037627058,4.07037627058,0.69314718056,1.09250034591,-1.71968618671,-1.70776959969,-0.513455318052,-1.57990165689
2022-07-01:ETHUSDT:1656703615:-1,2022-07-01,ETHUSDT,-1,1656703615,1656703617000000,1656703617216153,1058.4,1058.45,77.02,29.09,1056.25,1060.7,1,upper_first,1656703700999999,1656703700999999,1060.7,target,1656703660999999,1060.7,stop,-9e-06,1656719999936870,1058.475,1058.475,1062.925,1058.425,42.0416164765,0.472377713217,0.472377713217,1,0.840338806079,8.07152027792,0.0944028547423,9.71414020428,0.0933759502519,-0.441647168928,0.472400028344,events_2022-07-01.csv,1656703615000000,1656703617000000,sell,316.26,0,316.26,1,0,1,316.26,1,5.75972162698,5.75972162698,5.75972162698,0.69314718056,2.14271513963,-0.770976645348,-0.765180674794,-0.2,-0.56114556554
2022-07-01:ETHUSDT:1656706195:1,2022-07-01,ETHUSDT,1,1656706195,1656706197000000,1656706197133470,1077.65,1077.7,89.91,208.27,1070.75,1082.2,1,upper_first,1656706739999999,1656706739999999,1082.2,target,1656706739999999,1082.85,stop,-9e-06,1656719999936870,1076.475,1065.025,1076.475,1076.725,106.365684294,2.32239485357,4.64478970715,-0.649097365868,0.970603570358,-1.34618241236,-0.185676885086,8.82760158711,1.33448133603,0.790107128687,0.46426333016,events_2022-07-01.csv,1656706195000000,1656706197000000,buy,7238.2455,0,7238.2455,1,0,1,7238.2455,1,8.88727226724,8.88727226724,8.88727226724,0.69314718056,4.23483914225,1.18715799923,1.19508970696,-0.2,0.726162484918
2022-07-01:BTCUSDT:1656706196:1,2022-07-01,BTCUSDT,1,1656706196,1656706198000000,1656706198108551,19477,19477.5,23.977,27.585,19399.25,19517.25,1,upper_first,1656706738999999,1656706738999999,19517.25,target,1656706738999999,19521,stop,4e-06,1656719999988804,19458.25,19340.25,19458.25,19472.25,60.6426579985,7.19489162694,9.76449577943,0.827583013136,0.735211513975,1.70997929539,-3.15194101045,2.57333358673,-2.20681343207,-0.279015456473,0.25670975112,events_2022-07-01.csv,1656706196000000,1656706198000000,buy,1526.265,0,1526.265,1,0,1,1526.265,1,7.33123383306,7.33123383306,7.33123383306,0.69314718056,3.26454395951,-0.0834147118241,-0.0670778046896,-0.513455318052,-0.432267973725
2022-07-01:BTCUSDT:1656706758:1,2022-07-01,BTCUSDT,1,1656706758,1656706760000000,1656706760108910,19575.5,19576,5.295,9.937,19475.625,19600.375,1,upper_first,1656706761999999,1656706761999999,19600.375,target,1656706761999999,19609.5,stop,4e-06,1656719999988804,19538,19413.25,19538,19577.75,63.849933463,20.3449687788,19.3213225509,0.83204700234,0.700905359525,0.270750469216,0.720350304821,24.9455739915,6.11653594798,0.488525279423,0.255418055502,events_2022-07-01.csv,1656706758000000,1656706760000000,buy,78.532,0,78.532,1,0,1,78.532,1,4.3761594564,4.3761594564,4.3761594564,0.69314718056,0.801977578785,-1.56624670189,-1.55391560441,-0.513455318052,-1.73340396744
2022-07-01:ETHUSDT:1656706872:1,2022-07-01,ETHUSDT,1,1656706872,1656706874000000,1656706874117908,1090.15,1090.2,29.25,5.47,1080.25,1096.7,0,lower_first,1656707806999999,1656707806999999,1079.9,stop,1656707806999999,1080.25,target,-9e-06,1656719999936870,1088.475,1072.025,1088.475,1088.625,151.128872964,1.37807482946,12.8620317417,0.838164924865,0.831420900413,5.73789304567,-1.00976720276,17.6579327343,0.950701653242,0.603138280484,0.458768207365,events_2022-07-01.csv,1656706872000000,1656706874000000,buy,4767.006,0,4767.006,1,0,1,4767.006,1,8.46968346713,8.46968346713,8.46968346713,0.69314718056,3.48255171059,0.925708964271,0.933355509576,-0.2,0.263271343751
2022-07-01:BTCUSDT:1656706873:1,2022-07-01,BTCUSDT,1,1656706873,1656706875000000,1656706875292338,19664.5,19683,4.988,6.663,19511.25,19707.25,0,lower_first,1656707671999999,1656707671999999,19511,stop,1656707730999999,19511.25,target,4e-06,1656719999988804,19609.25,19413.25,19609.25,19649.75,99.9528283846,20.6535181101,23.5858077183,0.834176807205,0.809282862427,12.0365507718,-4.87235151801,9.48847871287,0.599308613363,0.881134133043,0.508763450434,events_2022-07-01.csv,1656706873000000,1656706875000000,buy,39.417,0,39.417,1,0,1,39.417,1,3.69925048854,3.69925048854,3.69925048854,0.69314718056,0.332432677224,-1.90591404828,-1.89450054817,-0.513455318052,-1.98149546128
2022-07-01:ETHUSDT:1656707669:-1,2022-07-01,ETHUSDT,-1,1656707669,1656707671000000,1656707671126515,1081.7,1081.8,1.62,2.05,1078.875,1085.075,0,lower_first,1656707833999999,1656707833999999,1078.8,stop,1656707833999999,1078.875,target,-9e-06,1656719999936870,1081.975,1081.975,1088.175,1081.875,57.3026178978,0.924235772545,0.924235772545,0.974682389061,-0.226345599962,6.14296007538,-0.92383873471,0.461855365373,0.00934131870745,0.991717320152,0.46216060081,events_2022-07-01.csv,1656707669000000,1656707671000000,sell,786.283,0,786.283,1,0,1,786.283,1,6.66858777717,6.66858777717,6.66858777717,0.69314718056,2.68931508973,-0.201942758874,-0.195526143141,-0.2,-0.224816306254
2022-07-01:ETHUSDT:1656707743:-1,2022-07-01,ETHUSDT,-1,1656707743,1656707745000000,1656707745176335,1081.25,1081.3,42.31,39.7,1078.35,1084.6,0,lower_first,1656707876999999,1656707836999999,1078.3,stop,1656707876999999,1078.35,target,-9e-06,1656719999936870,1081.475,1081.475,1087.725,1081.275,57.7914422432,1.84932615178,1.84932615178,1,0.970229088347,6.51583208562,-0,0.184842883549,-2.50139414109,0.010854816825,0.462417053941,events_2022-07-01.csv,1656707743000000,1656707745000000,sell,10.765,0,10.765,1,0,1,10.765,1,2.46512902218,2.46512902218,2.46512902218,0.69314718056,0.1708166737,-2.83369493876,-2.83014877475,-0.2,-1.77447745538
2022-07-01:ETHUSDT:1656707803:-1,2022-07-01,ETHUSDT,-1,1656707803,1656707805000000,1656707805125281,1080.35,1080.4,78.79,72.54,1077.65,1084,0,lower_first,1656707989999999,1656707989999999,1077.4,stop,1656707989999999,1077.65,target,-9e-06,1656719999936870,1080.825,1080.825,1087.175,1080.375,58.7514167418,4.1634862258,4.1634862258,-0.75168791767,0.606542757493,5.78168362627,-0,2.95934598454,0.54840569187,0.00674951113354,0.462802267733,events_2022-07-01.csv,1656707803000000,1656707805000000,sell,3474.6725,0,3474.6725,1,0,1,3474.6725,1,8.15354326446,8.15354326446,8.15354326446,0.69314718056,4.09670736043,0.727776091358,0.735206751307,-0.2,0.64116840496
2022-07-01:BTCUSDT:1656707967:-1,2022-07-01,BTCUSDT,-1,1656707967,1656707969000000,1656707969149259,19478,19478.5,53.956,10.891,19447.25,19504.25,1,upper_first,1656708480999999,1656708480999999,19504.25,target,1656708480999999,19508,stop,4e-06,1656719999988804,19475.75,19475.75,19532.75,19474.75,29.2671655777,0.513459045223,-1.28364761306,-0.870756474274,0.765199808311,5.78772294663,-0.0153929038715,1.11329437658,-0.178637531549,-0.674456133817,0.256696571817,events_2022-07-01.csv,1656707967000000,1656707969000000,sell,22473.5895,0,22473.5895,1,0,1,22473.5895,1,10.0201405944,10.0201405944,10.0201405944,0.69314718056,6.64493128415,1.26585656052,1.28583846852,-0.513455318052,1.35381326866
2022-07-01:BTCUSDT:1656708607:1,2022-07-01,BTCUSDT,1,1656708607,1656708609000000,1656708609128921,19535.5,19536,53.529,10.826,19499.5,19563,0,lower_first,1656708834999999,1656708834999999,19494.5,stop,1656708834999999,19499.5,target,4e-06,1656719999988804,19531.25,19467.75,19531.25,19535.75,32.512,2.304,2.304,0.840003767411,0.985356404902,-1.76056428132,-0.52711791372,0.731916043599,11.4215691761,0.663574636026,0.255941031186,events_2022-07-01.csv,1656708607000000,1656708609000000,buy,451.651,0,451.651,1,0,1,451.651,1,6.11512140913,6.11512140913,6.11512140913,0.69314718056,2.70081237492,-0.693649912656,-0.678961530826,-0.513455318052,-0.730124494971
2022-07-01:ETHUSDT:1656713530:-1,2022-07-01,ETHUSDT,-1,1656713530,1656713532000000,1656713532236281,1061.15,1061.2,61.52,52.18,1058.35,1064.15,1,upper_first,1656713996999999,1656713996999999,1064.15,target,1656713995999999,1064.6,stop,-9e-06,1656719999936870,1061.25,1061.25,1067.05,1061.175,54.6525323911,0.706713780917,0.706713780917,1,0.10371150903,9.64978346827,-0,1.78842044824,0.102504317486,-0.0926279429143,0.471175819257,events_2022-07-01.csv,1656713530000000,1656713532000000,sell,105.68,0,105.68,1,0,1,105.68,1,4.66983369931,4.66983369931,4.66983369931,0.69314718056,1.07625443404,-1.45334683063,-1.44829512114,-0.2,-1.217351149
2022-07-01:ETHUSDT:1656714160:-1,2022-07-01,ETHUSDT,-1,1656714160,1656714162000000,1656714162156147,1060.25,1060.3,149.86,10.8,1058.8,1062.45,1,upper_first,1656714208999999,1656714208999999,1062.45,target,1656714208999999,1062.75,stop,-9e-06,1656719999936870,1060.625,1060.625,1064.275,1060.025,34.4136711844,5.65704183854,3.29994107248,-0.866672535045,0.750600912957,7.77495052304,-0,5.93371196067,-0.156602562322,-0.966349576134,0.471575770436,events_2022-07-01.csv,1656714160000000,1656714162000000,sell,1140.156,0,1140.156,1,0,1,1140.156,1,7.03979706269,7.03979706269,7.03979706269,0.69314718056,3.53020321863,0.030468429935,0.0371385365178,-0.2,0.292591866739
2022-07-01:ETHUSDT:1656715111:1,2022-07-01,ETHUSDT,1,1656715111,1656715113000000,1656715113156242,1067.95,1068,24.41,277.48,1065.4,1069.65,1,upper_first,1656715213999999,1656715213999999,1069.65,target,1656715213999999,1069.7,stop,-9e-06,1656719999936870,1067.525,1063.275,1067.525,1067.975,39.8117140114,4.21535795414,4.21535795414,-0.956987276913,0.717020956169,-1.91915220281,0,1.87269424521,-24.1051732726,-0.841416274159,0.468175753177,events_2022-07-01.csv,1656715111000000,1656715113000000,buy,257.592,0,257.592,1,0,1,257.592,1,5.55525153005,5.55525153005,5.55525153005,0.69314718056,2.01092933134,-0.898993750946,-0.89333740863,-0.2,-0.64223489473
2022-07-01:ETHUSDT:1656719586:-1,2022-07-01,ETHUSDT,-1,1656719586,1656719588000000,1656719588116882,1064.75,1064.8,26.48,191.06,1061.7875,1068.7125,0,lower_first,1656719674999999,1656719674999999,1060.75,stop,1656719674999999,1061.7875,target,-9e-06,1656719999936870,1065.25,1065.25,1072.175,1065.025,65.0082140343,2.11218023938,2.11218023938,0.997714178526,0.999332128719,6.14631033706,-0,3.65829635952,-2.96903985335,0.738329098563,0.469472547592,events_2022-07-01.csv,1656719586000000,1656719588000000,sell,975.66,0,975.66,1,0,1,975.66,1,6.88413858738,6.88413858738,6.88413858738,0.69314718056,2.77310466764,-0.0669881065958,-0.0604242958434,-0.2,-0.173259611691
2022-07-01:ETHUSDT:1656719708:-1,2022-07-01,ETHUSDT,-1,1656719708,1656719710000000,1656719710116653,1056.25,1056.3,106.62,123.51,1050.25,1063.9,-2,source_boundary,1656719999936870,1656719999936870,1050.25,source_boundary_full_stop,1656719999936870,1063.9,source_boundary_full_stop,-9e-06,1656719999936870,1057.075,1057.075,1070.725,1057.025,129.129910366,0.473003334671,7.56805335477,0.52649585664,0.557915274628,14.6055094439,-5.95919371163,8.02894197437,2.45236156671,-0.451509493782,0.47336157724,events_2022-07-01.csv,1656719708000000,1656719710000000,sell,431.648,0,431.648,1,0,1,431.648,1,6.06992446437,6.06992446437,6.06992446437,0.69314718056,1.46850599072,-0.576761109742,-0.57075330833,-0.2,-0.97599423799
2022-07-01:ETHUSDT:1656719802:-1,2022-07-01,ETHUSDT,-1,1656719802,1656719804000000,1656719804136465,1054.5,1054.55,4,0.01,1048.375,1060.775,-2,source_boundary,1656719999936870,1656719999936870,1048.375,source_boundary_full_stop,1656719999936870,1060.775,source_boundary_full_stop,-9e-06,1656719999936870,1054.575,1054.575,1066.975,1054.275,117.582912548,2.84474788422,0.948249294741,-0.700060241609,0.444592645974,4.97630331754,0.189569865974,5.96800015157,-4.62832699232,-0.978132678133,0.474169610469,events_2022-07-01.csv,1656719802000000,1656719804000000,sell,1123.6605,0,1123.6605,1,0,1,1123.6605,1,7.02523649132,7.02523649132,7.02523649132,0.69314718056,2.35672518479,0.0213521717091,0.0280123351904,-0.2,-0.429462714204
2022-09-01:BTCUSDT:1661992813:-1,2022-09-01,BTCUSDT,-1,1661992813,1661992815000000,1661992815133461,19991,19991.5,11.48,112.974,19945.75,20041.75,0,lower_first,1661992884999999,1661992884999999,19942,stop,1661992884999999,19945.75,target,0.0001,1662076799792995,19993.75,19993.75,20089.75,19993.25,48.015004689,0.250078149422,1.25039074711,0.897018742043,-0.149773217383,1.12536574387,5.00412177663,4.16461893737,-0,0.908203439196,0.250109422873,events_2022-09-01.csv,1661992813000000,1661992815000000,sell,437.679,0,437.679,1,0,1,437.679,1,6.08376793832,6.08376793832,6.08376793832,0.69314718056,2.31406524588,-0.709382826142,-0.694736946131,-0.513455318052,-0.934468472865
2022-09-01:BTCUSDT:1661996557:1,2022-09-01,BTCUSDT,1,1661996557,1661996559000000,1661996559113632,20154,20154.5,79.252,23.502,20136,20162.5,1,upper_first,1661996582999999,1661996582999999,20162.5,target,1661996582999999,20171,stop,0.0001,1662076799792995,20149.25,20122.75,20149.25,20154.25,13.1518542874,2.48148194102,2.48148194101,0.998925335621,0.683388531088,-0.362193363626,-4.96404907714,2.52606838052,-1.86796919911,0.568874868559,0.248086631852,events_2022-09-01.csv,1661996557000000,1661996559000000,buy,2997,0,2997,1,0,1,2997,1,8.00570067866,8.00570067866,8.00570067866,0.69314718056,5.43318304727,0.255027197728,0.272278391765,-0.513455318052,0.713566874231
2022-09-01:ETHUSDT:1662005507:-1,2022-09-01,ETHUSDT,-1,1662005507,1662005509000000,1662005509106549,1545.4,1545.45,29.08,352.38,1541.4,1549.95,1,upper_first,1662006393999999,1662006393999999,1549.95,target,1662006393999999,1550,stop,-7.1e-05,1662076799944637,1545.675,1545.675,1554.225,1545.475,55.3156387986,1.29393307131,1.61741633914,1,0.979369474919,1.00285976785,6.40126214785,2.71668822769,-0,0.851915977085,0.323535597004,events_2022-09-01.csv,1662005507000000,1662005509000000,sell,584.421,0,584.421,1,0,1,584.421,1,6.37233124652,6.37233124652,6.37233124652,0.69314718056,2.44800092199,-0.38742662247,-0.38121231396,-0.2,-0.373299699413
2022-09-01:ETHUSDT:1662005750:-1,2022-09-01,ETHUSDT,-1,1662005750,1662005752000000,1662005752105358,1541.8,1541.85,173.16,20.53,1539.4,1545.45,1,upper_first,1662005894999999,1662005894999999,1545.45,target,1662005894999999,1545.5,stop,-7e-05,1662076799944637,1542.425,1542.425,1548.475,1542.325,39.2239493006,0.648329740508,3.88997844304,1,0.929985201059,3.40389665122,3.75908174707,5.50803525143,0.484692705882,-0.809788166545,0.32429101876,events_2022-09-01.csv,1662005750000000,1662005752000000,sell,153.47,0,153.47,1,0,1,153.47,1,5.03999990273,5.03999990273,5.03999990273,0.69314718056,1.59181566356,-1.22158870725,-1.21628421921,-0.2,-0.900120372797
2022-09-01:ETHUSDT:1662011459:-1,2022-09-01,ETHUSDT,-1,1662011459,1662011461000000,1662011461106387,1550.5,1550.55,99.01,37.53,1547.075,1554.275,1,upper_first,1662011590999999,1662011613999999,1554.275,target,1662011590999999,1554.3,stop,-5.8e-05,1662076799944637,1550.675,1550.675,1557.875,1550.125,46.4313927806,3.54684250407,2.2570815935,-0.687950290554,0.906144968256,5.64079422383,0.257858229545,0.96689979695,-3.68176274257,-0.391129841461,0.322513021463,events_2022-09-01.csv,1662011459000000,1662011461000000,sell,5849.486,0,5849.486,1,0,1,5849.486,1,8.6742800137,8.6742800137,8.6742800137,0.69314718056,4.84403962404,1.05380523898,1.06159149888,-0.2,1.10101057402
2022-09-01:BTCUSDT:1662017548:-1,2022-09-01,BTCUSDT,-1,1662017548,1662017550000000,1662017550114746,19802,19802.5,68.749,1.931,19737.375,19870.625,1,upper_first,1662017840999999,1662017840999999,19870.625,target,1662017840999999,19874,stop,6.1e-05,1662076799792995,19804,19804,19937.25,19797.75,67.2843869925,3.15592809533,0.883659866694,0.259590159305,0.418895956025,-2.39929284001,7.47515055034,9.08379803689,2.55096346637,-0.67443568664,0.252496559734,events_2022-09-01.csv,1662017548000000,1662017550000000,sell,78.864,0,78.864,1,0,1,78.864,1,4.38032518803,4.38032518803,4.38032518803,0.69314718056,0.775694236298,-1.56415637206,-1.55181962763,-0.513455318052,-1.74729118819
2022-09-01:ETHUSDT:1662020093:1,2022-09-01,ETHUSDT,1,1662020093,1662020095000000,1662020095185977,1548.4,1548.45,876.16,20.95,1544,1552.55,0,lower_first,1662020970999999,1662020970999999,1543.75,stop,1662020970999999,1544,target,-1e-05,1662076799944637,1548.275,1539.725,1548.275,1548.425,55.2227478969,0.968820138542,0.968820138543,0.661026039851,0.909722726152,-1.2591855975,-5.55024911583,4.00516795866,0,0.953040067246,0.322908762129,events_2022-09-01.csv,1662020093000000,1662020095000000,buy,5304.8815,0,5304.8815,2,0,2,3515.769,1,8.57657120124,8.57657120124,8.16529794934,1.09861228867,4.57536373514,0.992630526641,0.742574293283,5,0.935691197965
2022-09-01:ETHUSDT:1662021173:-1,2022-09-01,ETHUSDT,-1,1662021173,1662021175000000,1662021175126046,1536.1,1536.15,65.66,83.71,1531.45,1541,1,upper_first,1662021456999999,1662021456999999,1541,target,1662021455999999,1541,stop,-2.7e-05,1662076799944637,1536.225,1536.225,1545.775,1536.125,62.1653729109,0.650946313202,0.650946313202,-1,0.877213650938,-0.0325495404008,5.72543916721,3.44906126965,-0,0.107128686682,0.325494344537,events_2022-09-01.csv,1662021173000000,1662021175000000,sell,7841.718,0,7841.718,1,0,1,7841.718,1,8.96734073694,8.96734073694,8.96734073694,0.69314718056,4.84531134475,1.23728823291,1.24527461768,-0.2,1.10179307846
2022-09-01:BTCUSDT:1662022985:1,2022-09-01,BTCUSDT,1,1662022985,1662022987000000,1662022987115323,19941,19941.5,18.842,36.1,19924,19952.5,1,upper_first,1662023010999999,1662023010999999,19952.5,target,1662023010999999,19953.5,stop,0.0001,1662076799792995,19938.25,19909.75,19938.25,19949.75,14.2941331361,5.76780810753,1.50464559327,0.680791647841,0.739015537743,-4.13544199103,1.60430756581,8.77985149508,0,-0.689402587519,0.250736538582,events_2022-09-01.csv,1662022985000000,1662022987000000,buy,60.1455,0,60.1455,1,0,1,60.1455,1,4.11325626989,4.11325626989,4.11325626989,0.69314718056,1.65013932057,-1.69816935613,-1.68619464227,-0.513455318052,-1.28526426271
2022-09-01:BTCUSDT:1662023996:-1,2022-09-01,BTCUSDT,-1,1662023996,1662023998000000,1662023998114629,19830.5,19831,53.958,45.338,19813,19850.5,1,upper_first,1662024011999999,1662024011999999,19850.5,target,1662024011999999,19857.5,stop,0.0001,1662076799792995,19831.75,19831.75,19869.25,19830.75,18.909072573,0.504241935281,0.504241935281,0.941746146838,0.93438213546,-0.126068429944,3.51859207924,2.01668809398,-0,-0.0662727896637,0.252133681278,events_2022-09-01.csv,1662023996000000,1662023998000000,sell,986.575,0,986.575,1,0,1,986.575,1,6.89525244326,6.89525244326,6.89525244326,0.69314718056,3.97358253158,-0.302186583345,-0.286440679427,-0.513455318052,-0.0576362016612
2022-09-01:BTCUSDT:1662025927:1,2022-09-01,BTCUSDT,1,1662025927,1662025929000000,1662025929135165,19934.5,19935,184.223,8.829,19914.5,19949,1,upper_first,1662026010999999,1662026010999999,19949,target,1662026010999999,19950,stop,0.0001,1662076799792995,19931.75,19897.25,19931.75,19934.75,17.3090671918,1.50513627755,1.50513627755,0.973907718469,-0.126375113809,-1.8857978856,-4.47676493826,1.29414579606,-3.02444428655,0.995811194662,0.250818294686,events_2022-09-01.csv,1662025927000000,1662025929000000,buy,160.284,0,160.284,1,0,1,160.284,1,5.08316678616,5.08316678616,5.08316678616,0.69314718056,2.32826431438,-1.21147624533,-1.19818675004,-0.513455318052,-0.926966169883
2022-09-01:ETHUSDT:1662028538:1,2022-09-01,ETHUSDT,1,1662028538,1662028540000000,1662028540105768,1557.55,1557.6,293.76,47.45,1554.475,1560.675,1,upper_first,1662029045999999,1662029045999999,1560.675,target,1662029045999999,1561,stop,1.6e-05,1662076799944637,1557.575,1551.375,1557.575,1557.625,39.8054668315,0.321011829287,0,-1,0.995721382167,-1.44434458852,-2.7595412744,2.37570869959,-6.11481866448,0.787716575338,0.321011829286,events_2022-09-01.csv,1662028538000000,1662028540000000,buy,31.31,0,31.31,1,0,1,31.31,1,3.47537677984,3.47537677984,3.47537677984,0.69314718056,0.580300589027,-2.20118683212,-2.19695079161,-0.2,-1.52251727517
2022-09-01:ETHUSDT:1662032224:1,2022-09-01,ETHUSDT,1,1662032224,1662032226000000,1662032226106315,1572.6,1572.65,34.77,266.36,1569.0625,1576.3375,1,upper_first,1662032233999999,1662032233999999,1576.3375,target,1662032233999999,1578.4,stop,-1e-05,1662076799944637,1572.7,1565.425,1572.7,1572.775,46.2580275959,0.476886882432,-0.476886882432,0.522232037301,0.638383586005,2.06703555301,-5.91140519822,-1.58977456997,0,0.897730655614,0.317939750418,events_2022-09-01.csv,1662032224000000,1662032226000000,buy,5972.211,0,5972.211,1,0,1,5972.211,1,8.69503991774,8.69503991774,8.69503991774,0.69314718056,4.86835317307,1.06680285021,1.0746032866,-0.2,1.11597098142
2022-09-01:BTCUSDT:1662032413:1,2022-09-01,BTCUSDT,1,1662032413,1662032415000000,1662032415115574,20061.5,20062,131.474,34.495,20025,20090.5,1,upper_first,1662032731999999,1662032731999999,20090.5,target,1662032722999999,20090.5,stop,0.0001,1662076799792995,20057.75,19992.25,20057.75,20061.75,32.6557066471,1.9942416273,1.9942416273,0.849825886963,0.943288779936,-2.01337699637,-6.92739433358,3.30023625105,0,0.558159308452,0.249230500829,events_2022-09-01.csv,1662032413000000,1662032415000000,buy,463.7605,0,463.7605,1,0,1,463.7605,1,6.14152221914,6.14152221914,6.14152221914,0.69314718056,2.72139507826,-0.680402203579,-0.665678033608,-0.513455318052,-0.719249297305
2022-09-01:ETHUSDT:1662032484:1,2022-09-01,ETHUSDT,1,1662032484,1662032486000000,1662032486106544,1581.85,1581.9,40.58,69.16,1573.85,1588.8,0,lower_first,1662034317999999,1662034317999999,1573.7,stop,1662034317999999,1573.85,target,-1e-05,1662076799944637,1581.325,1566.375,1581.325,1581.875,94.5409703888,3.47809590059,3.47809590059,-0.328268320301,0.465217747014,0.158042797991,-4.17058975931,4.11080192259,0,-0.389504804139,0.316080600554,events_2022-09-01.csv,1662032484000000,1662032486000000,buy,7945,0,7945,1,0,1,7945,1,8.98042393637,8.98042393637,8.98042393637,0.69314718056,4.44309397768,1.24547952029,1.25347483929,-0.2,0.854304089267
2022-09-01:BTCUSDT:1662034972:-1,2022-09-01,BTCUSDT,-1,1662034972,1662034974000000,1662034974175915,19958,19958.5,22.996,64.695,19928,19993.5,1,upper_first,1662035453999999,1662035453999999,19993.5,target,1662035453999999,19996,stop,0.0001,1662076799792995,19960.75,19960.75,20026.25,19958.25,32.8143982566,1.25245794872,1.25245794872,1,0.761396633609,3.38091660406,2.78910416678,1.50240384615,-0,0.616841446236,0.250522966693,events_2022-09-01.csv,1662034972000000,1662034974000000,sell,874.192,0,874.192,1,0,1,874.192,1,6.77444329086,6.77444329086,6.77444329086,0.69314718056,3.31928211409,-0.362807621275,-0.347225482598,-0.513455318052,-0.403346201827
2022-09-01:ETHUSDT:1662035571:-1,2022-09-01,ETHUSDT,-1,1662035571,1662035573000000,1662035573107948,1563.65,1563.7,30.46,394.78,1559.75,1568.6,0,lower_first,1662035642999999,1662035642999999,1559.7,stop,1662035642999999,1559.75,target,-1.7e-05,1662076799944637,1564.175,1564.175,1573.025,1564.025,56.5793469401,0.958971982036,3.19657327345,0.984685120731,0.934436926464,2.07800511509,4.34593654933,5.7511662087,-41.805915258,0.937670559983,0.319759540825,events_2022-09-01.csv,1662035571000000,1662035573000000,sell,373.632,0,373.632,1,0,1,373.632,1,5.92594421081,5.92594421081,5.92594421081,0.69314718056,2.02863256888,-0.666906004276,-0.660996523889,-0.2,-0.6313418883
2022-09-01:BTCUSDT:1662035763:-1,2022-09-01,BTCUSDT,-1,1662035763,1662035765000000,1662035765115865,19892,19892.5,40.517,15.916,19839,19961.5,1,upper_first,1662036350999999,1662036350999999,19961.5,target,1662036349999999,19961.5,stop,0.0001,1662076799792995,19900.25,19900.25,20022.75,19892.25,61.5570156154,4.02004999937,4.02004999937,0.951047750744,0.568703605984,0.452417038026,4.35136301673,3.44221105528,-0,0.187458282101,0.251354170594,events_2022-09-01.csv,1662035763000000,1662035765000000,sell,7937.9955,0,7937.9955,1,0,1,7937.9955,1,8.9795420349,8.9795420349,8.9795420349,0.69314718056,4.86717705504,0.74369277166,0.762264075653,-0.513455318052,0.414508633644
2022-09-01:BTCUSDT:1662040243:-1,2022-09-01,BTCUSDT,-1,1662040243,1662040245000000,1662040245115147,19912,19912.5,83.162,30.638,19876,19964.5,1,upper_first,1662040790999999,1662040790999999,19964.5,target,1662040790999999,19968.5,stop,9.1e-05,1662076799792995,19920.25,19920.25,20008.75,19917.75,44.4271532737,1.25500432976,4.01601385525,0.14357874936,0.501669172355,3.13778647991,2.23360496312,2.50959921701,-0,-0.636187898705,0.251101708747,events_2022-09-01.csv,1662040243000000,1662040245000000,sell,39.639,0,39.639,1,0,1,39.639,1,3.70472819667,3.70472819667,3.70472819667,0.69314718056,0.63775318514,-1.90316537944,-1.89174445392,-0.513455318052,-1.82017452976
2022-09-01:ETHUSDT:1662041479:-1,2022-09-01,ETHUSDT,-1,1662041479,1662041481000000,1662041481126049,1548.2,1548.25,150.14,26.47,1542.775,1553.275,0,lower_first,1662041608999999,1662041608999999,1542.75,stop,1662041609999999,1542.775,target,-4.3e-05,1662076799944637,1548.025,1548.025,1558.525,1547.025,67.8283619451,6.45984399477,-1.29196879895,-0.250867314174,0.568647519165,-1.45348837209,5.35888380261,1.55014726399,2.96985186442,-0.826577572086,0.322950475544,events_2022-09-01.csv,1662041479000000,1662041481000000,sell,1588.1055,0,1588.1055,1,0,1,1588.1055,1,7.37092655829,7.37092655829,7.37092655829,0.69314718056,3.19513997046,0.237785980235,0.24468220804,-0.2,0.0864235821449
2022-09-01:ETHUSDT:1662041723:-1,2022-09-01,ETHUSDT,-1,1662041723,1662041725000000,1662041725107142,1540.95,1541,201.69,4.01,1534.325,1548.725,1,upper_first,1662042300999999,1662042300999999,1548.725,target,1662042300999999,1548.9,stop,-4.6e-05,1662076799944637,1541.525,1541.525,1555.925,1540.975,93.4139893936,3.56789542823,3.56789542823,0.873820476541,0.662345632381,3.40577359715,2.91838256753,2.59420195862,-0,-0.567648402775,0.324469897305,events_2022-09-01.csv,1662041723000000,1662041725000000,sell,24739.3875,0,24739.3875,1,0,1,24739.3875,1,10.1161923087,10.1161923087,10.1161923087,0.69314718056,5.58287958554,1.95657508801,1.96534599884,-0.2,1.55562733156
2022-09-01:ETHUSDT:1662041784:-1,2022-09-01,ETHUSDT,-1,1662041784,1662041786000000,1662041786106929,1535.15,1535.2,233.21,42.5,1526.625,1543.425,1,upper_first,1662042263999999,1662042263999999,1543.425,target,1662042263999999,1543.5,stop,-4.5e-05,1662076799944637,1535.025,1535.025,1551.825,1534.725,109.444471588,1.95436556408,-0.97718278204,-0.949913843787,-0.40229032798,1.66077255231,5.46778886524,-1.82392600072,-0,0.630823608276,0.325695767583,events_2022-09-01.csv,1662041784000000,1662041786000000,sell,1390.0705,0,1390.0705,1,0,1,1390.0705,1,7.2378288736,7.2378288736,7.2378288736,0.69314718056,2.61747967067,0.154454575733,0.161259913987,-0.2,-0.26901746887
2022-09-01:BTCUSDT:1662043878:-1,2022-09-01,BTCUSDT,-1,1662043878,1662043880000000,1662043880114408,19692.5,19693,51.831,0.027,19606.875,19780.125,1,upper_first,1662046379999999,1662046398999999,19780.125,target,1662046379999999,19780.5,stop,9.8e-05,1662076799792995,19693.5,19693.5,19866.75,19676.25,87.9731891233,8.75923528068,0.380836316551,0.714886597963,0.797609323741,3.58886527897,0.786747317572,11.2311295474,14.8080998782,-0.843528856738,0.253900547156,events_2022-09-01.csv,1662043878000000,1662043880000000,sell,1353.8145,0,1353.8145,1,0,1,1353.8145,1,7.21141982357,7.21141982357,7.21141982357,0.69314718056,2.79660697438,-0.143536395232,-0.127361904353,-0.513455318052,-0.679509899428
2022-09-01:BTCUSDT:1662044154:-1,2022-09-01,BTCUSDT,-1,1662044154,1662044156000000,1662044156114986,19665,19665.5,76.723,27.881,19640,19712.5,1,upper_first,1662044309999999,1662044309999999,19712.5,target,1662044309999999,19718,stop,9.9e-05,1662076799792995,19676.25,19676.25,19748.75,19671.75,36.8464519408,2.28702115495,5.59049615653,0.260185074157,0.495693765077,3.71583566145,1.4739172553,8.05042154242,-0,-0.794019373521,0.254255603158,events_2022-09-01.csv,1662044154000000,1662044156000000,sell,1409.904,0,1409.904,1,0,1,1409.904,1,7.25198591268,7.25198591268,7.25198591268,0.69314718056,3.67031592267,-0.123180665738,-0.106951184693,-0.513455318052,-0.217871923072
2022-09-01:BTCUSDT:1662051851:1,2022-09-01,BTCUSDT,1,1662051851,1662051853000000,1662051853114701,19701.5,19702,51.007,20.07,19662.5,19725,1,upper_first,1662052504999999,1662052504999999,19725,target,1662052503999999,19725,stop,0.0001,1662076799792995,19693.75,19631.25,19693.75,19701.75,31.7359568391,4.0622024754,4.06220247541,0.603398956676,0.453955536418,1.33000797497,-3.93770909565,2.08682194788,-1.39360549451,0.586300263639,0.253784562285,events_2022-09-01.csv,1662051851000000,1662051853000000,buy,11936.988,0,11936.988,1,0,1,11936.988,1,9.38748086353,9.38748086353,9.38748086353,0.69314718056,5.93260186622,0.948393116891,0.96751741045,-0.513455318052,0.977442726007
2022-09-01:ETHUSDT:1662051917:1,2022-09-01,ETHUSDT,1,1662051917,1662051919000000,1662051919126592,1547.35,1547.4,5.23,726.34,1541.5,1553.65,0,lower_first,1662052046999999,1662052042999999,1541.5,stop,1662052046999999,1541.5,target,-8.3e-05,1662076799944637,1547.575,1535.425,1547.575,1547.625,78.509926821,0.323086118606,-1.29234447442,-0.687707409349,-0.055817592293,-0.48466832531,-6.39353155434,-1.0338521979,0,-0.973230923792,0.323127877859,events_2022-09-01.csv,1662051917000000,1662051919000000,buy,559.908,0,559.908,1,0,1,559.908,1,6.3295568992,6.3295568992,6.3295568992,0.69314718056,2.09576805349,-0.41420730199,-0.408022203164,-0.2,-0.590032649605
2022-09-01:ETHUSDT:1662053150:1,2022-09-01,ETHUSDT,1,1662053150,1662053152000000,1662053152105775,1555.6,1555.65,41.99,512.63,1550.95,1560.4,1,upper_first,1662053260999999,1662053260999999,1560.4,target,1662053260999999,1561.15,stop,-8.9e-05,1662076799944637,1555.675,1546.225,1555.675,1555.825,60.745335626,0.964211676601,-0.321403892203,0.925624392292,0.871721098879,-1.12482324206,-5.20361554917,1.28567755207,9.49917331973,-0.77874001115,0.321414222581,events_2022-09-01.csv,1662053150000000,1662053152000000,buy,2188.97,0,2188.97,1,0,1,2188.97,1,7.69164312409,7.69164312409,7.69164312409,0.69314718056,3.61186867024,0.438584077791,0.445699316052,-0.2,0.34284156187
2022-09-01:BTCUSDT:1662053470:1,2022-09-01,BTCUSDT,1,1662053470,1662053472000000,1662053472114788,19913.5,19914,0.003,132.012,19855.5,19974,0,lower_first,1662053758999999,1662053749999999,19855.5,stop,1662053758999999,19855.5,target,0.0001,1662076799792995,19914.75,19796.25,19914.75,19915.25,59.503634241,0.251070186671,-0.502140373342,0.11203963689,0.861549833774,-0.878712560568,-2.15865621141,0.923988859909,-17.4068074434,-0.992225757588,0.251082794552,events_2022-09-01.csv,1662053470000000,1662053472000000,buy,80.058,0,80.058,1,0,1,80.058,1,4.39516494781,4.39516494781,4.39516494781,0.69314718056,0.852468935836,-1.55670990279,-1.54435304204,-0.513455318052,-1.70672605835
2022-09-01:BTCUSDT:1662054315:-1,2022-09-01,BTCUSDT,-1,1662054315,1662054317000000,1662054317114128,19772,19772.5,1.025,116.808,19756,19800.5,0,lower_first,1662054407999999,1662054407999999,19755,stop,1662054407999999,19756,target,0.0001,1662076799792995,19778.25,19778.25,19822.75,19772.75,22.4994627937,2.78083248012,3.03363543286,0.992740350095,0.975713130617,0.379305113033,2.44212838315,4.80222418805,-0,0.983818897949,0.25287966721,events_2022-09-01.csv,1662054315000000,1662054317000000,sell,1279.07,0,1279.07,1,0,1,1279.07,1,7.15467004292,7.15467004292,7.15467004292,0.69314718056,4.05783466126,-0.172012967886,-0.155915405297,-0.513455318052,-0.013120253043
2022-09-01:BTCUSDT:1662056503:1,2022-09-01,BTCUSDT,1,1662056503,1662056505000000,1662056505133614,19852.5,19853,132.401,4.104,19804.25,19872.25,1,upper_first,1662056823999999,1662056824999999,19872.25,target,1662056823999999,19872.5,stop,0.0001,1662076799792995,19838.25,19770.25,19838.25,19849.75,34.2772169924,5.79688228548,7.30911244691,0.550661713342,0.931187878189,3.38606764174,-5.96740437549,3.6645435501,0,0.834351461954,0.251854277115,events_2022-09-01.csv,1662056503000000,1662056505000000,buy,119.643,0,119.643,1,0,1,119.643,1,4.79283577132,4.79283577132,4.79283577132,0.69314718056,1.50195349084,-1.35716195798,-1.34426602666,-0.513455318052,-1.36356059548
2022-09-01:ETHUSDT:1662056583:1,2022-09-01,ETHUSDT,1,1662056583,1662056585000000,1662056585105545,1564.95,1565,665.86,131.09,1560.125,1568.625,1,upper_first,1662057222999999,1662057222999999,1568.625,target,1662057222999999,1569.2,stop,-6.4e-05,1662076799944637,1564.375,1555.875,1564.375,1564.475,54.3347982421,0.639232920495,3.83539752297,0.993490495552,0.983330742923,-0.415324847928,-7.27885683638,6.71359791303,0,0.673791957786,0.319493921628,events_2022-09-01.csv,1662056583000000,1662056585000000,buy,235.8225,0,235.8225,1,0,1,235.8225,1,5.46731091539,5.46731091539,5.46731091539,0.69314718056,1.67525831038,-0.954052672142,-0.948456382583,-0.2,-0.848777148941
2022-09-01:BTCUSDT:1662057118:1,2022-09-01,BTCUSDT,1,1662057118,1662057120000000,1662057120114003,19905.5,19906,21.514,17.826,19864.25,19911.25,1,upper_first,1662057133999999,1662057133999999,19911.25,target,1662057133999999,19929,stop,0.0001,1662076799792995,19887.75,19840.75,19887.75,19899.75,23.6326381818,6.03386506769,9.05079760154,0.823333441963,0.739878554226,1.85910496658,-5.45374834718,7.70362950571,-6.76041289385,-0.123740147617,0.251183703201,events_2022-09-01.csv,1662057118000000,1662057120000000,buy,103303.152,0,103303.152,1,0,1,103303.152,1,11.5454328479,11.5454328479,11.5454328479,0.69314718056,8.38302318091,2.03123565403,2.05328520218,-0.513455318052,2.2721616815
2022-09-01:ETHUSDT:1662059472:1,2022-09-01,ETHUSDT,1,1662059472,1662059474000000,1662059474165495,1567.25,1567.3,523.24,49.16,1563.45,1570.2,0,lower_first,1662059744999999,1662059744999999,1563.2,stop,1662059744999999,1563.45,target,-5.1e-05,1662076799944637,1566.825,1560.075,1566.825,1566.975,43.0807524771,0.957350055048,2.87205016514,0.31508947683,0.921840214831,-1.69054697169,-5.92934515802,4.46759081974,-7.09748263691,0.883535053665,0.319025059418,events_2022-09-01.csv,1662059472000000,1662059474000000,buy,1669.447,0,1669.447,1,0,1,1669.447,1,7.42084653427,7.42084653427,7.42084653427,0.69314718056,3.68264945672,0.269040481171,0.275970798255,-0.2,0.386393796892
2022-09-01:ETHUSDT:1662059532:1,2022-09-01,ETHUSDT,1,1662059532,1662059534000000,1662059534104885,1568.45,1568.5,33.26,410.95,1564.55,1571.4,0,lower_first,1662059731999999,1662059731999999,1564.45,stop,1662059731999999,1564.55,target,-5.1e-05,1662076799944637,1567.975,1561.125,1567.975,1568.675,43.6869210287,4.46435689345,3.18882635246,-0.272702536454,0.781506681908,-1.11560896312,-4.7152078196,3.37984337933,17.2214953309,-0.983601730425,0.318780981526,events_2022-09-01.csv,1662059532000000,1662059534000000,buy,47.274,0,47.274,1,0,1,47.274,1,3.87689311344,3.87689311344,3.87689311344,0.69314718056,0.733381207692,-1.94980064094,-1.94529041354,-0.2,-1.42832500333
2022-09-01:ETHUSDT:1662059803:-1,2022-09-01,ETHUSDT,-1,1662059803,1662059805000000,1662059805106083,1560.15,1560.2,757.92,5.28,1555.55,1564.5,0,lower_first,1662060554999999,1662060554999999,1555.35,stop,1662060554999999,1555.55,target,-5.1e-05,1662076799944637,1560.025,1560.025,1568.975,1559.925,57.3708754667,0.641015368343,-0.961523052516,-0.984513766878,-0.822015987921,-1.18590503785,5.95802475463,3.14005946888,-0,-0.940024922619,0.320476869582,events_2022-09-01.csv,1662059803000000,1662059805000000,sell,15.524,0,15.524,1,0,1,15.524,1,2.80481386953,2.80481386953,2.80481386953,0.69314718056,0.239481562656,-2.6210209506,-2.6172428231,-0.2,-1.73222715654
2022-09-01:BTCUSDT:1662062901:1,2022-09-01,BTCUSDT,1,1662062901,1662062903000000,1662062903113429,20000.5,20001,0.389,6.7,19908.5,20021,1,upper_first,1662063720999999,1662063720999999,20021,target,1662063720999999,20040,stop,0.0001,1662076799792995,19964.75,19852.25,19964.75,19971.75,56.3493156689,3.50617964162,18.282222417,0.53475472595,0.534912245731,13.1715038944,-10.7119495748,4.25714348677,-0.7468150797,-0.244417159082,0.249984375977,events_2022-09-01.csv,1662062901000000,1662062903000000,buy,6020.55,0,6020.55,1,0,1,6020.55,1,8.70309998024,8.70309998024,8.70309998024,0.69314718056,4.68067976779,0.604976424862,0.623172992348,-0.513455318052,0.315969834824
2022-09-01:BTCUSDT:1662062992:1,2022-09-01,BTCUSDT,1,1662062992,1662062994000000,1662062994114081,20002,20002.5,8.767,122.334,19944,20067.5,0,lower_first,1662063066999999,1662063066999999,19943,stop,1662063066999999,19944,target,0.0001,1662076799792995,20005.75,19882.25,20005.75,20012.75,61.7322519776,3.49899403921,-1.74949701961,0.858456333982,0.41979673257,-2.33419236944,-2.28368802123,3.49001047003,0,-0.886842646555,0.249971878164,events_2022-09-01.csv,1662062992000000,1662062994000000,buy,2432.1605,0,2432.1605,1,0,1,2432.1605,1,7.79694630855,7.79694630855,7.79694630855,0.69314718056,3.69879360607,0.150275973692,0.167244186605,-0.513455318052,-0.202825287504
2022-09-01:ETHUSDT:1662062992:1,2022-09-01,ETHUSDT,1,1662062992,1662062994000000,1662062994105110,1578.65,1578.7,82.65,447.23,1572.85,1585.4,0,lower_first,1662063073999999,1662063073999999,1572.5,stop,1662063073999999,1572.85,target,-3.4e-05,1662076799944637,1579.125,1566.575,1579.125,1579.275,79.4743924642,0.949893137023,-2.84967941107,-0.859848903756,0.341278157598,-2.31153105684,-0.0633292169339,2.47046527096,-0.377674015692,-0.773444252377,0.316721301091,events_2022-09-01.csv,1662062992000000,1662062994000000,buy,3046.368,0,3046.368,1,0,1,3046.368,1,8.02203354623,8.02203354623,8.02203354623,0.69314718056,3.67202422903,0.645438900059,0.652779754845,-0.2,0.379855971633
2022-09-01:BTCUSDT:1662063762:1,2022-09-01,BTCUSDT,1,1662063762,1662063764000000,1662063764153553,20036,20036.5,26.828,78.127,19994.5,20072,0,lower_first,1662063902999999,1662063902999999,19994,stop,1662063902999999,19994.5,target,0.0001,1662076799792995,20033.25,19955.75,20033.25,20036.25,38.6856850486,1.49751038898,1.49751038898,0.261384878693,0.629001105056,0.0299458130515,-5.42722702121,4.33903382848,0,-0.498433683,0.249547694803,events_2022-09-01.csv,1662063762000000,1662063764000000,buy,23678.1255,0,23678.1255,2,0,2,23054.0025,1,10.0723491584,10.0723491584,10.0456380531,1.09861228867,6.41846977215,1.29205438804,1.29866744691,1.94758913744,1.23415873803
2022-09-01:BTCUSDT:1662065608:1,2022-09-01,BTCUSDT,1,1662065608,1662065610000000,1662065610114069,20067.5,20068,24.727,32.606,20035,20087.5,1,upper_first,1662065891999999,1662065891999999,20087.5,target,1662065885999999,20090,stop,0.0001,1662076799792995,20061.25,20008.75,20061.25,20067.75,26.1698548196,3.24007726338,3.24007726338,0.984403079661,0.946209564215,0.588042699874,-5.9914535874,3.86862431021,2.71205027175,-0.123807458803,0.249155984104,events_2022-09-01.csv,1662065608000000,1662065610000000,buy,20.165,0,20.165,1,0,1,20.165,1,3.05234887397,3.05234887397,3.05234887397,0.69314718056,0.571286312818,-2.23052395187,-2.21998737206,-0.513455318052,-1.85529335565
2022-09-01:BTCUSDT:1662065674:1,2022-09-01,BTCUSDT,1,1662065674,1662065676000000,1662065676114130,20069,20069.5,11.927,70.16,20038.25,20097.25,0,lower_first,1662066246999999,1662066246999999,20037.5,stop,1662066246999999,20038.25,target,0.0001,1662076799792995,20067.75,20008.75,20067.75,20069.25,29.4004061243,0.747467952312,0.747467952311,-0.796527238415,0.795258803329,-0.124567129226,-3.2924705035,1.24582648129,0,-0.786173961154,0.249137361884,events_2022-09-01.csv,1662065674000000,1662065676000000,buy,181.5255,0,181.5255,1,0,1,181.5255,1,5.20688988929,5.20688988929,5.20688988929,0.69314718056,1.970498428,-1.14939301092,-1.13593580033,-0.513455318052,-1.11599744869
2022-09-01:ETHUSDT:1662066927:1,2022-09-01,ETHUSDT,1,1662066927,1662066929000000,1662066929105293,1594.4,1594.45,3.28,203.04,1586.7,1602.25,0,lower_first,1662067052999999,1662067052999999,1586.65,stop,1662067052999999,1586.7,target,-3.3e-05,1662076799944637,1594.475,1578.925,1594.475,1594.675,97.5242634723,1.25433136299,-0.313582840745,-0.78005939409,0.705851018705,-0.407653857972,0.501752999542,5.27091895962,0,0.101683937824,0.313592674475,events_2022-09-01.csv,1662066927000000,1662066929000000,buy,10574.19,0,10574.19,1,0,1,10574.19,1,9.26626597066,9.26626597066,9.26626597066,0.69314718056,4.69525079021,1.42444295033,1.43263346472,-0.2,1.00945908694
2022-09-01:ETHUSDT:1662069342:-1,2022-09-01,ETHUSDT,-1,1662069342,1662069344000000,1662069344105676,1576.45,1576.5,32.53,75.33,1574.55,1579.9,1,upper_first,1662069450999999,1662069450999999,1579.9,target,1662069450999999,1580,stop,-1.7e-05,1662076799944637,1577.225,1577.225,1582.575,1577.075,33.9203347652,0.951037423323,9.51037423323,0.961539704935,0.96064631476,9.5420452312,3.422552083,1.07772283505,3.11073061477,-0.937504051864,0.317314252169,events_2022-09-01.csv,1662069342000000,1662069344000000,sell,768.9815,0,768.9815,1,0,1,768.9815,1,6.64636648859,6.64636648859,6.64636648859,0.69314718056,3.16421777823,-0.215855331373,-0.209453890081,-0.2,0.0673968002978
2022-09-01:BTCUSDT:1662069780:1,2022-09-01,BTCUSDT,1,1662069780,1662069782000000,1662069782113643,20144.5,20145,47.68,32.24,20104.75,20161.75,0,lower_first,1662070237999999,1662070237999999,20100.5,stop,1662070237999999,20104.75,target,0.0001,1662076799792995,20133.25,20076.25,20133.25,20140.75,28.311375461,3.72518098171,5.71194417195,0.969352253957,0.508156588701,3.64992501515,-7.19535130682,2.99035634914,-0.371164800079,-0.28013029316,0.248203626255,events_2022-09-01.csv,1662069780000000,1662069782000000,buy,2488.7205,0,2488.7205,1,0,1,2488.7205,1,7.81992573416,7.81992573416,7.81992573416,0.69314718056,4.48757197549,0.161806860252,0.178806223381,-0.513455318052,0.213938270846
2022-09-01:BTCUSDT:1662069994:1,2022-09-01,BTCUSDT,1,1662069994,1662069996000000,1662069996114405,20142,20142.5,30.525,76.853,20125.25,20164.25,0,lower_first,1662070050999999,1662070050999999,20125,stop,1662070055999999,20125.25,target,0.0001,1662076799792995,20144.75,20105.75,20144.75,20146.75,19.3598828479,0.99281450502,0.248203626254,-0.634003501692,0.600804678268,-0.620455165909,-2.68460905195,3.72411738418,0,-0.972285418821,0.248197465904,events_2022-09-01.csv,1662069994000000,1662069996000000,buy,1639.9665,0,1639.9665,1,0,1,1639.9665,1,7.4030406765,7.4030406765,7.4030406765,0.69314718056,4.45096397494,-0.0473826290429,-0.0309483827184,-0.513455318052,0.194595853303
2022-09-01:BTCUSDT:1662070422:1,2022-09-01,BTCUSDT,1,1662070422,1662070424000000,1662070424133330,20159.5,20160,52.417,13.45,20118.75,20171.75,0,lower_first,1662070737999999,1662070737999999,20118.5,stop,1662070740999999,20118.75,target,0.0001,1662076799792995,20145.25,20092.25,20145.25,20146.25,26.3089313858,0.496394931808,7.19772651121,0.868259859902,0.84883210749,5.31538971584,-9.11866311176,1.94588068972,0,0.336790469516,0.248018948648,events_2022-09-01.csv,1662070422000000,1662070424000000,buy,6074.55,0,6074.55,1,0,1,6074.55,1,8.71202779909,8.71202779909,8.71202779909,0.69314718056,5.44627637072,0.609456330847,0.627665000614,-0.513455318052,0.720484939284
2022-11-01:BTCUSDT:1667266275:1,2022-11-01,BTCUSDT,1,1667266275,1667266277000000,1667266277107474,20519.5,20520,184.419,56.651,20498.25,20521.25,1,upper_first,1667266277788163,1667266277788163,20521.25,target,1667266277788163,20522,stop,-0.00012,1667347199988181,20509.75,20486.75,20509.75,20517.75,11.2141786224,3.90058386865,4.87572983581,0.889201517405,0.883270602893,2.30562777906,-11.3738279261,1.34066097999,0,0.544118712128,0.24366768601,events_2022-11-01.csv,1667266275000000,1667266277000000,buy,1464.366,0,1464.366,2,0,2,1443.75,1,7.2898603196,7.2898603196,7.2756915752,1.09861228867,4.87962760679,-0.104175600206,-0.0950237437557,1.94758913744,0.421087080076
2022-11-01:ETHUSDT:1667266276:1,2022-11-01,ETHUSDT,1,1667266276,1667266278000000,1667266278117626,1581.85,1581.9,990.37,55.55,1580.025,1582.925,0,lower_first,1667266401999999,1667266401999999,1578.65,stop,1667266401999999,1580.025,target,-7.5e-05,1667347199897934,1581.475,1578.575,1581.475,1581.525,18.3373116869,0.316160546327,2.21312382428,0.998297130487,0.965688722076,-0.537325132278,-6.82253204379,5.6925636144,0,0.881263169054,0.316090591563,events_2022-11-01.csv,1667266276000000,1667266278000000,buy,31.787,0,31.787,1,0,1,31.787,1,3.49003209536,3.49003209536,3.49003209536,0.69314718056,1.00556827947,-2.19201125533,-2.18776520702,-0.2,-1.26084515591
2022-11-01:ETHUSDT:1667270141:1,2022-11-01,ETHUSDT,1,1667270141,1667270143000000,1667270143117781,1588.95,1589,95.51,64.13,1585.175,1590.075,1,upper_first,1667270143298750,1667270143298750,1590.075,target,1667270143278698,1590.5,stop,-9e-05,1667347199897934,1587.625,1582.725,1587.625,1589.075,30.8637115188,9.1331391229,6.92858830013,-0.563739333331,0.076461619697,-2.04524716025,-3.27132494951,9.13328294281,5.97818680641,-0.767249674534,0.314717776833,events_2022-11-01.csv,1667270141000000,1667270143000000,buy,447.09,0,447.09,1,0,1,447.09,1,6.1049941051,6.1049941051,6.1049941051,0.69314718056,2.73993278071,-0.554804285894,-0.548772536178,-0.2,-0.193670656658
2022-11-01:ETHUSDT:1667270203:1,2022-11-01,ETHUSDT,1,1667270203,1667270205000000,1667270205177590,1591.5,1591.55,181.25,75.45,1587.8,1595.15,0,lower_first,1667270380999999,1667270380999999,1587.7,stop,1667270380999999,1587.8,target,-9e-05,1667347199897934,1591.475,1584.125,1591.475,1591.525,46.1835718437,0.314173958122,0.314173958122,0.7623923404,0.615539844649,0.282755673964,-6.34226902524,1.75967823027,0.912196102614,0.600015884993,0.314164087903,events_2022-11-01.csv,1667270203000000,1667270205000000,buy,3454.272,0,3454.272,1,0,1,3454.272,1,8.14765645959,8.14765645959,8.14765645959,0.69314718056,4.32802425534,0.724090409531,0.731517049507,-0.2,0.783500360738
2022-11-01:BTCUSDT:1667270854:1,2022-11-01,BTCUSDT,1,1667270854,1667270856000000,1667270856107621,20536.5,20537,162.331,11.09,20528.25,20544.25,1,upper_first,1667270962999999,1667270962999999,20544.25,target,1667270962999999,20548,stop,-0.000106,1667347199988181,20536.25,20520.25,20536.25,20536.75,7.79110110171,0.243471909428,0.243471909429,0.965409632634,0.981148450286,-1.14902739213,-5.96553903706,-0.886035831873,0,0.808223297673,0.243465981716,events_2022-11-01.csv,1667270854000000,1667270856000000,buy,392.179,0,392.179,1,0,1,392.179,1,5.97426497891,5.97426497891,5.97426497891,0.69314718056,3.93840759907,-0.764330509526,-0.749833068421,-0.513455318052,-0.0762214349825
2022-11-01:BTCUSDT:1667270960:1,2022-11-01,BTCUSDT,1,1667270960,1667270962000000,1667270962107098,20539.5,20540,164.487,10.669,20529.5,20548,1,upper_first,1667270970999999,1667270970999999,20548,target,1667270962207476,20548,stop,-0.000106,1667347199988181,20538.75,20520.25,20538.75,20539.25,9.00736412878,0.243442273751,0.243442273751,0.607663179768,0.959838581836,-1.31925093808,-5.93067580027,2.09371466857,-1.10817511122,0.994198675497,0.243436347481,events_2022-11-01.csv,1667270960000000,1667270962000000,buy,6502.86,0,6502.86,1,0,1,6502.86,1,8.78015112578,8.78015112578,8.78015112578,0.69314718056,6.58333906026,0.643640055252,0.661941070945,-0.513455318052,1.32127004057
2022-11-01:ETHUSDT:1667271027:1,2022-11-01,ETHUSDT,1,1667271027,1667271029000000,1667271029117453,1595.25,1595.3,1297.03,57.04,1591.55,1598.4,1,upper_first,1667271151999999,1667271151999999,1598.4,target,1667271151999999,1598.8,stop,-8.5e-05,1667347199897934,1594.975,1588.125,1594.975,1595.175,42.9473816204,1.2539381495,1.88090722425,0.988970687158,-0.0605469588337,0.156715248394,-6.26468285043,4.2017333718,0,0.91594892689,0.31342558493,events_2022-11-01.csv,1667271027000000,1667271029000000,buy,5097.699,0,5097.699,1,0,1,5097.699,1,8.53674068813,8.53674068813,8.53674068813,0.69314718056,4.78495842259,0.967692958363,0.975385295604,-0.2,1.06465722873
2022-11-01:BTCUSDT:1667271059:1,2022-11-01,BTCUSDT,1,1667271059,1667271061000000,1667271061167384,20564,20564.5,176.251,0.329,20545.75,20581.75,0,lower_first,1667271918999999,1667271918999999,20545.5,stop,1667271920999999,20545.75,target,-0.000106,1667347199988181,20563.75,20527.75,20563.75,20564.25,17.5065345572,0.243146313294,0.243146313295,1,0.0579992759278,-1.40029260281,-6.00597974002,1.3129466754,1.98131238838,0.979632104171,0.243140401425,events_2022-11-01.csv,1667271059000000,1667271061000000,buy,1798.2465,0,1798.2465,1,0,1,1798.2465,1,7.49512324513,7.49512324513,7.49512324513,0.69314718056,4.64168134123,-0.00117635431364,0.0153827163622,-0.513455318052,0.295364397793
2022-11-01:ETHUSDT:1667271129:1,2022-11-01,ETHUSDT,1,1667271129,1667271131000000,1667271131117655,1597.75,1597.8,243.8,99.45,1593.05,1601.8,1,upper_first,1667271733999999,1667271733999999,1601.8,target,1667271733999999,1601.95,stop,-8.3e-05,1667347199897934,1597.425,1588.675,1597.425,1597.775,54.7756545691,2.19102618276,2.19102618276,-0.0292442633597,0.954471972532,0.156470035988,-5.50471341086,2.75463122374,0,0.446927537076,0.312935175478,events_2022-11-01.csv,1667271129000000,1667271131000000,buy,160.555,0,160.555,1,0,1,160.555,1,5.08484564196,5.08484564196,5.08484564196,0.69314718056,1.3689289394,-1.19351114568,-1.18817603345,-0.2,-1.03726514719
2022-11-01:BTCUSDT:1667271151:1,2022-11-01,BTCUSDT,1,1667271151,1667271153000000,1667271153107114,20573.5,20574,7.951,177.477,20552,20586.5,0,lower_first,1667271900999999,1667271900999999,20550.5,stop,1667271900999999,20552,target,-0.000106,1667347199988181,20569.25,20534.75,20569.25,20578.75,16.7726095993,4.61854467227,2.18773168686,-0.995408340895,0.428127152853,1.26876779799,-5.83486978427,1.570407494,0.440910096262,-0.905977030943,0.243028130506,events_2022-11-01.csv,1667271151000000,1667271153000000,buy,5148.4485,0,5148.4485,1,0,1,5148.4485,1,8.54664490054,8.54664490054,8.54664490054,0.69314718056,5.72995601496,0.526468554123,0.544453035824,-0.513455318052,0.870371577341
2022-11-01:ETHUSDT:1667271707:1,2022-11-01,ETHUSDT,1,1667271707,1667271709000000,1667271709137545,1600.85,1600.9,0.14,1428.06,1598.025,1602.625,1,upper_first,1667271832999999,1667271832999999,1602.625,target,1667271736999999,1602.75,stop,-8e-05,1667347199897934,1600.325,1595.725,1600.325,1600.625,28.7441613422,1.87461921797,3.43680189961,0.143390509969,0.343117510734,1.90557114028,-8.05313822681,3.31241718957,0,-0.973833262065,0.312329194973,events_2022-11-01.csv,1667271707000000,1667271709000000,buy,3216.7,0,3216.7,1,0,1,3216.7,1,8.0764220976,8.0764220976,8.0764220976,0.69314718056,4.72657283251,0.679491140603,0.686869136163,-0.2,1.02873190115
2022-11-01:ETHUSDT:1667271832:1,2022-11-01,ETHUSDT,1,1667271832,1667271834000000,1667271834118139,1603.9,1603.95,59.21,84.87,1599.5,1605.65,0,lower_first,1667271863999999,1667271863999999,1599.2,stop,1667271863999999,1599.5,target,-7.9e-05,1667347199897934,1602.575,1596.425,1602.575,1602.875,38.375739045,1.87198727049,5.30396393305,0.870144880299,0.934204069189,3.46253907054,-8.60215053764,2.18406010533,9.73390584107,0.922422818621,0.31183248359,events_2022-11-01.csv,1667271832000000,1667271834000000,buy,1385.202,0,1385.202,1,0,1,1385.202,1,7.23432291228,7.23432291228,7.23432291228,0.69314718056,3.61350305221,0.15225952116,0.159062465269,-0.2,0.343847215961
2022-11-01:ETHUSDT:1667279261:1,2022-11-01,ETHUSDT,1,1667279261,1667279263000000,1667279263137826,1595.2,1595.25,150.78,687.66,1592.275,1597.375,0,lower_first,1667280114999999,1667280114999999,1592.2,stop,1667280114999999,1592.275,target,-5.3e-05,1667347199897934,1594.825,1589.725,1594.825,1595.675,31.9784302353,5.32973837255,2.50811217532,-0.484547129823,0.416092709326,0.344790837339,-5.76408598512,12.2393643062,-3.42024402301,-0.638814850071,0.313435408798,events_2022-11-01.csv,1667279261000000,1667279263000000,buy,384.684,0,384.684,1,0,1,384.684,1,5.95501838134,5.95501838134,5.95501838134,0.69314718056,2.56721475377,-0.648702896762,-0.642773562248,-0.2,-0.299946052506
2022-11-01:BTCUSDT:1667283344:1,2022-11-01,BTCUSDT,1,1667283344,1667283346000000,1667283346107258,20622.5,20623,113.94,7.945,20591,20626.5,1,upper_first,1667283346787341,1667283346787341,20626.5,target,1667283346787341,20630.5,stop,-7.2e-05,1667347199988181,20608.75,20573.25,20608.75,20622.75,17.2256929702,6.79323103051,6.79323103051,0.982873865527,0.12579116302,-0.334570760261,-6.41091804056,8.0070112302,0,0.946347313538,0.242450691591,events_2022-11-01.csv,1667283344000000,1667283346000000,buy,9512.775,0,9512.775,1,0,1,9512.775,1,9.16049602735,9.16049602735,9.16049602735,0.69314718056,6.31579802278,0.834493995093,0.853310594858,-0.513455318052,1.17991049129
2022-11-01:BTCUSDT:1667283434:1,2022-11-01,BTCUSDT,1,1667283434,1667283436000000,1667283436146961,20634,20634.5,187.103,3.457,20611,20654.5,0,lower_first,1667284042999999,1667284042999999,20605,stop,1667284042999999,20611,target,-7.2e-05,1667347199988181,20632.75,20589.25,20632.75,20634.25,21.0829869988,0.726999551684,0.726999551683,0.992764284686,0.78946730079,-1.76374619692,-5.93216317177,2.90327114808,0,0.839528081603,0.242315567564,events_2022-11-01.csv,1667283434000000,1667283436000000,buy,41.479,0,41.479,1,0,1,41.479,1,3.74900983617,3.74900983617,3.74900983617,0.69314718056,1.08769144535,-1.88094521736,-1.86946426498,-0.513455318052,-1.58244251576
2022-11-01:ETHUSDT:1667287571:-1,2022-11-01,ETHUSDT,-1,1667287571,1667287573000000,1667287573298294,1586.4,1586.45,9.1,814.08,1581.525,1591.425,1,upper_first,1667289881999999,1667289881999999,1591.425,target,1667289881999999,1591.65,stop,-5e-05,1667347199897934,1586.475,1586.475,1596.375,1586.425,62.4024960998,0.315164121715,0.315164121715,0.262759052003,-0.0676909443093,0.598794846581,3.71744869606,2.70960017644,0.90683256321,0.977949817662,0.315174054872,events_2022-11-01.csv,1667287571000000,1667287573000000,sell,520.971,0,520.971,1,0,1,520.971,1,6.25761203078,6.25761203078,6.25761203078,0.69314718056,2.23522235016,-0.45925141336,-0.45311544414,-0.2,-0.504224810991
2022-11-01:ETHUSDT:1667295818:1,2022-11-01,ETHUSDT,1,1667295818,1667295820000000,1667295820118310,1595.05,1595.1,7.63,292.19,1592.275,1595.675,1,upper_first,1667295826999999,1667295826999999,1595.675,target,1667295826999999,1596,stop,6.5e-05,1667347199897934,1593.975,1590.575,1593.975,1595.925,21.3303219938,12.2335670258,6.90098652739,-0.649159881942,0.45542052702,-3.6035471438,0.250687824721,14.4349954498,0,-0.803711942628,0.313464884096,events_2022-11-01.csv,1667295818000000,1667295820000000,buy,336.63,0,336.63,1,0,1,336.63,1,5.82195062133,5.82195062133,5.82195062133,0.69314718056,2.82029251965,-0.732015565655,-0.726177100257,-0.2,-0.144224381605
2022-11-01:ETHUSDT:1667295962:1,2022-11-01,ETHUSDT,1,1667295962,1667295964000000,1667295964118156,1605.5,1605.6,6.16,118.31,1597.375,1607.775,1,upper_first,1667295964487825,1667295964498444,1607.775,target,1667295964487825,1607.95,stop,6.3e-05,1667347199897934,1602.575,1592.175,1602.575,1603.325,64.8955587102,4.67996817622,19.6558663401,0.821935065309,0.677161908638,15.6872773997,-8.84939207169,5.74178207441,-1.2856735296,-0.424986056888,0.311385822603,events_2022-11-01.csv,1667295962000000,1667295964000000,buy,161.1,0,161.1,1,0,1,161.1,1,5.08821342874,5.08821342874,5.08821342874,0.69314718056,1.2477361588,-1.1914026011,-1.18606518907,-0.2,-1.11183646415
2022-11-01:BTCUSDT:1667295964:1,2022-11-01,BTCUSDT,1,1667295964,1667295966000000,1667295966107012,20657,20657.5,17.88,31.838,20610,20679.5,1,upper_first,1667295984999999,1667295984999999,20679.5,target,1667295984999999,20689,stop,1.5e-05,1667347199988181,20644.75,20575.25,20644.75,20667.25,33.6647331646,10.8986546216,6.05480812313,0.613077579647,0.687491474669,-0.121021420791,-2.5262888913,9.76385049437,0,-0.194814056636,0.242045770855,events_2022-11-01.csv,1667295964000000,1667295966000000,buy,20.7535,0,20.7535,1,0,1,20.7535,1,3.07977466413,3.07977466413,3.07977466413,0.69314718056,0.480248470403,-2.21676191619,-2.20618815881,-0.513455318052,-1.90339464319
2022-11-01:ETHUSDT:1667298921:1,2022-11-01,ETHUSDT,1,1667298921,1667298923000000,1667298923120184,1605.9,1605.95,176.08,163.74,1601.125,1607.825,1,upper_first,1667298995999999,1667298995999999,1607.825,target,1667298995999999,1608,stop,3.4e-05,1667347199897934,1604.475,1597.775,1604.475,1604.925,41.7582075134,2.80465572851,9.03722401409,0.969444077132,0.971055626017,6.5737411753,-10.2084643108,5.92298867774,-0.0527936183081,0.174415424586,0.311347042981,events_2022-11-01.csv,1667298921000000,1667298923000000,buy,2064.192,0,2064.192,1,0,1,2064.192,1,7.63297847928,7.63297847928,7.63297847928,0.69314718056,3.92062603014,0.401854609073,0.408929786508,-0.2,0.532823529734
2022-11-01:ETHUSDT:1667301328:-1,2022-11-01,ETHUSDT,-1,1667301328,1667301330000000,1667301330142372,1589.15,1589.2,164.55,362.65,1586.3,1593.95,0,lower_first,1667301377999999,1667301377999999,1586.25,stop,1667301377999999,1586.3,target,8e-06,1667347199897934,1590.125,1590.125,1597.775,1589.775,48.1094253596,2.20108482038,5.97437308388,0.981852409704,0.954493199998,4.87436711846,3.33232734772,6.91367336036,-0,0.401586319401,0.314628659524,events_2022-11-01.csv,1667301328000000,1667301330000000,sell,316.41,0,316.41,1,0,1,316.41,1,5.76019431358,5.76019431358,5.76019431358,0.69314718056,2.02510173186,-0.770680700017,-0.764884406675,-0.2,-0.633514453082
2022-11-01:BTCUSDT:1667301432:-1,2022-11-01,BTCUSDT,-1,1667301432,1667301434000000,1667301434106851,20488.5,20489,25.747,21.695,20476.25,20529.25,1,upper_first,1667301665999999,1667301665999999,20529.25,target,1667301665999999,20530,stop,-2e-06,1667347199988181,20502.75,20502.75,20555.75,20490.25,25.8501908281,6.09674311983,6.8283522942,0.715323568474,0.879598950136,4.17128109556,2.16566984071,3.51142432149,-1.56279379203,-0.107972534024,0.244036361418,events_2022-11-01.csv,1667301432000000,1667301434000000,sell,285.6105,0,285.6105,2,0,2,265.213,1,5.65812415115,5.65812415115,5.58429674023,1.09861228867,2.48895515404,-0.922967373787,-0.946044548762,1.94758913744,-0.842062616834
2022-11-01:ETHUSDT:1667305425:1,2022-11-01,ETHUSDT,1,1667305425,1667305427000000,1667305427318804,1593.95,1594,739.75,118.71,1592.8,1594.85,0,lower_first,1667305722999999,1667305716999999,1592.8,stop,1667305722999999,1592.8,target,-2e-06,1667347199897934,1593.825,1591.775,1593.825,1593.975,12.8621398209,0.941132182016,0.941132182015,0,0.665143902494,-0.721414725643,-5.64266860607,1.25479173594,0,0.512069987531,0.31368120579,events_2022-11-01.csv,1667305425000000,1667305427000000,buy,304.3515,0,304.3515,1,0,1,304.3515,1,5.72146357205,5.72146357205,5.72146357205,0.69314718056,3.20528739103,-0.794929710032,-0.789159865082,-0.2,0.0926674071644
2022-11-01:BTCUSDT:1667310134:-1,2022-11-01,BTCUSDT,-1,1667310134,1667310136000000,1667310136126853,20450.5,20451,16.04,99.226,20419.5,20485,0,lower_first,1667310211999999,1667310211999999,20412.5,stop,1667310211999999,20419.5,target,1.1e-05,1667347199988181,20452.25,20452.25,20517.75,20450.75,32.0258162305,0.733415638866,0.733415638866,-0.374882825236,0.536739410434,0.855641119668,5.23378296953,1.46659822542,-0,0.791974374944,0.244489810887,events_2022-11-01.csv,1667310134000000,1667310136000000,sell,590.1515,0,590.1515,2,0,2,427.3395,1,6.38207232973,6.38207232973,6.05991610544,1.09861228867,2.96668279169,-0.559696138777,-0.706737932298,1.94758913744,-0.589647644632
2022-11-01:BTCUSDT:1667310210:-1,2022-11-01,BTCUSDT,-1,1667310210,1667310212000000,1667310212107004,20414,20414.5,72.104,9.294,20376.25,20465.25,0,lower_first,1667310478999999,1667310418999999,20374,stop,1667310478999999,20376.25,target,1e-05,1667347199988181,20420.75,20420.75,20509.75,20420.25,43.5831201107,0.244848989386,3.18303686202,0.944999494396,0.885253738656,4.18160300331,4.22388654337,0.514105085038,-12.0229725004,-0.470855206743,0.244926950537,events_2022-11-01.csv,1667310210000000,1667310212000000,sell,60.9595,0,60.9595,2,0,2,40.64,1,4.12648094579,4.12648094579,3.72906124375,1.09861228867,0.87492491424,-1.69153332265,-1.87950134611,1.94758913744,-1.69486108609
2022-11-01:ETHUSDT:1667310328:-1,2022-11-01,ETHUSDT,-1,1667310328,1667310330000000,1667310330139391,1580.8,1580.85,133.03,168.94,1575.9375,1584.9625,0,lower_first,1667310334999999,1667310334999999,1575.45,stop,1667310359999999,1575.9375,target,-1e-05,1667347199897934,1580.45,1580.45,1589.475,1580.4,57.1039893701,0.316365592076,-2.37274194059,-0.58504277478,0.502090214654,0.600915922376,6.44777930895,6.82680151707,-0,0.946375423795,0.316290544494,events_2022-11-01.csv,1667310328000000,1667310330000000,sell,23359.05,0,23359.05,1,0,1,23359.05,1,10.0587825774,10.0587825774,10.0587825774,0.69314718056,6.016307424,1.92063131064,1.9293630176,-0.2,1.82232048409
2022-11-01:BTCUSDT:1667310331:-1,2022-11-01,BTCUSDT,-1,1667310331,1667310333000000,1667310333107804,20413.5,20414,48.978,104.77,20366.5,20462,0,lower_first,1667310478999999,1667310478999999,20353.5,stop,1667310478999999,20366.5,target,1.1e-05,1667347199988181,20414.25,20414.25,20509.75,20413.75,46.7810475526,0.244926950537,0.244926950537,0.908202710378,0.590089906388,0.122464975018,5.35130352956,3.18307583066,-1.59466739098,0.891612795893,0.244932949605,events_2022-11-01.csv,1667310331000000,1667310333000000,sell,6094.05,0,6094.05,1,0,1,6094.05,1,8.71523224533,8.71523224533,8.71523224533,0.69314718056,4.87723720767,0.611064295583,0.629277309201,-0.513455318052,0.419824074801
2022-11-01:BTCUSDT:1667310414:-1,2022-11-01,BTCUSDT,-1,1667310414,1667310416000000,1667310416127022,20386.5,20387,1.607,208.37,20347,20433.5,0,lower_first,1667311691999999,1667311691999999,20340,stop,1667311691999999,20347,target,1.1e-05,1667347199988181,20390.25,20390.25,20476.75,20386.75,42.4222361178,1.71650666372,1.71650666372,0.704058856526,0.739505986575,0.613105748479,3.43221377789,1.22606115593,-0,0.979414642487,0.24525733626,events_2022-11-01.csv,1667310414000000,1667310416000000,sell,425.9955,0,425.9955,1,0,1,425.9955,1,6.05677347453,6.05677347453,6.05677347453,0.69314718056,2.40168783482,-0.7229284258,-0.708319138669,-0.513455318052,-0.888171688653
2022-11-01:BTCUSDT:1667310478:-1,2022-11-01,BTCUSDT,-1,1667310478,1667310480000000,1667310480107237,20358.5,20359,122.607,15.659,20338.125,20414.875,1,upper_first,1667310778999999,1667310778999999,20414.875,target,1667310778999999,20418,stop,1e-05,1667347199988181,20376.5,20376.5,20453.25,20354.25,37.6659387039,10.9194415135,8.71101513999,-0.314442497368,0.419616097293,2.48480024121,4.93769715817,6.71819408661,-0,-0.772893561028,0.245594646037,events_2022-11-01.csv,1667310478000000,1667310480000000,sell,20.263,0,20.263,1,0,1,20.263,1,3.05696847302,3.05696847302,3.05696847302,0.69314718056,0.430460861209,-2.2282058751,-2.21766303311,-0.513455318052,-1.92970071594
2022-11-01:ETHUSDT:1667310479:-1,2022-11-01,ETHUSDT,-1,1667310479,1667310481000000,1667310481118322,1573.65,1573.7,558.62,0.01,1568.7,1579.75,0,lower_first,1667311276999999,1667311276999999,1568.55,stop,1667311276999999,1568.7,target,-1.2e-05,1667347199897934,1574.225,1574.225,1585.275,1573.775,70.1932697041,2.85854944496,5.39948228493,-0.504296160673,-0.202017041704,7.14512543665,-0.381087878865,2.22243388259,-0,-0.485819975339,0.31778819417,events_2022-11-01.csv,1667310479000000,1667310481000000,sell,11452.2115,0,11452.2115,1,0,1,11452.2115,1,9.34602545,9.34602545,9.34602545,0.69314718056,5.10079622656,1.47437972761,1.48262470803,-0.2,1.25899587557
2022-11-01:ETHUSDT:1667311501:-1,2022-11-01,ETHUSDT,-1,1667311501,1667311503000000,1667311503102361,1568.05,1568.1,439.05,249.38,1563.55,1573.6,0,lower_first,1667311973999999,1667311973999999,1563.5,stop,1667311985999999,1563.55,target,-1.5e-05,1667347199897934,1568.575,1568.575,1578.625,1568.425,64.0708923705,0.956281975676,3.1876065856,-0.199783481808,0.557786333877,2.39089547005,7.26304321511,9.87261146497,-20.6915823807,0.142486868363,0.318862299316,events_2022-11-01.csv,1667311501000000,1667311503000000,sell,1108.31,0,1108.31,1,0,1,1108.31,1,7.0114934794,7.0114934794,7.0114934794,0.69314718056,2.90680174722,0.012747780972,0.0193985596456,-0.2,-0.0909942552141
2022-11-01:ETHUSDT:1667311575:-1,2022-11-01,ETHUSDT,-1,1667311575,1667311577000000,1667311577147078,1567.2,1567.25,88.51,499.01,1563.95,1570.6,0,lower_first,1667311953999999,1667311953999999,1563.75,stop,1667311953999999,1563.95,target,-1.6e-05,1667347199897934,1567.275,1567.275,1573.925,1567.225,42.4303329027,0.31902505942,0.31902505942,0.914076491815,0.136036992878,0.159515074175,5.29309729095,3.82689670568,-0,0.757097690025,0.319035237442,events_2022-11-01.csv,1667311575000000,1667311577000000,sell,795.345,0,795.345,1,0,1,795.345,1,6.68003250903,6.68003250903,6.68003250903,0.69314718056,2.98288646027,-0.194777303049,-0.188352871954,-0.2,-0.0441784529486
2022-11-01:ETHUSDT:1667311684:-1,2022-11-01,ETHUSDT,-1,1667311684,1667311686000000,1667311686158990,1566.55,1566.6,25.11,173.29,1562.925,1569.625,0,lower_first,1667311997999999,1667311997999999,1562.7,stop,1667311997999999,1562.925,target,-1.5e-05,1667347199897934,1566.275,1566.275,1572.975,1566.025,42.7766516097,1.59614371678,-1.91537246014,0.523333727013,0.831702586892,-3.35238338495,8.16675492717,3.1917270435,0.803722050372,-0.370853785512,0.319167610871,events_2022-11-01.csv,1667311684000000,1667311686000000,sell,46.7535,0,46.7535,1,0,1,46.7535,1,3.86605236267,3.86605236267,3.86605236267,0.69314718056,0.738583027442,-1.95658794899,-1.95208512452,-0.2,-1.42512426359
2022-11-01:BTCUSDT:1667311690:-1,2022-11-01,BTCUSDT,-1,1667311690,1667311692000000,1667311692107582,20340,20340.5,45.243,47.684,20334.25,20373.25,0,lower_first,1667311694999999,1667311694999999,20328.5,stop,1667311694999999,20334.25,target,1.1e-05,1667347199988181,20353.75,20353.75,20392.75,20351.25,19.1610882516,1.22827488792,6.63268439477,0.728509087584,0.718159351793,4.29996560028,2.3386342376,2.70210518559,0.153368947067,0.833796509187,0.245818020919,events_2022-11-01.csv,1667311690000000,1667311692000000,sell,40.498,0,40.498,1,0,1,40.498,1,3.7256452333,3.7256452333,3.7256452333,0.69314718056,1.13576492753,-1.89266938269,-1.88122010266,-0.513455318052,-1.55704212919
2022-11-01:BTCUSDT:1667311986:-1,2022-11-01,BTCUSDT,-1,1667311986,1667311988000000,1667311988107381,20323,20323.5,56.045,31.712,20310.375,20350.625,1,upper_first,1667312021999999,1667312021999999,20350.625,target,1667312021999999,20357,stop,1.3e-05,1667347199988181,20330.5,20330.5,20370.75,20320.25,19.7978406827,5.04168613659,3.56607068198,1,0.795334750373,2.8284716415,2.8571695531,5.65374499152,-0,-0.364629113354,0.246023642872,events_2022-11-01.csv,1667311986000000,1667311988000000,sell,4207.84,0,4207.84,1,0,1,4207.84,1,8.34494235427,8.34494235427,8.34494235427,0.69314718056,5.36382581064,0.425255877224,0.44296693704,-0.513455318052,0.676920878528
2022-11-01:ETHUSDT:1667318823:1,2022-11-01,ETHUSDT,1,1667318823,1667318825000000,1667318825138170,1581.55,1581.6,21.68,193.59,1575.65,1585.9,0,lower_first,1667319883999999,1667319883999999,1575.5,stop,1667319883999999,1575.65,target,-6.4e-05,1667347199897934,1580.775,1570.525,1580.775,1581.575,64.8416125002,5.0608087805,5.0608087805,0.997382281603,0.484824535107,2.43487499921,-6.82563658541,4.36570705473,-2.3796192663,-0.806437212624,0.316140556091,events_2022-11-01.csv,1667318823000000,1667318825000000,buy,15.89,0,15.89,1,0,1,15.89,1,2.82672173082,2.82672173082,2.82672173082,0.69314718056,0.219182661728,-2.60730461244,-2.60351152454,-0.2,-1.74471730461
2022-11-01:BTCUSDT:1667318855:1,2022-11-01,BTCUSDT,1,1667318855,1667318857000000,1667318857107018,20505,20505.5,73.395,9.126,20456.75,20533.75,0,lower_first,1667319228999999,1667319228999999,20456.5,stop,1667319231999999,20456.75,target,9e-06,1667347199988181,20495.25,20418.25,20495.25,20505.25,37.5696807797,4.87917932204,4.87917932204,0.997121681982,0.78350669993,-0.121918509668,-4.48946146448,3.19040575717,0,0.659720007478,0.243839992197,events_2022-11-01.csv,1667318855000000,1667318857000000,buy,11517.513,0,11517.513,2,0,2,7025.623,1,9.35171084606,9.35171084606,8.85746149955,1.09861228867,5.72868331523,0.930444016652,0.700839579535,1.94758913744,0.869699126258
2022-11-01:BTCUSDT:1667321495:-1,2022-11-01,BTCUSDT,-1,1667321495,1667321497000000,1667321497106867,20370,20370.5,180.574,3.133,20334.75,20407.75,1,upper_first,1667322337999999,1667322337999999,20407.75,target,1667322337999999,20408.5,stop,6.8e-05,1667347199988181,20371.25,20371.25,20444.25,20367.25,35.8348162238,1.96355157391,0.490887893477,-0.574237149649,0.725399796203,5.51971150308,0.0735956117393,0.358155118454,-0,-0.87445723505,0.245455995876,events_2022-11-01.csv,1667321495000000,1667321497000000,sell,2372.2335,0,2372.2335,1,0,1,2372.2335,1,7.77200865025,7.77200865025,7.77200865025,0.69314718056,4.20766023552,0.137762462093,0.154696870269,-0.513455318052,0.0660424647522
2022-11-01:ETHUSDT:1667321495:-1,2022-11-01,ETHUSDT,-1,1667321495,1667321497000000,1667321497118615,1567.75,1567.8,1161.6,8.92,1566.325,1572.225,1,upper_first,1667322329999999,1667322329999999,1572.225,target,1667322324999999,1572.25,stop,-0.000111,1667347199897934,1569.275,1569.275,1575.175,1566.825,37.5969794969,15.6123050453,9.55855410938,0.955966346569,0.24609913446,-1.24395565139,10.3873923822,15.0960221663,-0,-0.950221610369,0.318923314889,events_2022-11-01.csv,1667321495000000,1667321497000000,sell,1403.91,0,1403.91,1,0,1,1403.91,1,7.24772852278,7.24772852278,7.24772852278,0.69314718056,3.64652064426,0.160652667546,0.167464766058,-0.2,0.364163321507
2022-11-01:ETHUSDT:1667329759:1,2022-11-01,ETHUSDT,1,1667329759,1667329761000000,1667329761161517,1585.95,1586,59.02,320.89,1584.025,1587.425,0,lower_first,1667329876999999,1667329868999999,1584,stop,1667329876999999,1584.025,target,-2.4e-05,1667347199897934,1585.725,1582.325,1585.725,1585.975,21.4412965678,1.5765659241,1.5765659241,0.118125779469,0.818670479297,-0.15762925599,-1.51301190236,2.14421754979,0,-0.748978874192,0.315263481454,events_2022-11-01.csv,1667329759000000,1667329761000000,buy,334.6665,0,334.6665,1,0,1,334.6665,1,5.81611810753,5.81611810753,5.81611810753,0.69314718056,2.80991467575,-0.73566725628,-0.729832773779,-0.2,-0.150609988764
2022-11-01:ETHUSDT:1667332035:-1,2022-11-01,ETHUSDT,-1,1667332035,1667332037000000,1667332037317806,1576.35,1576.4,222.06,783.61,1575.275,1577.675,0,lower_first,1667332465999999,1667332465999999,1575,stop,1667332465999999,1575.275,target,-2e-06,1667347199897934,1576.475,1576.475,1578.875,1576.375,15.223837993,0.634326583041,0.634326583041,-0.120015630769,-0.686800084927,0.792895654932,4.81848268516,2.7268172969,-0,0.544612480088,0.317183411309,events_2022-11-01.csv,1667332035000000,1667332037000000,sell,345.081,0,345.081,1,0,1,345.081,1,5.84667285171,5.84667285171,5.84667285171,0.69314718056,3.16408795696,-0.716537173344,-0.710681825665,-0.2,0.0673169197719
2022-11-01:ETHUSDT:1667334370:-1,2022-11-01,ETHUSDT,-1,1667334370,1667334372000000,1667334372136782,1572.65,1572.7,29.46,895.99,1571.0375,1574.4625,1,upper_first,1667334408999999,1667334408999999,1574.4625,target,1667334408999999,1574.7,stop,-4e-06,1667347199897934,1572.75,1572.75,1576.175,1572.675,21.7771419488,0.476871721506,0.476871721505,0.987525593407,0.813606756696,1.43047873355,4.32135639751,1.27137499205,0.022866630115,0.899462778204,0.31792964217,events_2022-11-01.csv,1667334370000000,1667334372000000,sell,4460.3925,0,4460.3925,1,0,1,4460.3925,1,8.40321621601,8.40321621601,8.40321621601,0.69314718056,5.32700161801,0.88409434564,0.891695501886,-0.2,1.39818266427
2022-11-01:ETHUSDT:1667341209:-1,2022-11-01,ETHUSDT,-1,1667341209,1667341211000000,1667341211157489,1569.2,1569.25,233.11,2.41,1569.125,1570.925,0,lower_first,1667341224999999,1667341224999999,1569.05,stop,1667341225999999,1569.125,target,3.3e-05,1667347199897934,1570.025,1570.025,1571.825,1569.225,11.4647855926,5.09546026337,5.09546026337,1,0.984649126943,0.15931177314,3.18522057652,4.77707006369,-0,-0.979597883598,0.318628622409,events_2022-11-01.csv,1667341209000000,1667341211000000,sell,6232.1805,0,6232.1805,1,0,1,6232.1805,1,8.73764199516,8.73764199516,8.73764199516,0.69314718056,6.30003925608,1.09347567292,1.10130520134,-0.2,1.9969039558
2022-11-01:ETHUSDT:1667343546:1,2022-11-01,ETHUSDT,1,1667343546,1667343548000000,1667343548137334,1578.9,1578.95,110.68,1105.81,1577.275,1580.575,0,lower_first,1667343610999999,1667343610999999,1576.85,stop,1667343610999999,1577.275,target,4.5e-05,1667347199897934,1578.925,1575.625,1578.925,1579.225,20.9002960875,1.90002691705,0,1,0.297185301912,1.04512402139,-4.4951787625,6.71864105977,0,-0.794563453424,0.316671152841,events_2022-11-01.csv,1667343546000000,1667343548000000,buy,872.4925,0,872.4925,1,0,1,872.4925,1,6.77249954339,6.77249954339,6.77249954339,0.69314718056,3.75526301967,-0.136884426391,-0.130396851545,-0.2,0.431073760429
2022-11-01:BTCUSDT:1667345686:1,2022-11-01,BTCUSDT,1,1667345686,1667345688000000,1667345688147598,20487.5,20488,226.079,5.451,20479.75,20493.75,0,lower_first,1667346055999999,1667346055999999,20479.5,stop,1667346065999999,20479.75,target,6.7e-05,1667347199988181,20486.75,20472.75,20486.75,20487.75,6.83368518677,0.488120370483,0.488120370483,0.826090831729,0.649850708462,-1.76659735293,-4.85334602845,1.05909454737,0,0.94702665461,0.244048272748,events_2022-11-01.csv,1667345686000000,1667345688000000,buy,61.7805,0,61.7805,1,0,1,61.7805,1,4.1396445157,4.1396445157,4.1396445157,0.69314718056,2.30663520761,-1.68492795166,-1.6729174667,-0.513455318052,-0.938394251396
