event_id,date,symbol,action,entry_time_us,exit_time_us,unresolved_mark,account_return_24bp,pred_full,pred_structural,pred_constant,liq_aligned_notional,liq_aligned_count,liq_aligned_share
2022-01-01:BTCUSDT:1640997555:1,2022-01-01,BTCUSDT,CASCADE_CONTINUE,1640997557148722,1640997559999999,False,-0.00214626368021,-0.00263057886734,-0.00215335570266,0,83711.671,2,1
2022-01-01:BTCUSDT:1640997555:1,2022-01-01,BTCUSDT,EXHAUSTION_REJECT,1640997557148722,1640997559999999,False,-0.00508259625442,-0.00476145951603,-0.00460612204188,0,83711.671,2,1
2022-01-01:BTCUSDT:1640997708:1,2022-01-01,BTCUSDT,CASCADE_CONTINUE,1640997710108753,1640997712999999,False,-0.00235817561278,-0.00259889429916,-0.00244755247468,0,4027.38,1,1
2022-01-01:BTCUSDT:1640997708:1,2022-01-01,BTCUSDT,EXHAUSTION_REJECT,1640997710108753,1640997712999999,False,-0.0068445568836,-0.00637495151731,-0.0061446032336,0,4027.38,1,1
2022-01-01:BTCUSDT:1640999529:1,2022-01-01,BTCUSDT,CASCADE_CONTINUE,1640999531208569,1640999785999999,False,-0.00160101329956,-0.00183783684615,-0.00198372099926,0,46.9845,1,1
2022-01-01:BTCUSDT:1640999529:1,2022-01-01,BTCUSDT,EXHAUSTION_REJECT,1640999531208569,1640999785999999,False,-0.00603156447456,-0.00585614459855,-0.00590468467406,0,46.9845,1,1
2022-01-01:BTCUSDT:1640999823:1,2022-01-01,BTCUSDT,CASCADE_CONTINUE,1640999825148507,1640999851999999,False,-0.00157019849036,-0.00216856073648,-0.00228119069708,0,988.701,1,1
2022-01-01:BTCUSDT:1640999823:1,2022-01-01,BTCUSDT,EXHAUSTION_REJECT,1640999825148507,1640999851999999,False,-0.00492999805866,-0.00450166062713,-0.00439486586307,0,988.701,1,1
2022-01-01:BTCUSDT:1640999995:1,2022-01-01,BTCUSDT,CASCADE_CONTINUE,1640999997128732,1641000168999999,False,-0.00538007968127,-0.00510220445857,-0.00523400640714,0,20551.296,1,1
2022-01-01:BTCUSDT:1640999995:1,2022-01-01,BTCUSDT,EXHAUSTION_REJECT,1640999997128732,1641000266999999,False,-0.00113519794331,-0.00145370388399,-0.00139908557455,0,20551.296,1,1
2022-01-01:BTCUSDT:1641014586:1,2022-01-01,BTCUSDT,CASCADE_CONTINUE,1641014588108748,1641014590999999,False,0.000356952795796,-0.000279503449035,-1.92640333001e-05,0,426.1975,2,1
2022-01-01:BTCUSDT:1641014586:1,2022-01-01,BTCUSDT,EXHAUSTION_REJECT,1641014588108748,1641014590999999,False,-0.00626907870343,-0.00508632268823,-0.00540002489341,0,426.1975,2,1
2022-01-01:BTCUSDT:1641014690:1,2022-01-01,BTCUSDT,CASCADE_CONTINUE,1641014692128659,1641019653999999,False,-0.00501795848122,-0.00407254639919,-0.00402542718298,0,10706.7935,2,1
2022-01-01:BTCUSDT:1641014690:1,2022-01-01,BTCUSDT,EXHAUSTION_REJECT,1641014692128659,1641019653999999,False,0.0030042784877,0.00189917489893,0.00139067520449,0,10706.7935,2,1
2022-01-01:ETHUSDT:1641015021:1,2022-01-01,ETHUSDT,CASCADE_CONTINUE,1641015023203334,1641015026999999,False,-0.00143494289721,-0.00154612261045,-0.00155194464582,0,3302.3025,1,1
2022-01-01:ETHUSDT:1641015021:1,2022-01-01,ETHUSDT,EXHAUSTION_REJECT,1641015023203334,1641015026999999,False,-0.00558177504564,-0.00561336233149,-0.00573371761775,0,3302.3025,1,1
2022-01-01:BTCUSDT:1641015930:-1,2022-01-01,BTCUSDT,CASCADE_CONTINUE,1641015932108651,1641017000999999,False,-0.000539705134723,-0.00123449934488,-0.00157002967415,0,6205.32,1,1
2022-01-01:BTCUSDT:1641015930:-1,2022-01-01,BTCUSDT,EXHAUSTION_REJECT,1641015932108651,1641017000999999,False,-0.00495186010315,-0.0039803129839,-0.0036985206773,0,6205.32,1,1
2022-01-01:BTCUSDT:1641016084:-1,2022-01-01,BTCUSDT,CASCADE_CONTINUE,1641016086108437,1641016454999999,False,-0.00503233030091,-0.00386524779999,-0.00379319564373,0,892.2685,1,1
2022-01-01:BTCUSDT:1641016084:-1,2022-01-01,BTCUSDT,EXHAUSTION_REJECT,1641016086108437,1641016454999999,False,-0.00151333300119,-0.00263399187685,-0.00260774028388,0,892.2685,1,1
2022-01-01:ETHUSDT:1641020493:-1,2022-01-01,ETHUSDT,CASCADE_CONTINUE,1641020495102085,1641020896999999,False,-0.00133018899482,-0.00172068516385,-0.00175335414465,0,1541.337,1,1
2022-01-01:ETHUSDT:1641020493:-1,2022-01-01,ETHUSDT,EXHAUSTION_REJECT,1641020495102085,1641020894999999,False,-0.00487860959283,-0.00461291845217,-0.00488291838002,0,1541.337,1,1
2022-01-01:BTCUSDT:1641023929:1,2022-01-01,BTCUSDT,CASCADE_CONTINUE,1641023931111327,1641023936999999,False,-0.00296837454746,-0.00284038029146,-0.0029717518447,0,118847.05,1,1
2022-01-01:BTCUSDT:1641023929:1,2022-01-01,BTCUSDT,EXHAUSTION_REJECT,1641023931111327,1641023936999999,False,-0.0057513313267,-0.0056936398756,-0.00585818077668,0,118847.05,1,1
2022-01-01:BTCUSDT:1641029793:-1,2022-01-01,BTCUSDT,CASCADE_CONTINUE,1641029795392565,1641030120999999,False,-0.00236747350103,-0.0026456743813,-0.00240974633715,0,1216.306,1,1
2022-01-01:BTCUSDT:1641029793:-1,2022-01-01,BTCUSDT,EXHAUSTION_REJECT,1641029795392565,1641030091999999,False,-0.00491344244959,-0.00478466750866,-0.00499160908846,0,1216.306,1,1
2022-01-01:BTCUSDT:1641029856:-1,2022-01-01,BTCUSDT,CASCADE_CONTINUE,1641029858111558,1641030122999999,False,-0.00249043055094,-0.00260250204932,-0.00282142878689,0,1683.936,1,1
2022-01-01:BTCUSDT:1641029856:-1,2022-01-01,BTCUSDT,EXHAUSTION_REJECT,1641029858111558,1641030122999999,False,-0.00507185622449,-0.00497047046629,-0.00507475083299,0,1683.936,1,1
2022-01-01:BTCUSDT:1641032928:-1,2022-01-01,BTCUSDT,CASCADE_CONTINUE,1641032930112597,1641033117999999,False,-0.00127861459527,-0.0016695318434,-0.00140530253058,0,839.871,1,1
2022-01-01:BTCUSDT:1641032928:-1,2022-01-01,BTCUSDT,EXHAUSTION_REJECT,1641032930112597,1641033117999999,False,-0.00652972346727,-0.00598602213961,-0.00637464302939,0,839.871,1,1
2022-01-01:BTCUSDT:1641033013:-1,2022-01-01,BTCUSDT,CASCADE_CONTINUE,1641033015151744,1641033828999999,False,-0.00500967513432,-0.00440839070105,-0.00425652028814,0,279.504,1,1
2022-01-01:BTCUSDT:1641033013:-1,2022-01-01,BTCUSDT,EXHAUSTION_REJECT,1641033015151744,1641033828999999,False,-1.03231161569e-05,-0.000582852627761,-0.000635724783978,0,279.504,1,1
2022-01-01:ETHUSDT:1641033117:-1,2022-01-01,ETHUSDT,CASCADE_CONTINUE,1641033119103057,1641033257999999,False,0.000392079207921,-6.00305772224e-05,5.5745370698e-05,0,7298.1,1,1
2022-01-01:ETHUSDT:1641033117:-1,2022-01-01,ETHUSDT,EXHAUSTION_REJECT,1641033119103057,1641033251999999,False,-0.00516422536444,-0.00493599019817,-0.00431460513122,0,7298.1,1,1
2022-01-01:BTCUSDT:1641033117:-1,2022-01-01,BTCUSDT,CASCADE_CONTINUE,1641033119111656,1641033828999999,False,-0.00510092613549,-0.00430294330876,-0.0040195147578,0,186.2745,2,1
2022-01-01:BTCUSDT:1641033117:-1,2022-01-01,BTCUSDT,EXHAUSTION_REJECT,1641033119111656,1641033828999999,False,0.00135136618767,-0.000211556251268,-0.000539338688317,0,186.2745,2,1
2022-01-01:ETHUSDT:1641033232:-1,2022-01-01,ETHUSDT,CASCADE_CONTINUE,1641033234163172,1641033257999999,False,-0.000842944546804,-0.001691351957,-0.00189240119544,0,327.9825,1,1
2022-01-01:ETHUSDT:1641033232:-1,2022-01-01,ETHUSDT,EXHAUSTION_REJECT,1641033234163172,1641033251999999,False,-0.00558743741466,-0.00485913447875,-0.00501453795967,0,327.9825,1,1
2022-01-01:BTCUSDT:1641033263:-1,2022-01-01,BTCUSDT,CASCADE_CONTINUE,1641033265111761,1641033409999999,False,-0.00495008649465,-0.00457726476452,-0.00474100981418,0,186.04,1,1
2022-01-01:BTCUSDT:1641033263:-1,2022-01-01,BTCUSDT,EXHAUSTION_REJECT,1641033265111761,1641033409999999,False,-0.000608177852328,-0.00101678585908,-0.000679032761237,0,186.04,1,1
2022-01-01:BTCUSDT:1641047722:-1,2022-01-01,BTCUSDT,CASCADE_CONTINUE,1641047724151785,1641048037999999,False,-0.00495355823216,-0.00469822220695,-0.00434285407953,0,839.313,1,1
2022-01-01:BTCUSDT:1641047722:-1,2022-01-01,BTCUSDT,EXHAUSTION_REJECT,1641047724151785,1641048049999999,False,-0.000561183610944,-0.000843181816233,-0.000900959522564,0,839.313,1,1
2022-01-01:BTCUSDT:1641051524:1,2022-01-01,BTCUSDT,CASCADE_CONTINUE,1641051526113589,1641052055999999,False,-0.00501350089703,-0.004644095453,-0.00461266181977,0,2574.0415,2,1
2022-01-01:BTCUSDT:1641051524:1,2022-01-01,BTCUSDT,EXHAUSTION_REJECT,1641051526113589,1641052055999999,False,0.000880680828887,0.000445104568122,0.000231250455637,0,2574.0415,2,1
2022-01-01:BTCUSDT:1641054542:1,2022-01-01,BTCUSDT,CASCADE_CONTINUE,1641054544117562,1641054546999999,False,-0.00212043672602,-0.00274902462725,-0.00260275115415,0,381640,1,1
2022-01-01:BTCUSDT:1641054542:1,2022-01-01,BTCUSDT,EXHAUSTION_REJECT,1641054544117562,1641054546999999,False,-0.00555286645027,-0.00477169048344,-0.00488523706391,0,381640,1,1
2022-01-01:BTCUSDT:1641058705:1,2022-01-01,BTCUSDT,CASCADE_CONTINUE,1641058707108647,1641058712999999,False,-0.00235573649723,-0.00321142557164,-0.00333735865267,0,8643.7455,1,1
2022-01-01:BTCUSDT:1641058705:1,2022-01-01,BTCUSDT,EXHAUSTION_REJECT,1641058707108647,1641058712999999,False,-0.00556466752549,-0.00460020811701,-0.00442378751196,0,8643.7455,1,1
2022-01-01:BTCUSDT:1641058821:1,2022-01-01,BTCUSDT,CASCADE_CONTINUE,1641058823108446,1641061951999999,False,-0.00549948279707,-0.00515886323644,-0.00507407357232,0,5090.9295,2,1
2022-01-01:BTCUSDT:1641058821:1,2022-01-01,BTCUSDT,EXHAUSTION_REJECT,1641058823108446,1641061951999999,False,0.00209133852425,0.00120265881626,0.00124965463401,0,5090.9295,2,1
2022-01-01:BTCUSDT:1641058928:1,2022-01-01,BTCUSDT,CASCADE_CONTINUE,1641058930108326,1641061163999999,False,-0.00538773819765,-0.00500641359121,-0.00478411885289,0,96.219,1,1
2022-01-01:BTCUSDT:1641058928:1,2022-01-01,BTCUSDT,EXHAUSTION_REJECT,1641058930108326,1641061163999999,False,0.00158655462185,0.00124486767201,0.00100943559184,0,96.219,1,1
2022-01-01:BTCUSDT:1641062017:-1,2022-01-01,BTCUSDT,CASCADE_CONTINUE,1641062019348232,1641062082999999,False,-0.00163664259928,-0.00195052758787,-0.0021269592091,0,12577.145,1,1
2022-01-01:BTCUSDT:1641062017:-1,2022-01-01,BTCUSDT,EXHAUSTION_REJECT,1641062019348232,1641062078999999,False,-0.00486446781958,-0.00454770796786,-0.00459213026216,0,12577.145,1,1
2022-01-01:BTCUSDT:1641062077:-1,2022-01-01,BTCUSDT,CASCADE_CONTINUE,1641062079388225,1641063348999999,False,-0.00490343660883,-0.00399703299546,-0.00420459770249,0,12472.68,1,1
2022-01-01:BTCUSDT:1641062077:-1,2022-01-01,BTCUSDT,EXHAUSTION_REJECT,1641062079388225,1641063348999999,False,-0.000660605256675,-0.00154697495129,-0.00121865420673,0,12472.68,1,1
2022-01-01:BTCUSDT:1641069115:1,2022-01-01,BTCUSDT,CASCADE_CONTINUE,1641069117108347,1641069487999999,False,-0.00494478463934,-0.00453106702163,-0.00458533239615,0,3248.904,1,1
2022-01-01:BTCUSDT:1641069115:1,2022-01-01,BTCUSDT,EXHAUSTION_REJECT,1641069117108347,1641069487999999,False,-0.00112919207264,-0.00200484333898,-0.00187733915613,0,3248.904,1,1
2022-01-01:BTCUSDT:1641075141:-1,2022-01-01,BTCUSDT,CASCADE_CONTINUE,1641075143309129,1641075146999999,False,-0.00236052127193,-0.00229424916748,-0.00231687684694,0,47.027,1,1
2022-01-01:BTCUSDT:1641075141:-1,2022-01-01,BTCUSDT,EXHAUSTION_REJECT,1641075143309129,1641075146999999,False,-0.0054834306675,-0.00537841754669,-0.00538075630506,0,47.027,1,1
2022-01-01:BTCUSDT:1641080179:1,2022-01-01,BTCUSDT,CASCADE_CONTINUE,1641080181108475,1641081263999999,False,-0.00124142226604,-0.00162476360432,-0.00185126529128,0,2150.9875,2,1
2022-01-01:BTCUSDT:1641080179:1,2022-01-01,BTCUSDT,EXHAUSTION_REJECT,1641080181108475,1641081263999999,False,-0.0057996421831,-0.00559207254431,-0.00550966407311,0,2150.9875,2,1
2022-03-01:ETHUSDT:1646093114:1,2022-03-01,ETHUSDT,CASCADE_CONTINUE,1646093116191058,1646093233999999,False,-0.00521868925268,-0.00498204878393,-0.00485808980197,-0.00293831002606,864.49,1,1
2022-03-01:ETHUSDT:1646093114:1,2022-03-01,ETHUSDT,EXHAUSTION_REJECT,1646093116191058,1646093233999999,False,0.00155949116957,0.00122859055104,0.00117477078223,-0.0032760298133,864.49,1,1
2022-03-01:BTCUSDT:1646093233:-1,2022-03-01,BTCUSDT,CASCADE_CONTINUE,1646093235211162,1646093354999999,False,-0.00494707164594,-0.0040438388819,-0.00411975464967,-0.00293831002606,1808.247,1,1
2022-03-01:BTCUSDT:1646093233:-1,2022-03-01,BTCUSDT,EXHAUSTION_REJECT,1646093235211162,1646093354999999,False,0.000761885760395,-0.000120038395933,-0.000176017478265,-0.0032760298133,1808.247,1,1
2022-03-01:ETHUSDT:1646093479:1,2022-03-01,ETHUSDT,CASCADE_CONTINUE,1646093481117350,1646093489999999,False,-0.000213732987874,-0.000599115445629,-0.000406587977512,-0.00293831002606,1611.975,2,1
2022-03-01:ETHUSDT:1646093479:1,2022-03-01,ETHUSDT,EXHAUSTION_REJECT,1646093481117350,1646093489999999,False,-0.00529867620419,-0.00514524388908,-0.00559074586544,-0.0032760298133,1611.975,2,1
2022-03-01:BTCUSDT:1646093488:1,2022-03-01,BTCUSDT,CASCADE_CONTINUE,1646093490151038,1646093706999999,False,-0.00497319251276,-0.00441399973008,-0.00443629868605,-0.00293831002606,11942.285,2,1
2022-03-01:BTCUSDT:1646093488:1,2022-03-01,BTCUSDT,EXHAUSTION_REJECT,1646093490151038,1646093706999999,False,0.0022557349625,0.00119128648872,0.00104008836351,-0.0032760298133,11942.285,2,1
2022-03-01:BTCUSDT:1646095566:1,2022-03-01,BTCUSDT,CASCADE_CONTINUE,1646095568112193,1646095574999999,False,-0.0011555111101,-0.00167991480928,-0.00197644151138,-0.00293831002606,437.675,1,1
2022-03-01:BTCUSDT:1646095566:1,2022-03-01,BTCUSDT,EXHAUSTION_REJECT,1646095568112193,1646095574999999,False,-0.00585324885591,-0.00539186229418,-0.00469358715545,-0.0032760298133,437.675,1,1
2022-03-01:BTCUSDT:1646097282:-1,2022-03-01,BTCUSDT,CASCADE_CONTINUE,1646097284112047,1646097781999999,False,-0.00507208132556,-0.00499164645836,-0.00503513667894,-0.00293831002606,430.695,1,1
2022-03-01:BTCUSDT:1646097282:-1,2022-03-01,BTCUSDT,EXHAUSTION_REJECT,1646097284112047,1646097781999999,False,-0.000221934585701,-0.000272526844101,-0.000411570460447,-0.0032760298133,430.695,1,1
2022-03-01:BTCUSDT:1646100406:-1,2022-03-01,BTCUSDT,CASCADE_CONTINUE,1646100408131792,1646100903999999,False,-0.00101084712942,-0.00117842911454,-0.00150043380017,-0.00293831002606,5579.34,1,1
2022-03-01:BTCUSDT:1646100406:-1,2022-03-01,BTCUSDT,EXHAUSTION_REJECT,1646100408131792,1646100903999999,False,-0.00500558838957,-0.00497115496612,-0.00491622738961,-0.0032760298133,5579.34,1,1
2022-03-01:BTCUSDT:1646100593:-1,2022-03-01,BTCUSDT,CASCADE_CONTINUE,1646100595192382,1646100600999999,False,-0.00244680010824,-0.00233938575281,-0.00247231527651,-0.00293831002606,42.905,1,1
2022-03-01:BTCUSDT:1646100593:-1,2022-03-01,BTCUSDT,EXHAUSTION_REJECT,1646100595192382,1646100600999999,False,-0.00535978011321,-0.00525318812108,-0.00528640416702,-0.0032760298133,42.905,1,1
2022-03-01:BTCUSDT:1646100903:-1,2022-03-01,BTCUSDT,CASCADE_CONTINUE,1646100905111479,1646100920999999,False,-0.00232121427399,-0.00276531385693,-0.00311043365267,-0.00293831002606,942.711,1,1
2022-03-01:BTCUSDT:1646100903:-1,2022-03-01,BTCUSDT,EXHAUSTION_REJECT,1646100905111479,1646100920999999,False,-0.00537580046551,-0.00493556138115,-0.00488459288095,-0.0032760298133,942.711,1,1
2022-03-01:BTCUSDT:1646105417:1,2022-03-01,BTCUSDT,CASCADE_CONTINUE,1646105419111626,1646105961999999,False,-0.00521305935884,-0.00455570797618,-0.0044687652193,-0.00293831002606,21651.75,1,1
2022-03-01:BTCUSDT:1646105417:1,2022-03-01,BTCUSDT,EXHAUSTION_REJECT,1646105419111626,1646105961999999,False,-0.00116562316661,-0.00157244018683,-0.00169151227123,-0.0032760298133,21651.75,1,1
2022-03-01:BTCUSDT:1646107153:1,2022-03-01,BTCUSDT,CASCADE_CONTINUE,1646107155131622,1646107398999999,False,-0.00496585389296,-0.00418273287863,-0.00454051081862,-0.00293831002606,824.3055,1,1
2022-03-01:BTCUSDT:1646107153:1,2022-03-01,BTCUSDT,EXHAUSTION_REJECT,1646107155131622,1646107398999999,False,-0.00208818450971,-0.00255593329422,-0.00253370428627,-0.0032760298133,824.3055,1,1
2022-03-01:BTCUSDT:1646108064:1,2022-03-01,BTCUSDT,CASCADE_CONTINUE,1646108066111531,1646108210999999,False,-0.00491870533015,-0.00495484244207,-0.00479634413124,-0.00293831002606,5173.3465,1,1
2022-03-01:BTCUSDT:1646108064:1,2022-03-01,BTCUSDT,EXHAUSTION_REJECT,1646108066111531,1646108210999999,False,0.000233010659501,0.000444618102631,0.000335630386276,-0.0032760298133,5173.3465,1,1
2022-03-01:BTCUSDT:1646109214:1,2022-03-01,BTCUSDT,CASCADE_CONTINUE,1646109216116692,1646110120999999,False,-0.00288358977142,-0.00293219502344,-0.00298886460081,-0.00293831002606,1957.5375,2,1
2022-03-01:BTCUSDT:1646109214:1,2022-03-01,BTCUSDT,EXHAUSTION_REJECT,1646109216116692,1646110119999999,False,-0.00485962775372,-0.00502179436633,-0.00485494745483,-0.0032760298133,1957.5375,2,1
2022-03-01:BTCUSDT:1646110120:1,2022-03-01,BTCUSDT,CASCADE_CONTINUE,1646110122176492,1646110137999999,False,-0.0029980914894,-0.00303985258533,-0.00294506877357,-0.00293831002606,3047.9835,2,1
2022-03-01:BTCUSDT:1646110120:1,2022-03-01,BTCUSDT,EXHAUSTION_REJECT,1646110122176492,1646110137999999,False,-0.00530471732674,-0.00529797296648,-0.0052541442658,-0.0032760298133,3047.9835,2,1
2022-03-01:BTCUSDT:1646114788:-1,2022-03-01,BTCUSDT,CASCADE_CONTINUE,1646114790131295,1646114866999999,False,-0.00321348531362,-0.00305461947908,-0.00287149104564,-0.00293831002606,2145.825,1,1
2022-03-01:BTCUSDT:1646114788:-1,2022-03-01,BTCUSDT,EXHAUSTION_REJECT,1646114790131295,1646114866999999,False,-0.00541384749409,-0.0052200950992,-0.00555596912815,-0.0032760298133,2145.825,1,1
2022-03-01:BTCUSDT:1646114867:-1,2022-03-01,BTCUSDT,CASCADE_CONTINUE,1646114869111195,1646115055999999,False,-0.00233217000397,-0.00292166805156,-0.00284243580777,-0.00293831002606,3773.572,1,1
2022-03-01:BTCUSDT:1646114867:-1,2022-03-01,BTCUSDT,EXHAUSTION_REJECT,1646114869111195,1646115055999999,False,-0.00499816802899,-0.00458155356447,-0.0045468739858,-0.0032760298133,3773.572,1,1
2022-03-01:BTCUSDT:1646115008:-1,2022-03-01,BTCUSDT,CASCADE_CONTINUE,1646115010116095,1646115199999999,False,-0.00503008271636,-0.0043276767632,-0.00444300238667,-0.00293831002606,6429,1,1
2022-03-01:BTCUSDT:1646115008:-1,2022-03-01,BTCUSDT,EXHAUSTION_REJECT,1646115010116095,1646115199999999,False,-0.0017571171091,-0.00232035095056,-0.00262855649441,-0.0032760298133,6429,1,1
2022-03-01:BTCUSDT:1646115800:1,2022-03-01,BTCUSDT,CASCADE_CONTINUE,1646115802157004,1646115804999999,False,-0.00346738842222,-0.00358061124863,-0.00350786996447,-0.00293831002606,10569.4065,1,1
2022-03-01:BTCUSDT:1646115800:1,2022-03-01,BTCUSDT,EXHAUSTION_REJECT,1646115802157004,1646115804999999,False,-0.00497141362391,-0.00503513969836,-0.00501123838685,-0.0032760298133,10569.4065,1,1
2022-03-01:BTCUSDT:1646115875:1,2022-03-01,BTCUSDT,CASCADE_CONTINUE,1646115877156279,1646116405999999,False,-0.00166052282081,-0.00154756707933,-0.00183850703629,-0.00293831002606,87.122,1,1
2022-03-01:BTCUSDT:1646115875:1,2022-03-01,BTCUSDT,EXHAUSTION_REJECT,1646115877156279,1646116405999999,False,-0.00735529103849,-0.00674965197238,-0.00642905453091,-0.0032760298133,87.122,1,1
2022-03-01:BTCUSDT:1646117534:1,2022-03-01,BTCUSDT,CASCADE_CONTINUE,1646117536111147,1646118374999999,False,-0.00127004268425,-0.00192960631583,-0.00174683862951,-0.00293831002606,261.936,1,1
2022-03-01:BTCUSDT:1646117534:1,2022-03-01,BTCUSDT,EXHAUSTION_REJECT,1646117536111147,1646118374999999,False,-0.00601510895874,-0.00553979681944,-0.00517927452205,-0.0032760298133,261.936,1,1
2022-03-01:BTCUSDT:1646118511:1,2022-03-01,BTCUSDT,CASCADE_CONTINUE,1646118513111576,1646118729999999,False,-0.00496985474646,-0.00399053472218,-0.00408978856844,-0.00293831002606,1618.787,1,1
2022-03-01:BTCUSDT:1646118511:1,2022-03-01,BTCUSDT,EXHAUSTION_REJECT,1646118513111576,1646118729999999,False,-0.00181943394379,-0.00241104169346,-0.0026053147448,-0.0032760298133,1618.787,1,1
2022-03-01:BTCUSDT:1646122987:-1,2022-03-01,BTCUSDT,CASCADE_CONTINUE,1646122989234454,1646123890999999,False,-0.00503847833872,-0.00447750519702,-0.00381339918505,-0.00293831002606,1297.035,1,1
2022-03-01:BTCUSDT:1646122987:-1,2022-03-01,BTCUSDT,EXHAUSTION_REJECT,1646122989234454,1646123891999999,False,0.0007381753253,-0.000180624103372,-0.000303391186243,-0.0032760298133,1297.035,1,1
2022-03-01:BTCUSDT:1646123886:1,2022-03-01,BTCUSDT,CASCADE_CONTINUE,1646123888111678,1646123890999999,False,-0.0023407824455,-0.00291851841556,-0.00294328864099,-0.00293831002606,1663.279,1,1
2022-03-01:BTCUSDT:1646123886:1,2022-03-01,BTCUSDT,EXHAUSTION_REJECT,1646123888111678,1646123890999999,False,-0.00599013746125,-0.00559367058908,-0.00563757136999,-0.0032760298133,1663.279,1,1
2022-03-01:ETHUSDT:1646127160:-1,2022-03-01,ETHUSDT,CASCADE_CONTINUE,1646127162171255,1646127251999999,False,-0.00504950982627,-0.00461055871198,-0.00464252206508,-0.00293831002606,171.9,1,1
2022-03-01:ETHUSDT:1646127160:-1,2022-03-01,ETHUSDT,EXHAUSTION_REJECT,1646127162171255,1646127251999999,False,-0.000229954694857,-0.000636160949153,-0.000457802949402,-0.0032760298133,171.9,1,1
2022-03-01:BTCUSDT:1646127524:-1,2022-03-01,BTCUSDT,CASCADE_CONTINUE,1646127526131948,1646127583999999,False,-0.00205731793698,-0.00249865404867,-0.00235843652602,-0.00293831002606,601.867,1,1
2022-03-01:BTCUSDT:1646127524:-1,2022-03-01,BTCUSDT,EXHAUSTION_REJECT,1646127526131948,1646127583999999,False,-0.00616610608021,-0.00547347916561,-0.00548158294089,-0.0032760298133,601.867,1,1
2022-03-01:ETHUSDT:1646129315:-1,2022-03-01,ETHUSDT,CASCADE_CONTINUE,1646129317151141,1646129328999999,False,-0.00122917720407,-0.00180308646726,-0.00209441494642,-0.00293831002606,114.296,1,1
2022-03-01:ETHUSDT:1646129315:-1,2022-03-01,ETHUSDT,EXHAUSTION_REJECT,1646129317151141,1646129328999999,False,-0.00751541754835,-0.00643586321764,-0.0062634911265,-0.0032760298133,114.296,1,1
2022-03-01:BTCUSDT:1646129362:-1,2022-03-01,BTCUSDT,CASCADE_CONTINUE,1646129364112753,1646129457999999,False,0.000376348879622,-0.000570375833588,-0.000749942888286,-0.00293831002606,214.0825,1,1
2022-03-01:BTCUSDT:1646129362:-1,2022-03-01,BTCUSDT,EXHAUSTION_REJECT,1646129364112753,1646129457999999,False,-0.00582617309299,-0.00461820607813,-0.00447360067137,-0.0032760298133,214.0825,1,1
2022-03-01:BTCUSDT:1646131632:1,2022-03-01,BTCUSDT,CASCADE_CONTINUE,1646131634112264,1646131640999999,False,-0.00188505901843,-0.00208426223045,-0.00207778668524,-0.00293831002606,6053.867,1,1
2022-03-01:BTCUSDT:1646131632:1,2022-03-01,BTCUSDT,EXHAUSTION_REJECT,1646131634112264,1646131640999999,False,-0.00565688549591,-0.00502376836669,-0.00545846654077,-0.0032760298133,6053.867,1,1
2022-03-01:BTCUSDT:1646131708:1,2022-03-01,BTCUSDT,CASCADE_CONTINUE,1646131710292102,1646132169999999,False,-0.000431325605707,-0.00142907531416,-0.00131888760548,-0.00293831002606,14404.17,1,1
2022-03-01:BTCUSDT:1646131708:1,2022-03-01,BTCUSDT,EXHAUSTION_REJECT,1646131710292102,1646132169999999,False,-0.00490122484633,-0.00372346419056,-0.0040554057902,-0.0032760298133,14404.17,1,1
2022-03-01:ETHUSDT:1646132089:1,2022-03-01,ETHUSDT,CASCADE_CONTINUE,1646132091120592,1646132158999999,False,-0.00198340202323,-0.00235962490217,-0.00213552287534,-0.00293831002606,529.182,1,1
2022-03-01:ETHUSDT:1646132089:1,2022-03-01,ETHUSDT,EXHAUSTION_REJECT,1646132091120592,1646132158999999,False,-0.00502926048606,-0.00493627615589,-0.00489622780785,-0.0032760298133,529.182,1,1
2022-03-01:BTCUSDT:1646132159:1,2022-03-01,BTCUSDT,CASCADE_CONTINUE,1646132161111696,1646132248999999,False,-0.00534785478548,-0.00447511317616,-0.00427294954989,-0.00293831002606,24196.515,1,1
2022-03-01:BTCUSDT:1646132159:1,2022-03-01,BTCUSDT,EXHAUSTION_REJECT,1646132161111696,1646132248999999,False,-0.000929773936073,-0.00150847891931,-0.00155285417497,-0.0032760298133,24196.515,1,1
2022-03-01:BTCUSDT:1646132298:1,2022-03-01,BTCUSDT,CASCADE_CONTINUE,1646132300212384,1646132498999999,False,-0.00126620671177,-0.00176067189611,-0.00167168820851,-0.00293831002606,1619.934,1,1
2022-03-01:BTCUSDT:1646132298:1,2022-03-01,BTCUSDT,EXHAUSTION_REJECT,1646132300212384,1646132498999999,False,-0.00546202012169,-0.00544427062992,-0.00532126364524,-0.0032760298133,1619.934,1,1
2022-03-01:ETHUSDT:1646132299:1,2022-03-01,ETHUSDT,CASCADE_CONTINUE,1646132301112023,1646132626999999,False,-0.00492916559029,-0.00421425168289,-0.00396362939873,-0.00293831002606,1474.375,1,1
2022-03-01:ETHUSDT:1646132299:1,2022-03-01,ETHUSDT,EXHAUSTION_REJECT,1646132301112023,1646132626999999,False,-0.000299828046139,-0.000933764231257,-0.00110063983445,-0.0032760298133,1474.375,1,1
2022-03-01:BTCUSDT:1646132489:1,2022-03-01,BTCUSDT,CASCADE_CONTINUE,1646132491152107,1646132504999999,False,-0.00125793939394,-0.00149249344937,-0.00180626657796,-0.00293831002606,350.688,1,1
2022-03-01:BTCUSDT:1646132489:1,2022-03-01,BTCUSDT,EXHAUSTION_REJECT,1646132491152107,1646132504999999,False,-0.00499661168422,-0.00494876248365,-0.00511033117996,-0.0032760298133,350.688,1,1
2022-03-01:BTCUSDT:1646133968:1,2022-03-01,BTCUSDT,CASCADE_CONTINUE,1646133970111874,1646133970951633,False,-0.00148706435058,-0.00155050011742,-0.00168471555418,-0.00293831002606,2151.943,2,1
2022-03-01:BTCUSDT:1646133968:1,2022-03-01,BTCUSDT,EXHAUSTION_REJECT,1646133970111874,1646133970951633,False,-0.00534719990606,-0.00519750094682,-0.00502785305661,-0.0032760298133,2151.943,2,1
2022-03-01:BTCUSDT:1646135173:-1,2022-03-01,BTCUSDT,CASCADE_CONTINUE,1646135175111743,1646135269999999,False,-0.00178608897885,-0.00218657549698,-0.00206246320157,-0.00293831002606,9382.646,1,1
2022-03-01:BTCUSDT:1646135173:-1,2022-03-01,BTCUSDT,EXHAUSTION_REJECT,1646135175111743,1646135269999999,False,-0.00521445252102,-0.0050792728802,-0.00485768314139,-0.0032760298133,9382.646,1,1
2022-03-01:BTCUSDT:1646135269:-1,2022-03-01,BTCUSDT,CASCADE_CONTINUE,1646135271114810,1646135354999999,False,-0.00586578341091,-0.0047267157917,-0.00467787482732,-0.00293831002606,2462.457,1,1
2022-03-01:BTCUSDT:1646135269:-1,2022-03-01,BTCUSDT,EXHAUSTION_REJECT,1646135271114810,1646135354999999,False,-0.000884138520735,-0.00224284813879,-0.00244133202582,-0.0032760298133,2462.457,1,1
2022-03-01:BTCUSDT:1646135406:1,2022-03-01,BTCUSDT,CASCADE_CONTINUE,1646135408111341,1646135668999999,False,-0.00492346560483,-0.00488294978582,-0.00466003254541,-0.00293831002606,657.0375,1,1
2022-03-01:BTCUSDT:1646135406:1,2022-03-01,BTCUSDT,EXHAUSTION_REJECT,1646135408111341,1646135668999999,False,0.000304292130531,-0.000119505296103,-0.000457074296833,-0.0032760298133,657.0375,1,1
2022-03-01:BTCUSDT:1646136624:1,2022-03-01,BTCUSDT,CASCADE_CONTINUE,1646136626111315,1646136631999999,False,-0.00200132627538,-0.00220523629022,-0.00214207760459,-0.00293831002606,2945.454,1,1
2022-03-01:BTCUSDT:1646136624:1,2022-03-01,BTCUSDT,EXHAUSTION_REJECT,1646136626111315,1646136626316214,False,-0.00486905313794,-0.00456391645122,-0.0044201634148,-0.0032760298133,2945.454,1,1
2022-03-01:BTCUSDT:1646136684:1,2022-03-01,BTCUSDT,CASCADE_CONTINUE,1646136686111632,1646136807999999,False,-0.000463804733171,-0.000672437639499,-0.000811909274022,-0.00293831002606,44.07,1,1
2022-03-01:BTCUSDT:1646136684:1,2022-03-01,BTCUSDT,EXHAUSTION_REJECT,1646136686111632,1646136807999999,False,-0.00726922852795,-0.0066866830918,-0.00683146692589,-0.0032760298133,44.07,1,1
2022-03-01:BTCUSDT:1646136807:1,2022-03-01,BTCUSDT,CASCADE_CONTINUE,1646136809112627,1646136997999999,False,-0.000307729490441,-0.000673318762747,-0.00076366933063,-0.00293831002606,1236.2,1,1
2022-03-01:BTCUSDT:1646136807:1,2022-03-01,BTCUSDT,EXHAUSTION_REJECT,1646136809112627,1646136997999999,False,-0.00621393130739,-0.00564743876607,-0.00516549454155,-0.0032760298133,1236.2,1,1
2022-03-01:BTCUSDT:1646136997:1,2022-03-01,BTCUSDT,CASCADE_CONTINUE,1646136999112927,1646137030999999,False,-0.000709619586641,-0.000544040949244,-0.000312637877914,-0.00293831002606,64130.4,2,1
2022-03-01:BTCUSDT:1646136997:1,2022-03-01,BTCUSDT,EXHAUSTION_REJECT,1646136999112927,1646137030999999,False,-0.00528760824542,-0.00549628633474,-0.00534779981558,-0.0032760298133,64130.4,2,1
2022-03-01:BTCUSDT:1646137101:1,2022-03-01,BTCUSDT,CASCADE_CONTINUE,1646137103111580,1646137433999999,False,0.00151077385374,0.000639692070174,0.000653220497573,-0.00293831002606,3200.172,2,1
2022-03-01:BTCUSDT:1646137101:1,2022-03-01,BTCUSDT,EXHAUSTION_REJECT,1646137103111580,1646137430999999,False,-0.00495847201673,-0.00390654046154,-0.0036810677357,-0.0032760298133,3200.172,2,1
2022-03-01:BTCUSDT:1646137163:1,2022-03-01,BTCUSDT,CASCADE_CONTINUE,1646137165111498,1646137434999999,False,0.00123129502322,0.000855581773883,0.000577711919288,-0.00293831002606,22233,1,1
2022-03-01:BTCUSDT:1646137163:1,2022-03-01,BTCUSDT,EXHAUSTION_REJECT,1646137165111498,1646137434999999,False,-0.0050629520019,-0.00418065360525,-0.00363006026873,-0.0032760298133,22233,1,1
2022-03-01:BTCUSDT:1646137224:1,2022-03-01,BTCUSDT,CASCADE_CONTINUE,1646137226111756,1646137712999999,False,0.00122871714398,0.000136032356799,1.52221130672e-05,-0.00293831002606,112920.3855,2,1
2022-03-01:BTCUSDT:1646137224:1,2022-03-01,BTCUSDT,EXHAUSTION_REJECT,1646137226111756,1646137712999999,False,-0.00523805682054,-0.00405907737974,-0.00348819399132,-0.0032760298133,112920.3855,2,1
2022-03-01:BTCUSDT:1646137360:1,2022-03-01,BTCUSDT,CASCADE_CONTINUE,1646137362115323,1646137397999999,False,-0.00132673733804,-0.00160458755556,-0.00167543855385,-0.00293831002606,1826.181,1,1
2022-03-01:BTCUSDT:1646137360:1,2022-03-01,BTCUSDT,EXHAUSTION_REJECT,1646137362115323,1646137397999999,False,-0.00641303575997,-0.00614780225491,-0.00627116567794,-0.0032760298133,1826.181,1,1
2022-03-01:ETHUSDT:1646137397:1,2022-03-01,ETHUSDT,CASCADE_CONTINUE,1646137399130979,1646137995999999,False,-0.00506931141967,-0.00449100182017,-0.00463107489924,-0.00293831002606,3714.5,1,1
2022-03-01:ETHUSDT:1646137397:1,2022-03-01,ETHUSDT,EXHAUSTION_REJECT,1646137399130979,1646137995999999,False,0.00175195700985,0.00175852887987,0.00140880912125,-0.0032760298133,3714.5,1,1
2022-03-01:BTCUSDT:1646137430:1,2022-03-01,BTCUSDT,CASCADE_CONTINUE,1646137432111943,1646137587999999,False,-0.00514748391979,-0.00472328972274,-0.00459392218843,-0.00293831002606,12854.448,2,1
2022-03-01:BTCUSDT:1646137430:1,2022-03-01,BTCUSDT,EXHAUSTION_REJECT,1646137432111943,1646137587999999,False,0.000621098919507,0.000178488783472,0.000390893992131,-0.0032760298133,12854.448,2,1
2022-03-01:BTCUSDT:1646137989:-1,2022-03-01,BTCUSDT,CASCADE_CONTINUE,1646137991132131,1646138007999999,False,0.000398356423403,0.000444312452593,0.000152414250021,-0.00293831002606,14612.814,1,1
2022-03-01:BTCUSDT:1646137989:-1,2022-03-01,BTCUSDT,EXHAUSTION_REJECT,1646137991132131,1646138007999999,False,-0.00523177883886,-0.00537637756433,-0.00516302885416,-0.0032760298133,14612.814,1,1
2022-03-01:BTCUSDT:1646138832:1,2022-03-01,BTCUSDT,CASCADE_CONTINUE,1646138834132730,1646138879999999,False,-0.00112076438342,-0.0017183839965,-0.0019490955251,-0.00293831002606,44.6215,1,1
2022-03-01:BTCUSDT:1646138832:1,2022-03-01,BTCUSDT,EXHAUSTION_REJECT,1646138834132730,1646138879999999,False,-0.00663077265323,-0.00622047878162,-0.00615901745028,-0.0032760298133,44.6215,1,1
2022-03-01:BTCUSDT:1646138907:1,2022-03-01,BTCUSDT,CASCADE_CONTINUE,1646138909111695,1646138993999999,False,-0.00514524055338,-0.00426331546949,-0.00432699303667,-0.00293831002606,2552.5825,2,1
2022-03-01:BTCUSDT:1646138907:1,2022-03-01,BTCUSDT,EXHAUSTION_REJECT,1646138909111695,1646138993999999,False,0.00177717622475,0.00128506105789,0.000917064666871,-0.0032760298133,2552.5825,2,1
2022-03-01:BTCUSDT:1646139255:1,2022-03-01,BTCUSDT,CASCADE_CONTINUE,1646139257111640,1646139259999999,False,-0.000944570323294,-0.00139392261714,-0.00164097471667,-0.00293831002606,5335.5435,1,1
2022-03-01:BTCUSDT:1646139255:1,2022-03-01,BTCUSDT,EXHAUSTION_REJECT,1646139257111640,1646139259999999,False,-0.00617184371652,-0.00528869772834,-0.0051812457676,-0.0032760298133,5335.5435,1,1
2022-03-01:BTCUSDT:1646139819:1,2022-03-01,BTCUSDT,CASCADE_CONTINUE,1646139821131502,1646139911999999,False,-0.000500944847286,-0.00124770117424,-0.00163462076565,-0.00293831002606,6435.585,2,1
2022-03-01:BTCUSDT:1646139819:1,2022-03-01,BTCUSDT,EXHAUSTION_REJECT,1646139821131502,1646139911999999,False,-0.00564546627054,-0.0045680816056,-0.00435527098525,-0.0032760298133,6435.585,2,1
2022-03-01:BTCUSDT:1646139903:1,2022-03-01,BTCUSDT,CASCADE_CONTINUE,1646139905131642,1646140026999999,False,-0.00577690196676,-0.00503558461628,-0.00491564891663,-0.00293831002606,902.244,2,1
2022-03-01:BTCUSDT:1646139903:1,2022-03-01,BTCUSDT,EXHAUSTION_REJECT,1646139905131642,1646140029999999,False,0.000812110638257,0.000185864185854,-0.000425551846847,-0.0032760298133,902.244,2,1
2022-03-01:ETHUSDT:1646139999:1,2022-03-01,ETHUSDT,CASCADE_CONTINUE,1646140001114729,1646140971999999,False,-0.0052723316032,-0.00481393763639,-0.00477172332115,-0.00293831002606,3995.2535,1,1
2022-03-01:ETHUSDT:1646139999:1,2022-03-01,ETHUSDT,EXHAUSTION_REJECT,1646140001114729,1646140971999999,False,0.00243018669702,0.00188614085764,0.00187407671387,-0.0032760298133,3995.2535,1,1
2022-03-01:BTCUSDT:1646140119:-1,2022-03-01,BTCUSDT,CASCADE_CONTINUE,1646140121131862,1646140225999999,False,-0.00496329137929,-0.00427638139866,-0.00458231180756,-0.00293831002606,22936.458,1,1
2022-03-01:BTCUSDT:1646140119:-1,2022-03-01,BTCUSDT,EXHAUSTION_REJECT,1646140121131862,1646140711999999,False,-0.00508436619637,-0.00500947781356,-0.00463395373306,-0.0032760298133,22936.458,1,1
2022-03-01:ETHUSDT:1646140221:1,2022-03-01,ETHUSDT,CASCADE_CONTINUE,1646140223114444,1646140446999999,False,-0.00514344172452,-0.00471741104891,-0.00486351404881,-0.00293831002606,180.948,1,1
2022-03-01:ETHUSDT:1646140221:1,2022-03-01,ETHUSDT,EXHAUSTION_REJECT,1646140223114444,1646140446999999,False,0.00147057144115,0.000819696633021,0.000890685780557,-0.0032760298133,180.948,1,1
2022-03-01:BTCUSDT:1646140646:-1,2022-03-01,BTCUSDT,CASCADE_CONTINUE,1646140648112231,1646140711999999,False,-0.00139943480911,-0.00238078052533,-0.00260553327873,-0.00293831002606,29165.8725,1,1
2022-03-01:BTCUSDT:1646140646:-1,2022-03-01,BTCUSDT,EXHAUSTION_REJECT,1646140648112231,1646140711999999,False,-0.005030899931,-0.00432779426193,-0.00447745951113,-0.0032760298133,29165.8725,1,1
2022-03-01:BTCUSDT:1646140711:-1,2022-03-01,BTCUSDT,CASCADE_CONTINUE,1646140713111861,1646141334999999,False,-0.00551718507179,-0.00494461576002,-0.00489341550675,-0.00293831002606,576.511,1,1
2022-03-01:BTCUSDT:1646140711:-1,2022-03-01,BTCUSDT,EXHAUSTION_REJECT,1646140713111861,1646141334999999,False,-8.344488888e-05,-0.000711610814871,-0.000936178162489,-0.0032760298133,576.511,1,1
2022-03-01:ETHUSDT:1646142687:1,2022-03-01,ETHUSDT,CASCADE_CONTINUE,1646142689112193,1646143319999999,False,0.00102408084569,0.000473761065223,0.000473795859444,-0.00293831002606,183.027,1,1
2022-03-01:ETHUSDT:1646142687:1,2022-03-01,ETHUSDT,EXHAUSTION_REJECT,1646142689112193,1646143319999999,False,-0.00556091678977,-0.00529510769269,-0.00532176445961,-0.0032760298133,183.027,1,1
2022-03-01:ETHUSDT:1646142750:1,2022-03-01,ETHUSDT,CASCADE_CONTINUE,1646142752432379,1646143031999999,False,0.000537828145173,-0.000297544358095,-0.000152772471078,-0.00293831002606,12204.2,1,1
2022-03-01:ETHUSDT:1646142750:1,2022-03-01,ETHUSDT,EXHAUSTION_REJECT,1646142752432379,1646143016999999,False,-0.00496200987902,-0.00416366051523,-0.00410765178189,-0.0032760298133,12204.2,1,1
2022-03-01:ETHUSDT:1646142869:1,2022-03-01,ETHUSDT,CASCADE_CONTINUE,1646142871171554,1646143031999999,False,-0.000718819287846,-0.000865986324999,-0.000847702038686,-0.00293831002606,2959.5185,1,1
2022-03-01:ETHUSDT:1646142869:1,2022-03-01,ETHUSDT,EXHAUSTION_REJECT,1646142871171554,1646143016999999,False,-0.00487614135274,-0.00461461854258,-0.00481839714134,-0.0032760298133,2959.5185,1,1
2022-03-01:ETHUSDT:1646143008:1,2022-03-01,ETHUSDT,CASCADE_CONTINUE,1646143010192296,1646143031999999,False,-0.000980448222566,-0.0015285132897,-0.00161053855351,-0.00293831002606,1925.973,1,1
2022-03-01:ETHUSDT:1646143008:1,2022-03-01,ETHUSDT,EXHAUSTION_REJECT,1646143010192296,1646143031999999,False,-0.00496855924391,-0.00456515450873,-0.00463462712695,-0.0032760298133,1925.973,1,1
2022-03-01:ETHUSDT:1646143319:1,2022-03-01,ETHUSDT,CASCADE_CONTINUE,1646143321151152,1646143791999999,False,-0.00503934624847,-0.00432238761991,-0.00420727548074,-0.00293831002606,4401.648,1,1
2022-03-01:ETHUSDT:1646143319:1,2022-03-01,ETHUSDT,EXHAUSTION_REJECT,1646143321151152,1646143791999999,False,0.0018023621713,0.000570422577658,0.000270312096729,-0.0032760298133,4401.648,1,1
2022-03-01:BTCUSDT:1646145122:-1,2022-03-01,BTCUSDT,CASCADE_CONTINUE,1646145124111373,1646145131999999,False,-0.00144472788905,-0.00178685415386,-0.00182759721395,-0.00293831002606,883.6,1,1
2022-03-01:BTCUSDT:1646145122:-1,2022-03-01,BTCUSDT,EXHAUSTION_REJECT,1646145124111373,1646145131999999,False,-0.00581266616012,-0.00543230988882,-0.0055019048726,-0.0032760298133,883.6,1,1
2022-03-01:ETHUSDT:1646145182:-1,2022-03-01,ETHUSDT,CASCADE_CONTINUE,1646145184111208,1646145517999999,False,-0.0053516679399,-0.00505126092478,-0.00512779801502,-0.00293831002606,1182.68,1,1
2022-03-01:ETHUSDT:1646145182:-1,2022-03-01,ETHUSDT,EXHAUSTION_REJECT,1646145184111208,1646145517999999,False,0.00189926909531,0.00149524622317,0.00120768340338,-0.0032760298133,1182.68,1,1
2022-03-01:BTCUSDT:1646145182:-1,2022-03-01,BTCUSDT,CASCADE_CONTINUE,1646145184112940,1646145214999999,False,0.00111085239085,0.000482852596646,0.000639465308607,-0.00293831002606,3603.49,1,1
2022-03-01:BTCUSDT:1646145182:-1,2022-03-01,BTCUSDT,EXHAUSTION_REJECT,1646145184112940,1646145214999999,False,-0.00522626519936,-0.00472100953527,-0.00489950095029,-0.0032760298133,3603.49,1,1
2022-03-01:ETHUSDT:1646145519:1,2022-03-01,ETHUSDT,CASCADE_CONTINUE,1646145521152905,1646145948999999,False,-0.00502271592748,-0.00468433282655,-0.00466027072923,-0.00293831002606,212.5165,1,1
2022-03-01:ETHUSDT:1646145519:1,2022-03-01,ETHUSDT,EXHAUSTION_REJECT,1646145521152905,1646145948999999,False,0.00249693318022,0.0020094751233,0.00165801048484,-0.0032760298133,212.5165,1,1
2022-03-01:BTCUSDT:1646146236:-1,2022-03-01,BTCUSDT,CASCADE_CONTINUE,1646146238112454,1646146308999999,False,-0.000728879838603,-0.000776758233547,-0.000966794936649,-0.00293831002606,43.7445,1,1
2022-03-01:BTCUSDT:1646146236:-1,2022-03-01,BTCUSDT,EXHAUSTION_REJECT,1646146238112454,1646146301999999,False,-0.00508305420301,-0.00493230250726,-0.00461831360872,-0.0032760298133,43.7445,1,1
2022-03-01:BTCUSDT:1646146296:-1,2022-03-01,BTCUSDT,CASCADE_CONTINUE,1646146298191915,1646146326999999,False,-0.000141316539487,-0.000493419897597,-0.000264299402487,-0.00293831002606,8128.293,1,1
2022-03-01:BTCUSDT:1646146296:-1,2022-03-01,BTCUSDT,EXHAUSTION_REJECT,1646146298191915,1646146326999999,False,-0.00515172072325,-0.00508249192069,-0.00511207120223,-0.0032760298133,8128.293,1,1
2022-03-01:BTCUSDT:1646146372:-1,2022-03-01,BTCUSDT,CASCADE_CONTINUE,1646146374131199,1646146444999999,False,-0.00509565578882,-0.00482744055045,-0.00461222071486,-0.00293831002606,3612.658,1,1
2022-03-01:BTCUSDT:1646146372:-1,2022-03-01,BTCUSDT,EXHAUSTION_REJECT,1646146374131199,1646146614999999,False,0.00134192409946,0.000900230287185,0.000365066207333,-0.0032760298133,3612.658,1,1
2022-03-01:BTCUSDT:1646146614:1,2022-03-01,BTCUSDT,CASCADE_CONTINUE,1646146616111384,1646146777999999,False,-0.00562463663424,-0.00497989989415,-0.00500937800133,-0.00293831002606,132.555,1,1
2022-03-01:BTCUSDT:1646146614:1,2022-03-01,BTCUSDT,EXHAUSTION_REJECT,1646146616111384,1646146777999999,False,0.000784449954035,0.000239667721071,0.00047199287502,-0.0032760298133,132.555,1,1
2022-03-01:BTCUSDT:1646146881:-1,2022-03-01,BTCUSDT,CASCADE_CONTINUE,1646146883110962,1646146960999999,False,-0.000369239224111,-0.000780439490349,-0.00111161420468,-0.00293831002606,87.142,1,1
2022-03-01:BTCUSDT:1646146881:-1,2022-03-01,BTCUSDT,EXHAUSTION_REJECT,1646146883110962,1646146960999999,False,-0.00505929418524,-0.00450346737093,-0.00436582050817,-0.0032760298133,87.142,1,1
2022-03-01:ETHUSDT:1646146945:-1,2022-03-01,ETHUSDT,CASCADE_CONTINUE,1646146947111704,1646146974999999,False,0.000157525984858,-0.000475610186592,-0.000342510128755,-0.00293831002606,264.0735,1,1
2022-03-01:ETHUSDT:1646146945:-1,2022-03-01,ETHUSDT,EXHAUSTION_REJECT,1646146947111704,1646146974999999,False,-0.00550343567071,-0.00486792341607,-0.00442624521296,-0.0032760298133,264.0735,1,1
2022-03-01:BTCUSDT:1646147805:1,2022-03-01,BTCUSDT,CASCADE_CONTINUE,1646147807111589,1646147877999999,False,-0.000539459470253,-0.000252143526263,-0.000424095353168,-0.00293831002606,44.0985,1,1
2022-03-01:BTCUSDT:1646147805:1,2022-03-01,BTCUSDT,EXHAUSTION_REJECT,1646147807111589,1646147877999999,False,-0.00495658070209,-0.00524999752594,-0.0051329556294,-0.0032760298133,44.0985,1,1
2022-03-01:BTCUSDT:1646148922:-1,2022-03-01,BTCUSDT,CASCADE_CONTINUE,1646148924111839,1646149022999999,False,-0.00129611557857,-0.00173878872834,-0.00191022812214,-0.00293831002606,14160.7375,1,1
2022-03-01:BTCUSDT:1646148922:-1,2022-03-01,BTCUSDT,EXHAUSTION_REJECT,1646148924111839,1646149022999999,False,-0.00501860371358,-0.00461154794172,-0.00460930751622,-0.0032760298133,14160.7375,1,1
2022-03-01:ETHUSDT:1646149455:-1,2022-03-01,ETHUSDT,CASCADE_CONTINUE,1646149457251265,1646149547999999,False,0.000574311766248,-0.000179559620642,-0.000181577017467,-0.00293831002606,145.44,1,1
2022-03-01:ETHUSDT:1646149455:-1,2022-03-01,ETHUSDT,EXHAUSTION_REJECT,1646149457251265,1646149547999999,False,-0.00522000650714,-0.00446540238358,-0.00397397091655,-0.0032760298133,145.44,1,1
2022-03-01:BTCUSDT:1646149504:-1,2022-03-01,BTCUSDT,CASCADE_CONTINUE,1646149506111972,1646149584999999,False,-0.000471974855946,-0.000963720331655,-0.000713476666092,-0.00293831002606,3075.492,2,1
2022-03-01:BTCUSDT:1646149504:-1,2022-03-01,BTCUSDT,EXHAUSTION_REJECT,1646149506111972,1646149584999999,False,-0.00509875540382,-0.00466907291674,-0.00463302076728,-0.0032760298133,3075.492,2,1
2022-03-01:ETHUSDT:1646149545:-1,2022-03-01,ETHUSDT,CASCADE_CONTINUE,1646149547151170,1646149922999999,False,-0.00521589841614,-0.00466533857153,-0.00448255647365,-0.00293831002606,348,1,1
2022-03-01:ETHUSDT:1646149545:-1,2022-03-01,ETHUSDT,EXHAUSTION_REJECT,1646149547151170,1646149922999999,False,0.00197614520311,0.00130814465321,0.001595967692,-0.0032760298133,348,1,1
2022-03-01:BTCUSDT:1646149579:-1,2022-03-01,BTCUSDT,CASCADE_CONTINUE,1646149581131695,1646150030999999,False,-0.00532353671816,-0.00525808294427,-0.00536150794088,-0.00293831002606,2076.216,1,1
2022-03-01:BTCUSDT:1646149579:-1,2022-03-01,BTCUSDT,EXHAUSTION_REJECT,1646149581131695,1646150030999999,False,0.000348254176295,0.000341930130515,0.000131191655711,-0.0032760298133,2076.216,1,1
2022-03-01:BTCUSDT:1646149677:-1,2022-03-01,BTCUSDT,CASCADE_CONTINUE,1646149679131822,1646150004999999,False,-0.00495032535251,-0.00453643750027,-0.00449504448081,-0.00293831002606,1984.624,1,1
2022-03-01:BTCUSDT:1646149677:-1,2022-03-01,BTCUSDT,EXHAUSTION_REJECT,1646149679131822,1646150004999999,False,0.00126214466573,0.000593571551121,0.000360131221558,-0.0032760298133,1984.624,1,1
2022-03-01:BTCUSDT:1646150330:1,2022-03-01,BTCUSDT,CASCADE_CONTINUE,1646150332111825,1646150488999999,False,-0.00701928312003,-0.00591430667903,-0.00605396131188,-0.00293831002606,965.052,1,1
2022-03-01:BTCUSDT:1646150330:1,2022-03-01,BTCUSDT,EXHAUSTION_REJECT,1646150332111825,1646150488999999,False,-0.00123071965628,-0.00185618376102,-0.00143456355986,-0.0032760298133,965.052,1,1
2022-03-01:BTCUSDT:1646151509:1,2022-03-01,BTCUSDT,CASCADE_CONTINUE,1646151511111492,1646151515999999,False,0.000834483854517,0.000244140276505,0.000317048575258,-0.00293831002606,661.6275,1,1
2022-03-01:BTCUSDT:1646151509:1,2022-03-01,BTCUSDT,EXHAUSTION_REJECT,1646151511111492,1646151515999999,False,-0.00566777840102,-0.00502212310192,-0.00483268667514,-0.0032760298133,661.6275,1,1
2022-03-01:BTCUSDT:1646152151:-1,2022-03-01,BTCUSDT,CASCADE_CONTINUE,1646152153131792,1646152210999999,False,0.000333956475032,-0.000156003372166,-0.000205108944811,-0.00293831002606,10598.75,1,1
2022-03-01:BTCUSDT:1646152151:-1,2022-03-01,BTCUSDT,EXHAUSTION_REJECT,1646152153131792,1646152210999999,False,-0.00542739236326,-0.00510697198351,-0.00545959655098,-0.0032760298133,10598.75,1,1
2022-03-01:BTCUSDT:1646152308:-1,2022-03-01,BTCUSDT,CASCADE_CONTINUE,1646152310152111,1646152419999999,False,0.000782996971662,7.67852064276e-05,-0.000451947336458,-0.00293831002606,11347.482,1,1
2022-03-01:BTCUSDT:1646152308:-1,2022-03-01,BTCUSDT,EXHAUSTION_REJECT,1646152310152111,1646152419999999,False,-0.00497592197466,-0.00443227444646,-0.00451008695019,-0.0032760298133,11347.482,1,1
2022-03-01:BTCUSDT:1646152474:-1,2022-03-01,BTCUSDT,CASCADE_CONTINUE,1646152476111607,1646152690999999,False,-0.00517956259048,-0.00514010316452,-0.00502008824647,-0.00293831002606,12555.0735,2,1
2022-03-01:BTCUSDT:1646152474:-1,2022-03-01,BTCUSDT,EXHAUSTION_REJECT,1646152476111607,1646152690999999,False,0.000941813444853,0.000806615131704,0.000654225898155,-0.0032760298133,12555.0735,2,1
2022-03-01:BTCUSDT:1646153435:-1,2022-03-01,BTCUSDT,CASCADE_CONTINUE,1646153437117213,1646153531999999,False,-0.00497956961191,-0.00477025236751,-0.00465781916788,-0.00293831002606,52630.418,2,1
2022-03-01:BTCUSDT:1646153435:-1,2022-03-01,BTCUSDT,EXHAUSTION_REJECT,1646153437117213,1646153531999999,False,-0.000253555178515,-0.000724547294513,-0.00108883411701,-0.0032760298133,52630.418,2,1
2022-03-01:ETHUSDT:1646153750:-1,2022-03-01,ETHUSDT,CASCADE_CONTINUE,1646153752171068,1646153876999999,False,-0.00492574379701,-0.00426215012902,-0.00415543434836,-0.00293831002606,1033.65,1,1
2022-03-01:ETHUSDT:1646153750:-1,2022-03-01,ETHUSDT,EXHAUSTION_REJECT,1646153752171068,1646153876999999,False,7.95491380581e-05,-0.000133900637957,-0.000284597098328,-0.0032760298133,1033.65,1,1
2022-03-01:BTCUSDT:1646153764:-1,2022-03-01,BTCUSDT,CASCADE_CONTINUE,1646153766117197,1646153879999999,False,-0.00554335282699,-0.00516227724514,-0.00540536239146,-0.00293831002606,15061.553,2,1
2022-03-01:BTCUSDT:1646153764:-1,2022-03-01,BTCUSDT,EXHAUSTION_REJECT,1646153766117197,1646153879999999,False,0.000674213448608,0.000626130615838,0.000513344643068,-0.0032760298133,15061.553,2,1
2022-03-01:BTCUSDT:1646154013:1,2022-03-01,BTCUSDT,CASCADE_CONTINUE,1646154015136911,1646154268999999,False,-0.00549865915631,-0.00503967853611,-0.00511221699921,-0.00293831002606,392.7735,1,1
2022-03-01:BTCUSDT:1646154013:1,2022-03-01,BTCUSDT,EXHAUSTION_REJECT,1646154015136911,1646154268999999,False,0.000257942295303,-2.28080085305e-08,0.00029799230652,-0.0032760298133,392.7735,1,1
2022-03-01:BTCUSDT:1646156851:1,2022-03-01,BTCUSDT,CASCADE_CONTINUE,1646156853132233,1646156908999999,False,-0.00317443328737,-0.0030943521693,-0.00327520320114,-0.00293831002606,306.698,1,1
2022-03-01:BTCUSDT:1646156851:1,2022-03-01,BTCUSDT,EXHAUSTION_REJECT,1646156853132233,1646156908999999,False,-0.00531908404186,-0.00506090052235,-0.00447486457327,-0.0032760298133,306.698,1,1
2022-03-01:BTCUSDT:1646156933:1,2022-03-01,BTCUSDT,CASCADE_CONTINUE,1646156935112064,1646156956999999,False,-0.00242034335909,-0.00240121060415,-0.00225743133246,-0.00293831002606,3466.4015,1,1
2022-03-01:BTCUSDT:1646156933:1,2022-03-01,BTCUSDT,EXHAUSTION_REJECT,1646156935112064,1646156956999999,False,-0.00527649535936,-0.00544877428705,-0.00513109816601,-0.0032760298133,3466.4015,1,1
2022-03-01:BTCUSDT:1646156993:1,2022-03-01,BTCUSDT,CASCADE_CONTINUE,1646156995112120,1646157042999999,False,-0.000572303619817,-0.000884836941525,-0.00113385010709,-0.00293831002606,87.89,1,1
2022-03-01:BTCUSDT:1646156993:1,2022-03-01,BTCUSDT,EXHAUSTION_REJECT,1646156995112120,1646157042999999,False,-0.00499668477123,-0.00546575481489,-0.0046389000294,-0.0032760298133,87.89,1,1
2022-03-01:ETHUSDT:1646162405:1,2022-03-01,ETHUSDT,CASCADE_CONTINUE,1646162407130967,1646162744999999,False,0.000382970730944,-0.000645002755933,-0.000454666174327,-0.00293831002606,538.272,1,1
2022-03-01:ETHUSDT:1646162405:1,2022-03-01,ETHUSDT,EXHAUSTION_REJECT,1646162407130967,1646162744999999,False,-0.00502507707305,-0.00471081391777,-0.00447336417558,-0.0032760298133,538.272,1,1
2022-03-01:BTCUSDT:1646162632:1,2022-03-01,BTCUSDT,CASCADE_CONTINUE,1646162634132213,1646163019999999,False,-0.00506366872119,-0.00400665220305,-0.00381730591109,-0.00293831002606,8664.866,1,1
2022-03-01:BTCUSDT:1646162632:1,2022-03-01,BTCUSDT,EXHAUSTION_REJECT,1646162634132213,1646163019999999,False,-0.000835000267463,-0.00168262356452,-0.00185134758061,-0.0032760298133,8664.866,1,1
2022-03-01:BTCUSDT:1646162765:1,2022-03-01,BTCUSDT,CASCADE_CONTINUE,1646162767111699,1646163013999999,False,-0.00508301933589,-0.00419375952682,-0.00436425749981,-0.00293831002606,4248.64,2,1
2022-03-01:BTCUSDT:1646162765:1,2022-03-01,BTCUSDT,EXHAUSTION_REJECT,1646162767111699,1646163013999999,False,-0.000373191837491,-0.000634652520277,-0.00086715996922,-0.0032760298133,4248.64,2,1
2022-03-01:BTCUSDT:1646162918:1,2022-03-01,BTCUSDT,CASCADE_CONTINUE,1646162920131915,1646162952999999,False,-0.00499474537451,-0.00463499097762,-0.00428305863783,-0.00293831002606,88782.325,2,1
2022-03-01:BTCUSDT:1646162918:1,2022-03-01,BTCUSDT,EXHAUSTION_REJECT,1646162920131915,1646162952999999,False,-0.0028609042103,-0.0034648421425,-0.00367240071946,-0.0032760298133,88782.325,2,1
2022-03-01:BTCUSDT:1646164245:-1,2022-03-01,BTCUSDT,CASCADE_CONTINUE,1646164247111835,1646164320999999,False,-0.00181342856953,-0.0018078424924,-0.00166089455576,-0.00293831002606,522.234,1,1
2022-03-01:BTCUSDT:1646164245:-1,2022-03-01,BTCUSDT,EXHAUSTION_REJECT,1646164247111835,1646164320999999,False,-0.00512611405604,-0.00499120990601,-0.00513934808462,-0.0032760298133,522.234,1,1
2022-03-01:BTCUSDT:1646165243:1,2022-03-01,BTCUSDT,CASCADE_CONTINUE,1646165245111397,1646165338999999,False,-0.00496979365138,-0.00459722344711,-0.0042923910731,-0.00293831002606,36729.369,1,1
2022-03-01:BTCUSDT:1646165243:1,2022-03-01,BTCUSDT,EXHAUSTION_REJECT,1646165245111397,1646165338999999,False,0.000446123845223,-0.00085341624886,-0.00131903377391,-0.0032760298133,36729.369,1,1
2022-03-01:BTCUSDT:1646165631:1,2022-03-01,BTCUSDT,CASCADE_CONTINUE,1646165633251913,1646166054999999,False,-0.00508926305133,-0.00516108294982,-0.00526290625241,-0.00293831002606,17034.952,1,1
2022-03-01:BTCUSDT:1646165631:1,2022-03-01,BTCUSDT,EXHAUSTION_REJECT,1646165633251913,1646166054999999,False,-0.000341898347169,-0.000464889700283,-0.000565394752973,-0.0032760298133,17034.952,1,1
2022-03-01:BTCUSDT:1646167294:1,2022-03-01,BTCUSDT,CASCADE_CONTINUE,1646167296132444,1646167313999999,False,-0.00199145281706,-0.00218238813813,-0.00246660814034,-0.00293831002606,44.225,1,1
2022-03-01:BTCUSDT:1646167294:1,2022-03-01,BTCUSDT,EXHAUSTION_REJECT,1646167296132444,1646167313999999,False,-0.00642294411347,-0.00616570943367,-0.0058576446522,-0.0032760298133,44.225,1,1
2022-03-01:ETHUSDT:1646167309:1,2022-03-01,ETHUSDT,CASCADE_CONTINUE,1646167311131217,1646167484999999,False,-0.00509528356073,-0.00444158687282,-0.00408646783429,-0.00293831002606,112706.325,1,1
2022-03-01:ETHUSDT:1646167309:1,2022-03-01,ETHUSDT,EXHAUSTION_REJECT,1646167311131217,1646167318999999,False,-0.00502392271055,-0.00466384661318,-0.00500460775901,-0.0032760298133,112706.325,1,1
2022-03-01:BTCUSDT:1646169679:1,2022-03-01,BTCUSDT,CASCADE_CONTINUE,1646169681111529,1646169746999999,False,-0.00149761261986,-0.00183140502034,-0.00169513459023,-0.00293831002606,4464.402,1,1
2022-03-01:BTCUSDT:1646169679:1,2022-03-01,BTCUSDT,EXHAUSTION_REJECT,1646169681111529,1646169746999999,False,-0.00524586245632,-0.00512615890391,-0.0051353725348,-0.0032760298133,4464.402,1,1
2022-03-01:BTCUSDT:1646174191:1,2022-03-01,BTCUSDT,CASCADE_CONTINUE,1646174193131879,1646174205999999,False,-0.00182033838634,-0.00177804184739,-0.00167562637234,-0.00293831002606,1106.35,1,1
2022-03-01:BTCUSDT:1646174191:1,2022-03-01,BTCUSDT,EXHAUSTION_REJECT,1646174193131879,1646174205999999,False,-0.00490454248608,-0.00536404845102,-0.00538414403155,-0.0032760298133,1106.35,1,1
2022-03-01:BTCUSDT:1646174252:1,2022-03-01,BTCUSDT,CASCADE_CONTINUE,1646174254111464,1646177882999999,False,-0.000123417503626,-0.000177679606033,-0.000210027420731,-0.00293831002606,3329.0475,2,1
2022-03-01:BTCUSDT:1646174252:1,2022-03-01,BTCUSDT,EXHAUSTION_REJECT,1646174254111464,1646177882999999,False,-0.00549048758934,-0.00530925527044,-0.00528027985309,-0.0032760298133,3329.0475,2,1
2022-03-01:BTCUSDT:1646177881:1,2022-03-01,BTCUSDT,CASCADE_CONTINUE,1646177883111522,1646178042999999,False,-0.00143217213529,-0.00160158269273,-0.00163786488523,-0.00293831002606,2002.0675,2,1
2022-03-01:BTCUSDT:1646177881:1,2022-03-01,BTCUSDT,EXHAUSTION_REJECT,1646177883111522,1646178042999999,False,-0.00563491201796,-0.00542912947928,-0.00579260702823,-0.0032760298133,2002.0675,2,1
2022-03-01:BTCUSDT:1646178042:1,2022-03-01,BTCUSDT,CASCADE_CONTINUE,1646178044251769,1646178291999999,False,-0.00210071259765,-0.00194276308762,-0.00199473765528,-0.00293831002606,356.596,1,1
2022-03-01:BTCUSDT:1646178042:1,2022-03-01,BTCUSDT,EXHAUSTION_REJECT,1646178044251769,1646178291999999,False,-0.00515040526852,-0.00543152901474,-0.00560290009821,-0.0032760298133,356.596,1,1
2022-03-01:BTCUSDT:1646178226:1,2022-03-01,BTCUSDT,CASCADE_CONTINUE,1646178228211727,1646178582999999,False,-0.00281288244629,-0.00238310156601,-0.00243902977771,-0.00293831002606,3166.4225,1,1
2022-03-01:BTCUSDT:1646178226:1,2022-03-01,BTCUSDT,EXHAUSTION_REJECT,1646178228211727,1646178582999999,False,-0.00500276253727,-0.00524971723254,-0.00527073557665,-0.0032760298133,3166.4225,1,1
2022-03-01:BTCUSDT:1646178575:1,2022-03-01,BTCUSDT,CASCADE_CONTINUE,1646178577132360,1646178625999999,False,-0.00282352292029,-0.0028902040475,-0.00283459492893,-0.00293831002606,223.12,1,1
2022-03-01:BTCUSDT:1646178575:1,2022-03-01,BTCUSDT,EXHAUSTION_REJECT,1646178577132360,1646178625999999,False,-0.00576110420003,-0.00558419779384,-0.00536917575779,-0.0032760298133,223.12,1,1
2022-03-01:BTCUSDT:1646178715:1,2022-03-01,BTCUSDT,CASCADE_CONTINUE,1646178717112054,1646178779999999,False,-0.00505876858474,-0.00444190751451,-0.00436299117332,-0.00293831002606,11179.5,1,1
2022-03-01:BTCUSDT:1646178715:1,2022-03-01,BTCUSDT,EXHAUSTION_REJECT,1646178717112054,1646178779999999,False,-0.000566465929271,-0.00101450249305,-0.00103370604987,-0.0032760298133,11179.5,1,1
2022-05-01:BTCUSDT:1651369899:1,2022-05-01,BTCUSDT,CASCADE_CONTINUE,1651369901135456,1651370164999999,False,-0.00496697594785,-0.0047251594355,-0.00466020916371,-0.00275157402442,3591.082,1,1
2022-05-01:BTCUSDT:1651369899:1,2022-05-01,BTCUSDT,EXHAUSTION_REJECT,1651369901135456,1651370164999999,False,0.000802818154827,0.000214429114839,0.000312794566289,-0.00325138298908,3591.082,1,1
2022-05-01:BTCUSDT:1651376021:1,2022-05-01,BTCUSDT,CASCADE_CONTINUE,1651376023114522,1651376214999999,False,-0.00502901427001,-0.00474068020849,-0.00444827157711,-0.00275157402442,76.424,1,1
2022-05-01:BTCUSDT:1651376021:1,2022-05-01,BTCUSDT,EXHAUSTION_REJECT,1651376023114522,1651376214999999,False,-0.00184238421567,-0.00259286370242,-0.00262845994981,-0.00325138298908,76.424,1,1
2022-05-01:BTCUSDT:1651377257:1,2022-05-01,BTCUSDT,CASCADE_CONTINUE,1651377259114505,1651377266999999,False,-0.00387588593766,-0.00342080159664,-0.00335045910135,-0.00275157402442,344.0565,1,1
2022-05-01:BTCUSDT:1651377257:1,2022-05-01,BTCUSDT,EXHAUSTION_REJECT,1651377259114505,1651377266999999,False,-0.00500598969629,-0.00538767919563,-0.00529096697934,-0.00325138298908,344.0565,1,1
2022-05-01:BTCUSDT:1651382104:1,2022-05-01,BTCUSDT,CASCADE_CONTINUE,1651382106114534,1651382253999999,False,-0.00498974887996,-0.00457954312639,-0.00480408617808,-0.00275157402442,1917,1,1
2022-05-01:BTCUSDT:1651382104:1,2022-05-01,BTCUSDT,EXHAUSTION_REJECT,1651382106114534,1651382253999999,False,0.000182067462561,-2.46523736701e-05,-0.000349621562162,-0.00325138298908,1917,1,1
2022-05-01:BTCUSDT:1651418602:1,2022-05-01,BTCUSDT,CASCADE_CONTINUE,1651418604194422,1651418610999999,False,-0.00239586330982,-0.00301063225926,-0.00305211507175,-0.00275157402442,765.78,1,1
2022-05-01:BTCUSDT:1651418602:1,2022-05-01,BTCUSDT,EXHAUSTION_REJECT,1651418604194422,1651418609999999,False,-0.00487277339668,-0.00446120512836,-0.00422333260161,-0.00325138298908,765.78,1,1
2022-05-01:BTCUSDT:1651420437:1,2022-05-01,BTCUSDT,CASCADE_CONTINUE,1651420439114636,1651420441999999,False,-0.00157274673094,-0.00156551783861,-0.00194199384416,-0.00275157402442,424.5615,1,1
2022-05-01:BTCUSDT:1651420437:1,2022-05-01,BTCUSDT,EXHAUSTION_REJECT,1651420439114636,1651420441999999,False,-0.00571564839987,-0.00573236910528,-0.00529840468948,-0.00325138298908,424.5615,1,1
2022-05-01:BTCUSDT:1651421863:1,2022-05-01,BTCUSDT,CASCADE_CONTINUE,1651421865114155,1651421867999999,False,-0.00195813153804,-0.00201958427142,-0.00213621259837,-0.00275157402442,1786.1,2,1
2022-05-01:BTCUSDT:1651421863:1,2022-05-01,BTCUSDT,EXHAUSTION_REJECT,1651421865114155,1651421867999999,False,-0.00536098308139,-0.0052751914005,-0.00542054959915,-0.00325138298908,1786.1,2,1
2022-05-01:BTCUSDT:1651427333:-1,2022-05-01,BTCUSDT,CASCADE_CONTINUE,1651427335114198,1651428126999999,False,-0.00166266869982,-0.00204341805494,-0.00228713166049,-0.00275157402442,38.196,1,1
2022-05-01:BTCUSDT:1651427333:-1,2022-05-01,BTCUSDT,EXHAUSTION_REJECT,1651427335114198,1651428126999999,False,-0.00501538821173,-0.00520109770287,-0.00477285224001,-0.00325138298908,38.196,1,1
2022-05-01:BTCUSDT:1651429211:-1,2022-05-01,BTCUSDT,CASCADE_CONTINUE,1651429213114677,1651429240999999,False,-0.0030103165145,-0.00329011046026,-0.00309244593231,-0.00275157402442,228.723,1,1
2022-05-01:BTCUSDT:1651429211:-1,2022-05-01,BTCUSDT,EXHAUSTION_REJECT,1651429213114677,1651429240999999,False,-0.00565379758734,-0.00544386320284,-0.00552706185687,-0.00325138298908,228.723,1,1
2022-05-01:BTCUSDT:1651429340:-1,2022-05-01,BTCUSDT,CASCADE_CONTINUE,1651429342114060,1651429602999999,False,-0.00230425902594,-0.00240787956756,-0.00244386808849,-0.00275157402442,380.54,1,1
2022-05-01:BTCUSDT:1651429340:-1,2022-05-01,BTCUSDT,EXHAUSTION_REJECT,1651429342114060,1651429602999999,False,-0.00511744061173,-0.00470851947173,-0.00478687009811,-0.00325138298908,380.54,1,1
2022-05-01:BTCUSDT:1651429602:-1,2022-05-01,BTCUSDT,CASCADE_CONTINUE,1651429604114513,1651429754999999,False,-0.00234847123765,-0.00250037131047,-0.00220467935551,-0.00275157402442,1330.945,1,1
2022-05-01:BTCUSDT:1651429602:-1,2022-05-01,BTCUSDT,EXHAUSTION_REJECT,1651429604114513,1651429754999999,False,-0.00499699445524,-0.00506752241244,-0.00533860598804,-0.00325138298908,1330.945,1,1
2022-05-01:BTCUSDT:1651429754:-1,2022-05-01,BTCUSDT,CASCADE_CONTINUE,1651429756114682,1651429764999999,False,-0.00324976777705,-0.00322859120257,-0.00321786793153,-0.00275157402442,152.044,1,1
2022-05-01:BTCUSDT:1651429754:-1,2022-05-01,BTCUSDT,EXHAUSTION_REJECT,1651429756114682,1651429764999999,False,-0.00498362406851,-0.00485878950375,-0.00469158455156,-0.00325138298908,152.044,1,1
2022-05-01:BTCUSDT:1651431072:-1,2022-05-01,BTCUSDT,CASCADE_CONTINUE,1651431074114426,1651431082999999,False,-0.00158397369816,-0.00210087152038,-0.00188330022696,-0.00275157402442,2159.445,1,1
2022-05-01:BTCUSDT:1651431072:-1,2022-05-01,BTCUSDT,EXHAUSTION_REJECT,1651431074114426,1651431082999999,False,-0.00597165937393,-0.00524671148861,-0.0054393808225,-0.00325138298908,2159.445,1,1
2022-05-01:BTCUSDT:1651431248:-1,2022-05-01,BTCUSDT,CASCADE_CONTINUE,1651431250213468,1651431764999999,False,-5.24936558654e-05,-0.000733647037495,-0.00077070867925,-0.00275157402442,75.606,1,1
2022-05-01:BTCUSDT:1651431248:-1,2022-05-01,BTCUSDT,EXHAUSTION_REJECT,1651431250213468,1651431764999999,False,-0.00582383276031,-0.00520275895167,-0.00496755120949,-0.00325138298908,75.606,1,1
2022-05-01:BTCUSDT:1651431768:-1,2022-05-01,BTCUSDT,CASCADE_CONTINUE,1651431770155399,1651431806999999,False,-0.00127194197514,-0.00130457808544,-0.00135640160058,-0.00275157402442,188.39,1,1
2022-05-01:BTCUSDT:1651431768:-1,2022-05-01,BTCUSDT,EXHAUSTION_REJECT,1651431770155399,1651431806999999,False,-0.00594546370297,-0.00585215431663,-0.00571691460006,-0.00325138298908,188.39,1,1
2022-05-01:BTCUSDT:1651433968:1,2022-05-01,BTCUSDT,CASCADE_CONTINUE,1651433970135316,1651433998999999,False,-0.00550415039175,-0.00497328134514,-0.00519889116894,-0.00275157402442,76.367,1,1
2022-05-01:BTCUSDT:1651433968:1,2022-05-01,BTCUSDT,EXHAUSTION_REJECT,1651433970135316,1651433998999999,False,0.00024906207964,-0.000261121699866,-8.79493003868e-05,-0.00325138298908,76.367,1,1
2022-05-01:BTCUSDT:1651438466:1,2022-05-01,BTCUSDT,CASCADE_CONTINUE,1651438468114608,1651438469999999,False,-0.00241801220421,-0.00270812306713,-0.00267135542131,-0.00275157402442,23862.0075,2,1
2022-05-01:BTCUSDT:1651438466:1,2022-05-01,BTCUSDT,EXHAUSTION_REJECT,1651438468114608,1651438469999999,False,-0.0054128438314,-0.00501514321614,-0.00507917638226,-0.00325138298908,23862.0075,2,1
2022-05-01:BTCUSDT:1651438956:1,2022-05-01,BTCUSDT,CASCADE_CONTINUE,1651438958154808,1651439305999999,False,-0.00506528379778,-0.00480923076612,-0.00478942017496,-0.00275157402442,4355.063,2,1
2022-05-01:BTCUSDT:1651438956:1,2022-05-01,BTCUSDT,EXHAUSTION_REJECT,1651438958154808,1651439305999999,False,0.0010115374476,0.00074931463115,0.000834076147828,-0.00325138298908,4355.063,2,1
2022-05-01:BTCUSDT:1651439398:-1,2022-05-01,BTCUSDT,CASCADE_CONTINUE,1651439400114388,1651439891999999,False,-0.00507974913313,-0.00467030390989,-0.00471179495639,-0.00275157402442,55133.166,1,1
2022-05-01:BTCUSDT:1651439398:-1,2022-05-01,BTCUSDT,EXHAUSTION_REJECT,1651439400114388,1651439891999999,False,0.00116784434818,0.00044768451159,0.000734854894778,-0.00325138298908,55133.166,1,1
2022-05-01:BTCUSDT:1651444561:-1,2022-05-01,BTCUSDT,CASCADE_CONTINUE,1651444563375247,1651444983999999,False,-0.00501161394641,-0.00461592609622,-0.00436552208763,-0.00275157402442,530.614,1,1
2022-05-01:BTCUSDT:1651444561:-1,2022-05-01,BTCUSDT,EXHAUSTION_REJECT,1651444563375247,1651444983999999,False,7.18452697991e-05,-9.5417456649e-05,-0.000347503355477,-0.00325138298908,530.614,1,1
2022-05-01:BTCUSDT:1651447255:1,2022-05-01,BTCUSDT,CASCADE_CONTINUE,1651447257114625,1651447294999999,False,-0.00224788784367,-0.00249001212335,-0.0025640878547,-0.00275157402442,1042.9155,1,1
2022-05-01:BTCUSDT:1651447255:1,2022-05-01,BTCUSDT,EXHAUSTION_REJECT,1651447257114625,1651447294999999,False,-0.00549477381348,-0.00516114321964,-0.00485318854216,-0.00325138298908,1042.9155,1,1
2022-05-01:BTCUSDT:1651447566:1,2022-05-01,BTCUSDT,CASCADE_CONTINUE,1651447568114862,1651447768999999,False,-0.00512768917622,-0.0043881911816,-0.00426671444839,-0.00275157402442,6199.6,1,1
2022-05-01:BTCUSDT:1651447566:1,2022-05-01,BTCUSDT,EXHAUSTION_REJECT,1651447568114862,1651447768999999,False,-0.000738691254858,-0.00141991270784,-0.00139798394021,-0.00325138298908,6199.6,1,1
2022-05-01:BTCUSDT:1651448701:-1,2022-05-01,BTCUSDT,CASCADE_CONTINUE,1651448703174309,1651448775999999,False,-0.00609126794455,-0.00490715953113,-0.00499106268314,-0.00275157402442,229.215,1,1
2022-05-01:BTCUSDT:1651448701:-1,2022-05-01,BTCUSDT,EXHAUSTION_REJECT,1651448703174309,1651448775999999,False,-0.00208280903799,-0.00304602952421,-0.00292918382595,-0.00325138298908,229.215,1,1
2022-07-01:BTCUSDT:1656634759:1,2022-07-01,BTCUSDT,CASCADE_CONTINUE,1656634761116450,1656634979999999,False,-0.00504446564169,-0.00195726489609,-0.00232151149022,-0.0028340844578,398.06,1,1
2022-07-01:BTCUSDT:1656634759:1,2022-07-01,BTCUSDT,EXHAUSTION_REJECT,1656634761116450,1656634979999999,False,0.00047953788291,-0.00411339262367,-0.00306367836557,-0.00326216417193,398.06,1,1
2022-07-01:BTCUSDT:1656635870:-1,2022-07-01,BTCUSDT,CASCADE_CONTINUE,1656635872110443,1656636980999999,False,0.00239028629249,-0.00352093286848,-0.00279246126351,-0.0028340844578,3277.8795,1,1
2022-07-01:BTCUSDT:1656635870:-1,2022-07-01,BTCUSDT,EXHAUSTION_REJECT,1656635872110443,1656636980999999,False,-0.00522368348675,0.00132730161936,0.000804041330893,-0.00326216417193,3277.8795,1,1
2022-07-01:BTCUSDT:1656636980:-1,2022-07-01,BTCUSDT,CASCADE_CONTINUE,1656636982110341,1656637016999999,False,-0.000528932902535,-0.00478979896698,-0.00445488562421,-0.0028340844578,12342.74,1,1
2022-07-01:BTCUSDT:1656636980:-1,2022-07-01,BTCUSDT,EXHAUSTION_REJECT,1656636982110341,1656637016999999,False,-0.00518184172249,-0.000421407205912,-0.00194937011962,-0.00326216417193,12342.74,1,1
2022-07-01:BTCUSDT:1656637543:1,2022-07-01,BTCUSDT,CASCADE_CONTINUE,1656637545119534,1656637817999999,False,-0.00504300188327,-0.00121232759906,-0.00111389732256,-0.0028340844578,27398.4725,1,1
2022-07-01:BTCUSDT:1656637543:1,2022-07-01,BTCUSDT,EXHAUSTION_REJECT,1656637545119534,1656637817999999,False,0.00174457318214,-0.00348414441946,-0.00320884503902,-0.00326216417193,27398.4725,1,1
2022-07-01:BTCUSDT:1656638502:1,2022-07-01,BTCUSDT,CASCADE_CONTINUE,1656638504129784,1656638697999999,False,-0.00496105971996,-0.00316879564389,-0.00305230125645,-0.0028340844578,1309.568,1,1
2022-07-01:BTCUSDT:1656638502:1,2022-07-01,BTCUSDT,EXHAUSTION_REJECT,1656638504129784,1656638698999999,False,0.000417921065516,-0.00276454282369,-0.00401671454658,-0.00326216417193,1309.568,1,1
2022-07-01:ETHUSDT:1656638795:1,2022-07-01,ETHUSDT,CASCADE_CONTINUE,1656638797124161,1656638997999999,False,-0.00127617136452,-0.00320992481597,-0.00316772477145,-0.0028340844578,1394.0155,1,1
2022-07-01:ETHUSDT:1656638795:1,2022-07-01,ETHUSDT,EXHAUSTION_REJECT,1656638797124161,1656638983999999,False,-0.00487871598655,-0.00285243493849,-0.00353602819798,-0.00326216417193,1394.0155,1,1
2022-07-01:BTCUSDT:1656639634:1,2022-07-01,BTCUSDT,CASCADE_CONTINUE,1656639636109833,1656641217999999,False,-0.00499617901674,-0.00194295963421,-0.00192404494944,-0.0028340844578,328.256,1,1
2022-07-01:BTCUSDT:1656639634:1,2022-07-01,BTCUSDT,EXHAUSTION_REJECT,1656639636109833,1656639702999999,False,-0.00529535448764,-0.00456797978156,-0.00288808614913,-0.00326216417193,328.256,1,1
2022-07-01:BTCUSDT:1656639701:1,2022-07-01,BTCUSDT,CASCADE_CONTINUE,1656639703118327,1656641215999999,False,-0.00498233309153,-0.002863046923,-0.00351179426583,-0.0028340844578,2237.443,1,1
2022-07-01:BTCUSDT:1656639701:1,2022-07-01,BTCUSDT,EXHAUSTION_REJECT,1656639703118327,1656641217999999,False,0.00571856855177,-0.00356592604434,-0.00443735654041,-0.00326216417193,2237.443,1,1
2022-07-01:ETHUSDT:1656641498:1,2022-07-01,ETHUSDT,CASCADE_CONTINUE,1656641500117317,1656641654999999,False,-0.000132050637673,-0.0028209979202,-0.00352408692644,-0.0028340844578,11.0665,1,1
2022-07-01:ETHUSDT:1656641498:1,2022-07-01,ETHUSDT,EXHAUSTION_REJECT,1656641500117317,1656641654999999,False,-0.00516869493225,-0.00277183680248,-0.00179734161167,-0.00326216417193,11.0665,1,1
2022-07-01:ETHUSDT:1656641655:1,2022-07-01,ETHUSDT,CASCADE_CONTINUE,1656641657129446,1656641713999999,False,-0.00501544984966,-0.00301950651056,-0.00316982318357,-0.0028340844578,421.572,1,1
2022-07-01:ETHUSDT:1656641655:1,2022-07-01,ETHUSDT,EXHAUSTION_REJECT,1656641657129446,1656641713999999,False,0.00403664643106,-0.00229569977931,-0.00210424143254,-0.00326216417193,421.572,1,1
2022-07-01:BTCUSDT:1656641656:1,2022-07-01,BTCUSDT,CASCADE_CONTINUE,1656641658111896,1656641728999999,False,-0.0050170946941,-0.00305797768029,-0.00317539466434,-0.0028340844578,7004.85,1,1
2022-07-01:BTCUSDT:1656641656:1,2022-07-01,BTCUSDT,EXHAUSTION_REJECT,1656641658111896,1656641728999999,False,0.00084383385146,-0.00262006366607,-0.00366832322457,-0.00326216417193,7004.85,1,1
2022-07-01:BTCUSDT:1656643417:-1,2022-07-01,BTCUSDT,CASCADE_CONTINUE,1656643419130122,1656643438999999,False,-0.00495505633403,-0.00351676636452,-0.00371002068794,-0.0028340844578,9603.7875,1,1
2022-07-01:BTCUSDT:1656643417:-1,2022-07-01,BTCUSDT,EXHAUSTION_REJECT,1656643419130122,1656643440999999,False,-0.00274917822132,-0.00393005090561,-0.00394632387882,-0.00326216417193,9603.7875,1,1
2022-07-01:ETHUSDT:1656643738:-1,2022-07-01,ETHUSDT,CASCADE_CONTINUE,1656643740117399,1656643999999999,False,-0.00500319899584,-0.00304258913589,-0.00396553056026,-0.0028340844578,1087.85,1,1
2022-07-01:ETHUSDT:1656643738:-1,2022-07-01,ETHUSDT,EXHAUSTION_REJECT,1656643740117399,1656643999999999,False,0.000778678911149,-0.00213143471424,-0.00293902272753,-0.00326216417193,1087.85,1,1
2022-07-01:ETHUSDT:1656644814:-1,2022-07-01,ETHUSDT,CASCADE_CONTINUE,1656644816116734,1656644832999999,False,-0.000223457438945,-0.00228384503629,-0.00250749250769,-0.0028340844578,465.6255,1,1
2022-07-01:ETHUSDT:1656644814:-1,2022-07-01,ETHUSDT,EXHAUSTION_REJECT,1656644816116734,1656644832999999,False,-0.00592546616981,-0.00331347949421,-0.00277368643744,-0.00326216417193,465.6255,1,1
2022-07-01:BTCUSDT:1656646091:-1,2022-07-01,BTCUSDT,CASCADE_CONTINUE,1656646093116791,1656646169999999,False,-0.0051438890268,-0.00461366226961,-0.00375758306622,-0.0028340844578,1879.577,1,1
2022-07-01:BTCUSDT:1656646091:-1,2022-07-01,BTCUSDT,EXHAUSTION_REJECT,1656646093116791,1656646169999999,False,-0.000300710322388,-0.00168522825354,-0.00191872181948,-0.00326216417193,1879.577,1,1
2022-07-01:ETHUSDT:1656647586:-1,2022-07-01,ETHUSDT,CASCADE_CONTINUE,1656647588117499,1656647721999999,False,0.00277060769696,-0.00402199412502,-0.00407784811708,-0.0028340844578,10623,1,1
2022-07-01:ETHUSDT:1656647586:-1,2022-07-01,ETHUSDT,EXHAUSTION_REJECT,1656647588117499,1656647707999999,False,-0.00497878572422,0.000507552074384,0.00031038254611,-0.00326216417193,10623,1,1
2022-07-01:BTCUSDT:1656647675:-1,2022-07-01,BTCUSDT,CASCADE_CONTINUE,1656647677118119,1656647880999999,False,0.00217265855255,-0.00147488018982,-0.00125921156008,-0.0028340844578,197.49,1,1
2022-07-01:BTCUSDT:1656647675:-1,2022-07-01,BTCUSDT,EXHAUSTION_REJECT,1656647677118119,1656647880999999,False,-0.00527277568199,-0.000835288309774,0.000512401771449,-0.00326216417193,197.49,1,1
2022-07-01:BTCUSDT:1656647738:-1,2022-07-01,BTCUSDT,CASCADE_CONTINUE,1656647740109521,1656648216999999,False,0.00248009141786,-0.00107004967077,-0.00128322451849,-0.0028340844578,551.572,1,1
2022-07-01:BTCUSDT:1656647738:-1,2022-07-01,BTCUSDT,EXHAUSTION_REJECT,1656647740109521,1656648214999999,False,-0.00528966143851,-0.000692680714862,-0.000304031804609,-0.00326216417193,551.572,1,1
2022-07-01:BTCUSDT:1656647816:-1,2022-07-01,BTCUSDT,CASCADE_CONTINUE,1656647818129392,1656648216999999,False,0.00151666347428,-0.0026580870114,-0.00227923058808,-0.0028340844578,2454.538,2,1
2022-07-01:BTCUSDT:1656647816:-1,2022-07-01,BTCUSDT,EXHAUSTION_REJECT,1656647818129392,1656648216999999,False,-0.00503070347775,0.000927581855659,0.00015618704748,-0.00326216417193,2454.538,2,1
2022-07-01:BTCUSDT:1656647880:-1,2022-07-01,BTCUSDT,CASCADE_CONTINUE,1656647882111425,1656648216999999,False,0.000917257243294,-0.00343314703288,-0.00331216822235,-0.0028340844578,6671.99,1,1
2022-07-01:BTCUSDT:1656647880:-1,2022-07-01,BTCUSDT,EXHAUSTION_REJECT,1656647882111425,1656648214999999,False,-0.00510637066007,0.00112860439567,0.000744151331376,-0.00326216417193,6671.99,1,1
2022-07-01:ETHUSDT:1656648041:-1,2022-07-01,ETHUSDT,CASCADE_CONTINUE,1656648043177359,1656648208999999,False,-0.000218381539866,-0.00288561800748,-0.00353725470591,-0.0028340844578,2484.8265,1,1
2022-07-01:ETHUSDT:1656648041:-1,2022-07-01,ETHUSDT,EXHAUSTION_REJECT,1656648043177359,1656648208999999,False,-0.00495742348635,-0.00323626838076,-0.00278952672034,-0.00326216417193,2484.8265,1,1
2022-07-01:BTCUSDT:1656648048:-1,2022-07-01,BTCUSDT,CASCADE_CONTINUE,1656648050109729,1656648130999999,False,-0.00515571144953,-0.00292038757582,-0.00309155586599,-0.0028340844578,3722.48,1,1
2022-07-01:BTCUSDT:1656648048:-1,2022-07-01,BTCUSDT,EXHAUSTION_REJECT,1656648050109729,1656648130999999,False,0.000343548035057,-0.00143263270507,-0.00232212786925,-0.00326216417193,3722.48,1,1
2022-07-01:ETHUSDT:1656648205:-1,2022-07-01,ETHUSDT,CASCADE_CONTINUE,1656648207201405,1656648246999999,False,0.000427440273228,-0.00409266385619,-0.00317238029628,-0.0028340844578,2082.336,1,1
2022-07-01:ETHUSDT:1656648205:-1,2022-07-01,ETHUSDT,EXHAUSTION_REJECT,1656648207201405,1656648211999999,False,-0.00496385738938,-0.00100469819549,-0.0010373796553,-0.00326216417193,2082.336,1,1
2022-07-01:BTCUSDT:1656648211:-1,2022-07-01,BTCUSDT,CASCADE_CONTINUE,1656648213115039,1656648216999999,False,-0.000136890224206,-0.00438284731613,-0.00336453026617,-0.0028340844578,4895,1,1
2022-07-01:BTCUSDT:1656648211:-1,2022-07-01,BTCUSDT,EXHAUSTION_REJECT,1656648213115039,1656648214999999,False,-0.00499698716397,-0.00091501059689,-0.00126932839231,-0.00326216417193,4895,1,1
2022-07-01:BTCUSDT:1656648353:-1,2022-07-01,BTCUSDT,CASCADE_CONTINUE,1656648355132251,1656648562999999,False,-0.00504596830887,-0.00306733606489,-0.00275583273165,-0.0028340844578,974.65,1,1
2022-07-01:BTCUSDT:1656648353:-1,2022-07-01,BTCUSDT,EXHAUSTION_REJECT,1656648355132251,1656648562999999,False,0.00129488815622,-0.000296461631467,-4.71605805633e-05,-0.00326216417193,974.65,1,1
2022-07-01:BTCUSDT:1656648418:-1,2022-07-01,BTCUSDT,CASCADE_CONTINUE,1656648420110876,1656648560999999,False,-0.00512340042569,-0.00366777098574,-0.00398054364318,-0.0028340844578,196587.114,1,1
2022-07-01:BTCUSDT:1656648418:-1,2022-07-01,BTCUSDT,EXHAUSTION_REJECT,1656648420110876,1656648560999999,False,0.00353907744375,0.00153686930206,0.00165774782395,-0.00326216417193,196587.114,1,1
2022-07-01:BTCUSDT:1656650751:-1,2022-07-01,BTCUSDT,CASCADE_CONTINUE,1656650753169396,1656650836999999,False,-0.00255165991892,-0.00247262286859,-0.00256669151378,-0.0028340844578,97.4675,1,1
2022-07-01:BTCUSDT:1656650751:-1,2022-07-01,BTCUSDT,EXHAUSTION_REJECT,1656650753169396,1656650836999999,False,-0.00538678606507,-0.00597640678747,-0.00495777691338,-0.00326216417193,97.4675,1,1
2022-07-01:BTCUSDT:1656650937:-1,2022-07-01,BTCUSDT,CASCADE_CONTINUE,1656650939120401,1656652861999999,False,0.00175649082294,-0.00251916021232,-0.00291776562939,-0.0028340844578,3788.288,1,1
2022-07-01:BTCUSDT:1656650937:-1,2022-07-01,BTCUSDT,EXHAUSTION_REJECT,1656650939120401,1656652861999999,False,-0.00518725077511,0.000691826626119,0.00085137996811,-0.00326216417193,3788.288,1,1
2022-07-01:ETHUSDT:1656651184:1,2022-07-01,ETHUSDT,CASCADE_CONTINUE,1656651186137033,1656651825999999,False,-0.00123291201591,-0.00343463238322,-0.00321337954935,-0.0028340844578,9857.6115,1,1
2022-07-01:ETHUSDT:1656651184:1,2022-07-01,ETHUSDT,EXHAUSTION_REJECT,1656651186137033,1656651825999999,False,-0.00504767977345,-0.00182660510124,-0.00413621660955,-0.00326216417193,9857.6115,1,1
2022-07-01:BTCUSDT:1656651206:1,2022-07-01,BTCUSDT,CASCADE_CONTINUE,1656651208109284,1656651328999999,False,-0.00530855846847,-0.00361440373994,-0.00300943430716,-0.0028340844578,8806.275,1,1
2022-07-01:BTCUSDT:1656651206:1,2022-07-01,BTCUSDT,EXHAUSTION_REJECT,1656651208109284,1656651328999999,False,0.000297290357772,-0.00184308805004,-0.00221237809785,-0.00326216417193,8806.275,1,1
2022-07-01:BTCUSDT:1656654373:1,2022-07-01,BTCUSDT,CASCADE_CONTINUE,1656654375122200,1656655022999999,False,-0.00521738236237,-0.00245660826304,-0.00146741055719,-0.0028340844578,4232.844,1,1
2022-07-01:BTCUSDT:1656654373:1,2022-07-01,BTCUSDT,EXHAUSTION_REJECT,1656654375122200,1656655022999999,False,0.00147644162976,-0.00363567923452,-0.00377028548301,-0.00326216417193,4232.844,1,1
2022-07-01:BTCUSDT:1656657966:1,2022-07-01,BTCUSDT,CASCADE_CONTINUE,1656657968189794,1656657979999999,False,-0.00292997793054,-0.00350310210698,-0.0033714687198,-0.0028340844578,3207.922,1,1
2022-07-01:BTCUSDT:1656657966:1,2022-07-01,BTCUSDT,EXHAUSTION_REJECT,1656657968189794,1656657979999999,False,-0.00552467531797,-0.00422678960038,-0.0041492548165,-0.00326216417193,3207.922,1,1
2022-07-01:BTCUSDT:1656658966:-1,2022-07-01,BTCUSDT,CASCADE_CONTINUE,1656658968110180,1656659389999999,False,-0.00518291314308,-0.00269842359022,-0.00319535648163,-0.0028340844578,38.513,1,1
2022-07-01:BTCUSDT:1656658966:-1,2022-07-01,BTCUSDT,EXHAUSTION_REJECT,1656658968110180,1656659389999999,False,-0.000471950208499,-0.00534361927021,-0.00600511470337,-0.00326216417193,38.513,1,1
2022-07-01:BTCUSDT:1656659929:1,2022-07-01,BTCUSDT,CASCADE_CONTINUE,1656659931116606,1656660219999999,False,-0.000551973989421,-0.00527248716739,-0.00531675222425,-0.0028340844578,469.356,1,1
2022-07-01:BTCUSDT:1656659929:1,2022-07-01,BTCUSDT,EXHAUSTION_REJECT,1656659931116606,1656660219999999,False,-0.00499725332619,-0.00140890262807,-0.00109748439188,-0.00326216417193,469.356,1,1
2022-07-01:ETHUSDT:1656660217:1,2022-07-01,ETHUSDT,CASCADE_CONTINUE,1656660219127551,1656660238999999,False,-0.00142618038789,-0.00377568215071,-0.00382200541247,-0.0028340844578,4466.539,1,1
2022-07-01:ETHUSDT:1656660217:1,2022-07-01,ETHUSDT,EXHAUSTION_REJECT,1656660219127551,1656660238999999,False,-0.00489904232344,-0.00254463878677,-0.00307064549902,-0.00326216417193,4466.539,1,1
2022-07-01:BTCUSDT:1656660218:1,2022-07-01,BTCUSDT,CASCADE_CONTINUE,1656660220110377,1656660237999999,False,-0.00230052938013,-0.00248790814414,-0.00217128375888,-0.0028340844578,900.519,1,1
2022-07-01:BTCUSDT:1656660218:1,2022-07-01,BTCUSDT,EXHAUSTION_REJECT,1656660220110377,1656660237999999,False,-0.00720872736752,-0.0055200694565,-0.00562222502975,-0.00326216417193,900.519,1,1
2022-07-01:BTCUSDT:1656660939:1,2022-07-01,BTCUSDT,CASCADE_CONTINUE,1656660941118508,1656661080999999,False,-0.00518571415979,-0.00276849802329,-0.00224326140316,-0.0028340844578,868.626,1,1
2022-07-01:BTCUSDT:1656660939:1,2022-07-01,BTCUSDT,EXHAUSTION_REJECT,1656660941118508,1656661080999999,False,0.00074906613851,-0.00166167236661,-0.00153404522056,-0.00326216417193,868.626,1,1
2022-07-01:BTCUSDT:1656661964:1,2022-07-01,BTCUSDT,CASCADE_CONTINUE,1656661966149646,1656662248999999,False,-0.00497006033513,-0.00304520998742,-0.00354703657628,-0.0028340844578,19.726,1,1
2022-07-01:BTCUSDT:1656661964:1,2022-07-01,BTCUSDT,EXHAUSTION_REJECT,1656661966149646,1656662249999999,False,-0.000184471602063,-0.00217523145207,-0.00124462395694,-0.00326216417193,19.726,1,1
2022-07-01:BTCUSDT:1656662839:-1,2022-07-01,BTCUSDT,CASCADE_CONTINUE,1656662841129870,1656663050999999,False,-0.00514594046034,-0.00273235543774,-0.00332805652498,-0.0028340844578,19.4,1,1
2022-07-01:BTCUSDT:1656662839:-1,2022-07-01,BTCUSDT,EXHAUSTION_REJECT,1656662841129870,1656663050999999,False,0.000624784562052,-0.00302685529966,-0.00192005007643,-0.00326216417193,19.4,1,1
2022-07-01:ETHUSDT:1656663101:1,2022-07-01,ETHUSDT,CASCADE_CONTINUE,1656663103236906,1656663237999999,False,0.000226362790735,-0.00345368583057,-0.00217700985451,-0.0028340844578,2147.7,1,1
2022-07-01:ETHUSDT:1656663101:1,2022-07-01,ETHUSDT,EXHAUSTION_REJECT,1656663103236906,1656663237999999,False,-0.00543745137818,-0.00222898159368,-0.00273484525496,-0.00326216417193,2147.7,1,1
2022-07-01:ETHUSDT:1656663161:1,2022-07-01,ETHUSDT,CASCADE_CONTINUE,1656663163156517,1656663238999999,False,-1.27083475007e-05,-0.00286902766958,-0.00309316935975,-0.0028340844578,805.9875,1,1
2022-07-01:ETHUSDT:1656663161:1,2022-07-01,ETHUSDT,EXHAUSTION_REJECT,1656663163156517,1656663238999999,False,-0.00579674954579,-0.00114379839109,-0.00192408073436,-0.00326216417193,805.9875,1,1
2022-07-01:ETHUSDT:1656663688:1,2022-07-01,ETHUSDT,CASCADE_CONTINUE,1656663690117396,1656664005999999,False,-0.00500620531778,-0.00250265478943,-0.00237223363046,-0.0028340844578,1989.393,1,1
2022-07-01:ETHUSDT:1656663688:1,2022-07-01,ETHUSDT,EXHAUSTION_REJECT,1656663690117396,1656664005999999,False,0.000965236369727,-0.00215640382913,-0.00250279912864,-0.00326216417193,1989.393,1,1
2022-07-01:BTCUSDT:1656665101:-1,2022-07-01,BTCUSDT,CASCADE_CONTINUE,1656665103115290,1656665311999999,False,-0.00505004479913,-0.00331987336991,-0.00285684577622,-0.0028340844578,29908.992,1,1
2022-07-01:BTCUSDT:1656665101:-1,2022-07-01,BTCUSDT,EXHAUSTION_REJECT,1656665103115290,1656665311999999,False,-0.000956840634775,-0.0041725882356,-0.00476582620274,-0.00326216417193,29908.992,1,1
2022-07-01:ETHUSDT:1656669339:-1,2022-07-01,ETHUSDT,CASCADE_CONTINUE,1656669341128486,1656670046999999,False,0.000146324277538,-0.00446305200233,-0.00366058876253,-0.0028340844578,1363.7235,1,1
2022-07-01:ETHUSDT:1656669339:-1,2022-07-01,ETHUSDT,EXHAUSTION_REJECT,1656669341128486,1656670046999999,False,-0.00639825371852,-0.00083357875779,-0.00175810038984,-0.00326216417193,1363.7235,1,1
2022-07-01:ETHUSDT:1656670153:1,2022-07-01,ETHUSDT,CASCADE_CONTINUE,1656670155129120,1656670593999999,False,0.00103123763599,-0.00309245867493,-0.00321110732115,-0.0028340844578,608.8455,1,1
2022-07-01:ETHUSDT:1656670153:1,2022-07-01,ETHUSDT,EXHAUSTION_REJECT,1656670155129120,1656670593999999,False,-0.00512354177406,-0.00255799397119,-0.00280449363673,-0.00326216417193,608.8455,1,1
2022-07-01:BTCUSDT:1656670591:1,2022-07-01,BTCUSDT,CASCADE_CONTINUE,1656670593116792,1656670595999999,False,-0.00256924094875,-0.00251029722368,-0.0026585929202,-0.0028340844578,14540.8815,1,1
2022-07-01:BTCUSDT:1656670591:1,2022-07-01,BTCUSDT,EXHAUSTION_REJECT,1656670593116792,1656670595999999,False,-0.0054262128796,-0.00578161631372,-0.0048303861783,-0.00326216417193,14540.8815,1,1
2022-07-01:ETHUSDT:1656671768:-1,2022-07-01,ETHUSDT,CASCADE_CONTINUE,1656671770156733,1656671905999999,False,-0.000906857994323,-0.00471684988974,-0.00500062734777,-0.0028340844578,4511.12,1,1
2022-07-01:ETHUSDT:1656671768:-1,2022-07-01,ETHUSDT,EXHAUSTION_REJECT,1656671770156733,1656671905999999,False,-0.00498186990953,-0.000915015971869,-0.00236390823084,-0.00326216417193,4511.12,1,1
2022-07-01:BTCUSDT:1656671985:-1,2022-07-01,BTCUSDT,CASCADE_CONTINUE,1656671987119780,1656672940999999,False,0.0027254215828,-0.00522723427465,-0.00567057765984,-0.0028340844578,343.205,2,1
2022-07-01:BTCUSDT:1656671985:-1,2022-07-01,BTCUSDT,EXHAUSTION_REJECT,1656671987119780,1656672940999999,False,-0.00554858318802,0.0011735552327,0.00129074723795,-0.00326216417193,343.205,2,1
2022-07-01:BTCUSDT:1656672048:-1,2022-07-01,BTCUSDT,CASCADE_CONTINUE,1656672050129109,1656672942999999,False,0.0019761226743,-0.00156816300989,-0.00254643957422,-0.0028340844578,95.2025,1,1
2022-07-01:BTCUSDT:1656672048:-1,2022-07-01,BTCUSDT,EXHAUSTION_REJECT,1656672050129109,1656672942999999,False,-0.00533753707279,-0.000691923819608,-1.63705958143e-05,-0.00326216417193,95.2025,1,1
2022-07-01:BTCUSDT:1656672175:-1,2022-07-01,BTCUSDT,CASCADE_CONTINUE,1656672177117176,1656672942999999,False,0.00208153384637,-0.00177031734684,-0.00142151570251,-0.0028340844578,57.027,1,1
2022-07-01:BTCUSDT:1656672175:-1,2022-07-01,BTCUSDT,EXHAUSTION_REJECT,1656672177117176,1656672942999999,False,-0.00521366579325,-0.000709036293953,9.77377336082e-05,-0.00326216417193,57.027,1,1
2022-07-01:ETHUSDT:1656672788:-1,2022-07-01,ETHUSDT,CASCADE_CONTINUE,1656672790137036,1656672796999999,False,-0.000768211631545,-0.0030342327065,-0.00321436578068,-0.0028340844578,3106.05,1,1
2022-07-01:ETHUSDT:1656672788:-1,2022-07-01,ETHUSDT,EXHAUSTION_REJECT,1656672790137036,1656672796999999,False,-0.00512607746503,-0.00248915454218,-0.0030460571097,-0.00326216417193,3106.05,1,1
2022-07-01:BTCUSDT:1656673017:1,2022-07-01,BTCUSDT,CASCADE_CONTINUE,1656673019119463,1656673126999999,False,-0.00540397631926,-0.00360308011558,-0.00373444658428,-0.0028340844578,249.6975,1,1
2022-07-01:BTCUSDT:1656673017:1,2022-07-01,BTCUSDT,EXHAUSTION_REJECT,1656673019119463,1656673126999999,False,0.000473451225759,-0.00153960606347,-0.00121902874943,-0.00326216417193,249.6975,1,1
2022-07-01:BTCUSDT:1656673847:1,2022-07-01,BTCUSDT,CASCADE_CONTINUE,1656673849204423,1656673913999999,False,-0.00529592904447,-0.0030082721808,-0.00199052948337,-0.0028340844578,9714.096,1,1
2022-07-01:BTCUSDT:1656673847:1,2022-07-01,BTCUSDT,EXHAUSTION_REJECT,1656673849204423,1656673913999999,False,0.000377318529538,-0.00274259811926,-0.00333608076342,-0.00326216417193,9714.096,1,1
2022-07-01:ETHUSDT:1656674923:1,2022-07-01,ETHUSDT,CASCADE_CONTINUE,1656674925130178,1656675195999999,False,-0.00494072621397,-0.00345525005461,-0.00367966580853,-0.0028340844578,673.664,1,1
2022-07-01:ETHUSDT:1656674923:1,2022-07-01,ETHUSDT,EXHAUSTION_REJECT,1656674925130178,1656675199999999,False,0.000456117597782,-0.00293486373302,-0.00400701298114,-0.00326216417193,673.664,1,1
2022-07-01:BTCUSDT:1656677682:1,2022-07-01,BTCUSDT,CASCADE_CONTINUE,1656677684169336,1656677800999999,False,-0.0026678977626,-0.00314473516949,-0.00304628996441,-0.0028340844578,1139.6735,1,1
2022-07-01:BTCUSDT:1656677682:1,2022-07-01,BTCUSDT,EXHAUSTION_REJECT,1656677684169336,1656677800999999,False,-0.00624923054072,-0.00471962776027,-0.00477024069493,-0.00326216417193,1139.6735,1,1
2022-07-01:BTCUSDT:1656678803:1,2022-07-01,BTCUSDT,CASCADE_CONTINUE,1656678805116236,1656678818999999,False,-0.00115555538048,-0.00216997709518,-0.00147779449007,-0.0028340844578,1182.607,1,1
2022-07-01:BTCUSDT:1656678803:1,2022-07-01,BTCUSDT,EXHAUSTION_REJECT,1656678805116236,1656678818999999,False,-0.00505940598979,-0.00434138715126,-0.00520309614122,-0.00326216417193,1182.607,1,1
2022-07-01:ETHUSDT:1656682567:-1,2022-07-01,ETHUSDT,CASCADE_CONTINUE,1656682569124429,1656682642999999,False,-0.00504639363417,-0.00289610499158,-0.00295834954262,-0.0028340844578,874.818,1,1
2022-07-01:ETHUSDT:1656682567:-1,2022-07-01,ETHUSDT,EXHAUSTION_REJECT,1656682569124429,1656682642999999,False,0.00185579635875,0.000439755140804,0.00096885299447,-0.00326216417193,874.818,1,1
2022-07-01:BTCUSDT:1656682583:-1,2022-07-01,BTCUSDT,CASCADE_CONTINUE,1656682585116574,1656682684999999,False,-0.00524156679042,-0.00280681172237,-0.00306422091226,-0.0028340844578,38.256,1,1
2022-07-01:BTCUSDT:1656682583:-1,2022-07-01,BTCUSDT,EXHAUSTION_REJECT,1656682585116574,1656682684999999,False,0.00204446430452,-0.00084331536888,0.000336302947407,-0.00326216417193,38.256,1,1
2022-07-01:ETHUSDT:1656682945:1,2022-07-01,ETHUSDT,CASCADE_CONTINUE,1656682947126650,1656683041999999,False,0.000995422808072,-0.0026114199016,-0.0029148787281,-0.0028340844578,21.24,1,1
2022-07-01:ETHUSDT:1656682945:1,2022-07-01,ETHUSDT,EXHAUSTION_REJECT,1656682947126650,1656683041999999,False,-0.00681114064867,-0.000125937864102,-0.000342932270225,-0.00326216417193,21.24,1,1
2022-07-01:BTCUSDT:1656683040:1,2022-07-01,BTCUSDT,CASCADE_CONTINUE,1656683042109821,1656683134999999,False,-0.000197189156224,-0.00337097430037,-0.00312389900431,-0.0028340844578,9626.0715,1,1
2022-07-01:BTCUSDT:1656683040:1,2022-07-01,BTCUSDT,EXHAUSTION_REJECT,1656683042109821,1656683134999999,False,-0.00673612882006,5.31496134118e-05,0.000492345889686,-0.00326216417193,9626.0715,1,1
2022-07-01:ETHUSDT:1656683133:1,2022-07-01,ETHUSDT,CASCADE_CONTINUE,1656683135134440,1656683165999999,False,0.000993830634652,-0.00277602264767,-0.00216102481264,-0.0028340844578,5124.342,1,1
2022-07-01:ETHUSDT:1656683133:1,2022-07-01,ETHUSDT,EXHAUSTION_REJECT,1656683135134440,1656683165999999,False,-0.00554366289339,0.000923348203477,0.000133917096372,-0.00326216417193,5124.342,1,1
2022-07-01:BTCUSDT:1656683134:1,2022-07-01,BTCUSDT,CASCADE_CONTINUE,1656683136110547,1656683164999999,False,1.84254994806e-05,-0.00301356458176,-0.00342039228525,-0.0028340844578,19.587,1,1
2022-07-01:BTCUSDT:1656683134:1,2022-07-01,BTCUSDT,EXHAUSTION_REJECT,1656683136110547,1656683164999999,False,-0.00685560136591,-0.000113242110309,0.000884349922644,-0.00326216417193,19.587,1,1
2022-07-01:BTCUSDT:1656683919:-1,2022-07-01,BTCUSDT,CASCADE_CONTINUE,1656683921117575,1656684000999999,False,-0.000973678978153,-0.00389195598449,-0.00468176229786,-0.0028340844578,19.3785,1,1
2022-07-01:BTCUSDT:1656683919:-1,2022-07-01,BTCUSDT,EXHAUSTION_REJECT,1656683921117575,1656684000999999,False,-0.00502301845421,-0.00227278229517,-0.00125295946521,-0.00326216417193,19.3785,1,1
2022-07-01:ETHUSDT:1656684589:1,2022-07-01,ETHUSDT,CASCADE_CONTINUE,1656684591125331,1656684675999999,False,0.000629264918748,-0.00306085418593,-0.00403914506931,-0.0028340844578,5330.75,1,1
2022-07-01:ETHUSDT:1656684589:1,2022-07-01,ETHUSDT,EXHAUSTION_REJECT,1656684591125331,1656684675999999,False,-0.00498670222329,-0.00236004986565,-0.00219158325851,-0.00326216417193,5330.75,1,1
2022-07-01:ETHUSDT:1656684671:1,2022-07-01,ETHUSDT,CASCADE_CONTINUE,1656684673135623,1656684703999999,False,-0.00497774287008,-0.00214672448667,-0.00291785230129,-0.0028340844578,438.2285,1,1
2022-07-01:ETHUSDT:1656684671:1,2022-07-01,ETHUSDT,EXHAUSTION_REJECT,1656684673135623,1656684704999999,False,0.000863248912903,-0.00306451132333,-0.00351060326451,-0.00326216417193,438.2285,1,1
2022-07-01:ETHUSDT:1656684735:-1,2022-07-01,ETHUSDT,CASCADE_CONTINUE,1656684737129395,1656684868999999,False,0.000925063490791,-0.00304884756666,-0.00171294722672,-0.0028340844578,2102.8,1,1
2022-07-01:ETHUSDT:1656684735:-1,2022-07-01,ETHUSDT,EXHAUSTION_REJECT,1656684737129395,1656684865999999,False,-0.00510433567999,-0.00139871780893,-0.00264240526147,-0.00326216417193,2102.8,1,1
2022-07-01:BTCUSDT:1656684866:-1,2022-07-01,BTCUSDT,CASCADE_CONTINUE,1656684868110596,1656685454999999,False,-0.00510364522831,-0.00240900164756,-0.00240000786979,-0.0028340844578,14292.404,1,1
2022-07-01:BTCUSDT:1656684866:-1,2022-07-01,BTCUSDT,EXHAUSTION_REJECT,1656684868110596,1656685454999999,False,0.00131958374327,-0.00212848807785,-0.00195146408206,-0.00326216417193,14292.404,1,1
2022-07-01:ETHUSDT:1656685637:-1,2022-07-01,ETHUSDT,CASCADE_CONTINUE,1656685639123974,1656686830999999,False,-0.00496231208048,-0.00473596290745,-0.00530201333742,-0.0028340844578,563.922,1,1
2022-07-01:ETHUSDT:1656685637:-1,2022-07-01,ETHUSDT,EXHAUSTION_REJECT,1656685639123974,1656686831999999,False,0.0011274604238,0.00107272641366,0.000854877206683,-0.00326216417193,563.922,1,1
2022-07-01:ETHUSDT:1656686617:1,2022-07-01,ETHUSDT,CASCADE_CONTINUE,1656686619137739,1656686873999999,False,5.57123615942e-05,-0.00184052374659,-0.00118937738111,-0.0028340844578,2116.4,1,1
2022-07-01:ETHUSDT:1656686617:1,2022-07-01,ETHUSDT,EXHAUSTION_REJECT,1656686619137739,1656686873999999,False,-0.00508084904331,-0.00252261907992,-0.00260472672364,-0.00326216417193,2116.4,1,1
2022-07-01:BTCUSDT:1656686618:1,2022-07-01,BTCUSDT,CASCADE_CONTINUE,1656686620110242,1656687773999999,False,-0.0052532424693,-0.00278410258187,-0.00296418770333,-0.0028340844578,565.355,1,1
2022-07-01:BTCUSDT:1656686618:1,2022-07-01,BTCUSDT,EXHAUSTION_REJECT,1656686620110242,1656687773999999,False,0.000520930950679,-0.00225038901731,-0.00205965396664,-0.00326216417193,565.355,1,1
2022-07-01:BTCUSDT:1656686833:1,2022-07-01,BTCUSDT,CASCADE_CONTINUE,1656686835118781,1656686872999999,False,-0.00203269190034,-0.00422846457315,-0.00356292375043,-0.0028340844578,819.378,1,1
2022-07-01:BTCUSDT:1656686833:1,2022-07-01,BTCUSDT,EXHAUSTION_REJECT,1656686835118781,1656686872999999,False,-0.00520032666588,-0.00336606237753,-0.00398391145004,-0.00326216417193,819.378,1,1
2022-07-01:ETHUSDT:1656686875:1,2022-07-01,ETHUSDT,CASCADE_CONTINUE,1656686877128643,1656687145999999,False,-0.0052587108821,-0.00420273926555,-0.0042624099241,-0.0028340844578,2367.0335,1,1
2022-07-01:ETHUSDT:1656686875:1,2022-07-01,ETHUSDT,EXHAUSTION_REJECT,1656686877128643,1656687145999999,False,0.000310170351692,-0.000109508202667,-0.000773102266719,-0.00326216417193,2367.0335,1,1
2022-07-01:BTCUSDT:1656687876:-1,2022-07-01,BTCUSDT,CASCADE_CONTINUE,1656687878109940,1656687965999999,False,-0.00549011607351,-0.00292902558615,-0.00263270524022,-0.0028340844578,1192.291,1,1
2022-07-01:BTCUSDT:1656687876:-1,2022-07-01,BTCUSDT,EXHAUSTION_REJECT,1656687878109940,1656687965999999,False,5.23093127828e-05,-0.00343193353371,-0.00272063193749,-0.00326216417193,1192.291,1,1
2022-07-01:BTCUSDT:1656688695:1,2022-07-01,BTCUSDT,CASCADE_CONTINUE,1656688697118078,1656688746999999,False,-0.00536321484832,-0.00310699144121,-0.00198391526903,-0.0028340844578,880.965,1,1
2022-07-01:BTCUSDT:1656688695:1,2022-07-01,BTCUSDT,EXHAUSTION_REJECT,1656688697118078,1656688746999999,False,-0.000484482668547,-0.00250005797165,-0.00304087373087,-0.00326216417193,880.965,1,1
2022-07-01:ETHUSDT:1656691444:1,2022-07-01,ETHUSDT,CASCADE_CONTINUE,1656691446177654,1656691568999999,False,-0.000898963793333,-0.00414598911005,-0.00354839882708,-0.0028340844578,3338.448,1,1
2022-07-01:ETHUSDT:1656691444:1,2022-07-01,ETHUSDT,EXHAUSTION_REJECT,1656691446177654,1656691568999999,False,-0.00549090219344,-0.00250186620614,-0.00310328439365,-0.00326216417193,3338.448,1,1
2022-07-01:BTCUSDT:1656692454:1,2022-07-01,BTCUSDT,CASCADE_CONTINUE,1656692456110053,1656692740999999,False,-0.00556970506832,-0.00404343891588,-0.00339778944661,-0.0028340844578,44520.679,1,1
2022-07-01:BTCUSDT:1656692454:1,2022-07-01,BTCUSDT,EXHAUSTION_REJECT,1656692456110053,1656692740999999,False,0.000751839016409,-0.00313828301508,-0.00492130580731,-0.00326216417193,44520.679,1,1
2022-07-01:ETHUSDT:1656692454:1,2022-07-01,ETHUSDT,CASCADE_CONTINUE,1656692456117170,1656692594999999,False,-0.000676574229364,-0.00316630121492,-0.00368105817702,-0.0028340844578,729.402,1,1
2022-07-01:ETHUSDT:1656692454:1,2022-07-01,ETHUSDT,EXHAUSTION_REJECT,1656692456117170,1656692594999999,False,-0.00510700554652,-0.00191304954556,-0.00295079584087,-0.00326216417193,729.402,1,1
2022-07-01:ETHUSDT:1656696093:1,2022-07-01,ETHUSDT,CASCADE_CONTINUE,1656696095137613,1656696812999999,False,-0.00512807306323,-0.00309500677703,-0.00362242974343,-0.0028340844578,2530.1275,1,1
2022-07-01:ETHUSDT:1656696093:1,2022-07-01,ETHUSDT,EXHAUSTION_REJECT,1656696095137613,1656696812999999,False,0.00121628837188,-0.00197967170867,-0.00131767539355,-0.00326216417193,2530.1275,1,1
2022-07-01:ETHUSDT:1656698890:-1,2022-07-01,ETHUSDT,CASCADE_CONTINUE,1656698892116797,1656698927999999,False,-0.00107302408109,-0.00347164628622,-0.00294394088518,-0.0028340844578,436.7115,1,1
2022-07-01:ETHUSDT:1656698890:-1,2022-07-01,ETHUSDT,EXHAUSTION_REJECT,1656698892116797,1656698927999999,False,-0.00521993389405,-0.00385252208957,-0.00429180158279,-0.00326216417193,436.7115,1,1
2022-07-01:ETHUSDT:1656699730:1,2022-07-01,ETHUSDT,CASCADE_CONTINUE,1656699732116581,1656700270999999,False,-0.00184687610016,-0.00450009187021,-0.00346659867783,-0.0028340844578,22824.626,1,1
2022-07-01:ETHUSDT:1656699730:1,2022-07-01,ETHUSDT,EXHAUSTION_REJECT,1656699732116581,1656700270999999,False,-0.00660384489226,-0.00263764485785,-0.0038888639028,-0.00326216417193,22824.626,1,1
2022-07-01:ETHUSDT:1656699857:1,2022-07-01,ETHUSDT,CASCADE_CONTINUE,1656699859127457,1656700176999999,False,-0.00539432221373,-0.00175794151375,-0.00133536387161,-0.0028340844578,529.6655,1,1
2022-07-01:ETHUSDT:1656699857:1,2022-07-01,ETHUSDT,EXHAUSTION_REJECT,1656699859127457,1656700176999999,False,4.56975446948e-05,-0.00418082945891,-0.00388216109738,-0.00326216417193,529.6655,1,1
2022-07-01:BTCUSDT:1656703552:-1,2022-07-01,BTCUSDT,CASCADE_CONTINUE,1656703554149179,1656703756999999,False,-0.00529735849362,-0.00243634532721,-0.00329313504953,-0.0028340844578,57.579,1,1
2022-07-01:BTCUSDT:1656703552:-1,2022-07-01,BTCUSDT,EXHAUSTION_REJECT,1656703554149179,1656703756999999,False,-0.00102713309004,-0.00463883725843,-0.00391921680438,-0.00326216417193,57.579,1,1
2022-07-01:ETHUSDT:1656703615:-1,2022-07-01,ETHUSDT,CASCADE_CONTINUE,1656703617216153,1656703660999999,False,-0.00499017915718,-0.00426108785987,-0.00408113797409,-0.0028340844578,316.26,1,1
2022-07-01:ETHUSDT:1656703615:-1,2022-07-01,ETHUSDT,EXHAUSTION_REJECT,1656703617216153,1656703700999999,False,-0.000305570371658,-0.00288788546562,-0.00244639004387,-0.00326216417193,316.26,1,1
2022-07-01:ETHUSDT:1656706195:1,2022-07-01,ETHUSDT,CASCADE_CONTINUE,1656706197133470,1656706739999999,False,0.00100224390296,-0.00224405653979,-0.00210922337849,-0.0028340844578,7238.2455,1,1
2022-07-01:ETHUSDT:1656706195:1,2022-07-01,ETHUSDT,EXHAUSTION_REJECT,1656706197133470,1656706739999999,False,-0.00544800998945,-0.000356272033419,0.00012008851629,-0.00326216417193,7238.2455,1,1
2022-07-01:BTCUSDT:1656706196:1,2022-07-01,BTCUSDT,CASCADE_CONTINUE,1656706198108551,1656706738999999,False,-0.000279674633982,-0.00293214539902,-0.00348340347311,-0.0028340844578,1526.265,1,1
2022-07-01:BTCUSDT:1656706196:1,2022-07-01,BTCUSDT,EXHAUSTION_REJECT,1656706198108551,1656706738999999,False,-0.00521086354636,-0.00147948049681,-0.00135650711205,-0.00326216417193,1526.265,1,1
2022-07-01:BTCUSDT:1656706758:1,2022-07-01,BTCUSDT,CASCADE_CONTINUE,1656706760108910,1656706761999999,False,-0.000766686745023,-0.000129428539746,-0.00141557939368,-0.0028340844578,78.532,1,1
2022-07-01:BTCUSDT:1656706758:1,2022-07-01,BTCUSDT,EXHAUSTION_REJECT,1656706760108910,1656706761999999,False,-0.00562881494613,-0.00582717231865,-0.00475173531938,-0.00326216417193,78.532,1,1
2022-07-01:ETHUSDT:1656706872:1,2022-07-01,ETHUSDT,CASCADE_CONTINUE,1656706874117908,1656707806999999,False,-0.00513524980392,-0.00188007225703,-0.00106351247066,-0.0028340844578,4767.006,1,1
2022-07-01:ETHUSDT:1656706872:1,2022-07-01,ETHUSDT,EXHAUSTION_REJECT,1656706874117908,1656707806999999,False,0.0039687794191,-0.00062503558535,-0.000257342694014,-0.00326216417193,4767.006,1,1
2022-07-01:BTCUSDT:1656706873:1,2022-07-01,BTCUSDT,CASCADE_CONTINUE,1656706875292338,1656707671999999,False,-0.00500390901577,-0.00137102377501,-0.00199506771129,-0.0028340844578,39.417,1,1
2022-07-01:BTCUSDT:1656706873:1,2022-07-01,BTCUSDT,EXHAUSTION_REJECT,1656706875292338,1656707730999999,False,0.00589042025024,-0.00117043418485,-0.000226397928272,-0.00326216417193,39.417,1,1
2022-07-01:ETHUSDT:1656707669:-1,2022-07-01,ETHUSDT,CASCADE_CONTINUE,1656707671126515,1656707833999999,False,0.00019137859014,-0.00262311648891,-0.00165790331879,-0.0028340844578,786.283,1,1
2022-07-01:ETHUSDT:1656707669:-1,2022-07-01,ETHUSDT,EXHAUSTION_REJECT,1656707671126515,1656707833999999,False,-0.00505899759254,-0.00304342550656,-0.00281533180717,-0.00326216417193,786.283,1,1
2022-07-01:ETHUSDT:1656707743:-1,2022-07-01,ETHUSDT,CASCADE_CONTINUE,1656707745176335,1656707876999999,False,0.000256098879358,-0.00214279052396,-0.00263032714326,-0.0028340844578,10.765,1,1
2022-07-01:ETHUSDT:1656707743:-1,2022-07-01,ETHUSDT,EXHAUSTION_REJECT,1656707745176335,1656707836999999,False,-0.00503624606216,-0.00220298723472,-0.00128222183723,-0.00326216417193,10.765,1,1
2022-07-01:ETHUSDT:1656707803:-1,2022-07-01,ETHUSDT,CASCADE_CONTINUE,1656707805125281,1656707989999999,False,8.56928570168e-05,-0.00224831251134,-0.00221997350444,-0.0028340844578,3474.6725,1,1
2022-07-01:ETHUSDT:1656707803:-1,2022-07-01,ETHUSDT,EXHAUSTION_REJECT,1656707805125281,1656707989999999,False,-0.00522444479999,-0.00180523392475,-0.00121678918274,-0.00326216417193,3474.6725,1,1
2022-07-01:BTCUSDT:1656707967:-1,2022-07-01,BTCUSDT,CASCADE_CONTINUE,1656707969149259,1656708480999999,False,-0.00525125435319,-0.00464310551998,-0.00421483918227,-0.0028340844578,22473.5895,1,1
2022-07-01:BTCUSDT:1656707967:-1,2022-07-01,BTCUSDT,EXHAUSTION_REJECT,1656707969149259,1656708480999999,False,-0.00134473561342,-0.00221269816143,-0.00304316430224,-0.00326216417193,22473.5895,1,1
2022-07-01:BTCUSDT:1656708607:1,2022-07-01,BTCUSDT,CASCADE_CONTINUE,1656708609128921,1656708834999999,False,-0.00529484711496,-0.00194513447185,-0.00181943704039,-0.0028340844578,451.651,1,1
2022-07-01:BTCUSDT:1656708607:1,2022-07-01,BTCUSDT,EXHAUSTION_REJECT,1656708609128921,1656708834999999,False,-0.000730909982525,-0.00552682026396,-0.00553395008478,-0.00326216417193,451.651,1,1
2022-07-01:ETHUSDT:1656713530:-1,2022-07-01,ETHUSDT,CASCADE_CONTINUE,1656713532236281,1656713995999999,False,-0.00539635083559,-0.00268316342552,-0.00348821637166,-0.0028340844578,105.68,1,1
2022-07-01:ETHUSDT:1656713530:-1,2022-07-01,ETHUSDT,EXHAUSTION_REJECT,1656713532236281,1656713996999999,False,0.000372815277687,-0.00361909231469,-0.00189047225982,-0.00326216417193,105.68,1,1
2022-07-01:ETHUSDT:1656714160:-1,2022-07-01,ETHUSDT,CASCADE_CONTINUE,1656714162156147,1656714208999999,False,-0.00530547860658,-0.00387121639819,-0.00333439230905,-0.0028340844578,1140.156,1,1
2022-07-01:ETHUSDT:1656714160:-1,2022-07-01,ETHUSDT,EXHAUSTION_REJECT,1656714162156147,1656714208999999,False,-0.000486796279876,-0.00267728808548,-0.00343836096464,-0.00326216417193,1140.156,1,1
2022-07-01:ETHUSDT:1656715111:1,2022-07-01,ETHUSDT,CASCADE_CONTINUE,1656715113156242,1656715213999999,False,-0.000882692044482,-0.00360477199244,-0.00305356084071,-0.0028340844578,257.592,1,1
2022-07-01:ETHUSDT:1656715111:1,2022-07-01,ETHUSDT,EXHAUSTION_REJECT,1656715113156242,1656715213999999,False,-0.00504726347494,-0.00263247849375,-0.00244118156056,-0.00326216417193,257.592,1,1
2022-07-01:ETHUSDT:1656719586:-1,2022-07-01,ETHUSDT,CASCADE_CONTINUE,1656719588116882,1656719674999999,False,0.000311835370228,-0.00244021106506,-0.00281596356097,-0.0028340844578,975.66,1,1
2022-07-01:ETHUSDT:1656719586:-1,2022-07-01,ETHUSDT,EXHAUSTION_REJECT,1656719588116882,1656719674999999,False,-0.0059214682034,-0.00201206385317,-0.00249231866198,-0.00326216417193,975.66,1,1
2022-07-01:ETHUSDT:1656719708:-1,2022-07-01,ETHUSDT,CASCADE_CONTINUE,1656719710116653,1656719999936870,True,-0.00499533756233,-0.00348669689275,-0.00387356384064,-0.0028340844578,431.648,1,1
2022-07-01:ETHUSDT:1656719708:-1,2022-07-01,ETHUSDT,EXHAUSTION_REJECT,1656719710116653,1656719999936870,True,-0.0049944693933,0.000939029698374,0.00127121248547,-0.00326216417193,431.648,1,1
2022-07-01:ETHUSDT:1656719802:-1,2022-07-01,ETHUSDT,CASCADE_CONTINUE,1656719804136465,1656719999936870,True,-0.00499461702368,-0.00322091769299,-0.00261825059881,-0.0028340844578,1123.6605,1,1
2022-07-01:ETHUSDT:1656719802:-1,2022-07-01,ETHUSDT,EXHAUSTION_REJECT,1656719804136465,1656719999936870,True,-0.00499455507603,0.00156505210413,0.000689772096665,-0.00326216417193,1123.6605,1,1
2022-09-01:BTCUSDT:1661992813:-1,2022-09-01,BTCUSDT,CASCADE_CONTINUE,1661992815133461,1661992884999999,False,-0.000135434712467,-0.00327590976141,-0.00398171748945,-0.00266123354907,437.679,1,1
2022-09-01:BTCUSDT:1661992813:-1,2022-09-01,BTCUSDT,EXHAUSTION_REJECT,1661992815133461,1661992884999999,False,-0.00509144849379,-0.0017129330558,-0.00160428744014,-0.003033106498,437.679,1,1
2022-09-01:BTCUSDT:1661996557:1,2022-09-01,BTCUSDT,CASCADE_CONTINUE,1661996559113632,1661996582999999,False,-0.00293025095719,-0.00280395224868,-0.00294133911627,-0.00266123354907,2997,1,1
2022-09-01:BTCUSDT:1661996557:1,2022-09-01,BTCUSDT,EXHAUSTION_REJECT,1661996559113632,1661996582999999,False,-0.00555061560669,-0.00501259247186,-0.00521076890375,-0.003033106498,2997,1,1
2022-09-01:ETHUSDT:1662005507:-1,2022-09-01,ETHUSDT,CASCADE_CONTINUE,1662005509106549,1662006393999999,False,-0.00496431732619,-0.00328351872964,-0.00300150043416,-0.00266123354907,584.421,1,1
2022-09-01:ETHUSDT:1662005507:-1,2022-09-01,ETHUSDT,EXHAUSTION_REJECT,1662005509106549,1662006393999999,False,0.000502566656563,-0.00232291339853,-0.00237185413052,-0.003033106498,584.421,1,1
2022-09-01:ETHUSDT:1662005750:-1,2022-09-01,ETHUSDT,CASCADE_CONTINUE,1662005752105358,1662005894999999,False,-0.00496116647265,-0.00519368982345,-0.00561194792321,-0.00266123354907,153.47,1,1
2022-09-01:ETHUSDT:1662005750:-1,2022-09-01,ETHUSDT,EXHAUSTION_REJECT,1662005752105358,1662005894999999,False,-8.02445429276e-05,-0.0012853897073,-0.00051246072362,-0.003033106498,153.47,1,1
2022-09-01:ETHUSDT:1662011459:-1,2022-09-01,ETHUSDT,CASCADE_CONTINUE,1662011461106387,1662011590999999,False,-0.00495720544694,-0.00330074420725,-0.00294376740991,-0.00266123354907,5849.486,1,1
2022-09-01:ETHUSDT:1662011459:-1,2022-09-01,ETHUSDT,EXHAUSTION_REJECT,1662011461106387,1662011613999999,False,2.52530385351e-06,-0.00196944343325,-0.00144678777166,-0.003033106498,5849.486,1,1
2022-09-01:BTCUSDT:1662017548:-1,2022-09-01,BTCUSDT,CASCADE_CONTINUE,1662017550114746,1662017840999999,False,-0.00509232788278,-0.00343104475119,-0.00420353931316,-0.00266123354907,78.864,1,1
2022-09-01:BTCUSDT:1662017548:-1,2022-09-01,BTCUSDT,EXHAUSTION_REJECT,1662017550114746,1662017840999999,False,0.000904584116914,-0.00218671211228,-0.00133935290997,-0.003033106498,78.864,1,1
2022-09-01:ETHUSDT:1662020093:1,2022-09-01,ETHUSDT,CASCADE_CONTINUE,1662020095185977,1662020970999999,False,-0.00514331596809,-0.0022416725344,-0.00185919778646,-0.00266123354907,5304.8815,2,1
2022-09-01:ETHUSDT:1662020093:1,2022-09-01,ETHUSDT,EXHAUSTION_REJECT,1662020095185977,1662020970999999,False,0.000433818122209,-0.00310281358016,-0.00334016894318,-0.003033106498,5304.8815,2,1
2022-09-01:ETHUSDT:1662021173:-1,2022-09-01,ETHUSDT,CASCADE_CONTINUE,1662021175126046,1662021455999999,False,-0.00497596537515,-0.00440769365016,-0.00440259022909,-0.00266123354907,7841.718,1,1
2022-09-01:ETHUSDT:1662021173:-1,2022-09-01,ETHUSDT,EXHAUSTION_REJECT,1662021175126046,1662021456999999,False,0.000690085086072,-0.00151899087424,-0.00178606596165,-0.003033106498,7841.718,1,1
2022-09-01:BTCUSDT:1662022985:1,2022-09-01,BTCUSDT,CASCADE_CONTINUE,1662022987115323,1662023010999999,False,-0.00273626932428,-0.00331939953382,-0.00377313775735,-0.00266123354907,60.1455,1,1
2022-09-01:BTCUSDT:1662022985:1,2022-09-01,BTCUSDT,EXHAUSTION_REJECT,1662022987115323,1662023010999999,False,-0.00491898455646,-0.00374385798324,-0.00323603219692,-0.003033106498,60.1455,1,1
2022-09-01:BTCUSDT:1662023996:-1,2022-09-01,BTCUSDT,CASCADE_CONTINUE,1662023998114629,1662024011999999,False,-0.00536053610248,-0.00434781075587,-0.00458322657911,-0.00266123354907,986.575,1,1
2022-09-01:BTCUSDT:1662023996:-1,2022-09-01,BTCUSDT,EXHAUSTION_REJECT,1662023998114629,1662024011999999,False,-0.00207868003403,-0.00354295905885,-0.0032142869171,-0.003033106498,986.575,1,1
2022-09-01:BTCUSDT:1662025927:1,2022-09-01,BTCUSDT,CASCADE_CONTINUE,1662025929135165,1662026010999999,False,-0.00240582903856,-0.0030950949572,-0.00271778453118,-0.00266123354907,160.284,1,1
2022-09-01:BTCUSDT:1662025927:1,2022-09-01,BTCUSDT,EXHAUSTION_REJECT,1662025929135165,1662026010999999,False,-0.00492279236045,-0.00505120647588,-0.00471505155034,-0.003033106498,160.284,1,1
2022-09-01:ETHUSDT:1662028538:1,2022-09-01,ETHUSDT,CASCADE_CONTINUE,1662028540105768,1662029045999999,False,-0.000481434698048,-0.00343026262499,-0.00385692722715,-0.00266123354907,31.31,1,1
2022-09-01:ETHUSDT:1662028538:1,2022-09-01,ETHUSDT,EXHAUSTION_REJECT,1662028540105768,1662029045999999,False,-0.00521782623587,-0.00375240667194,-0.00317482175163,-0.003033106498,31.31,1,1
2022-09-01:ETHUSDT:1662032224:1,2022-09-01,ETHUSDT,CASCADE_CONTINUE,1662032226106315,1662032233999999,False,-5.8867490066e-05,-0.00192369003103,-0.00198464510766,-0.00266123354907,5972.211,1,1
2022-09-01:ETHUSDT:1662032224:1,2022-09-01,ETHUSDT,EXHAUSTION_REJECT,1662032226106315,1662032233999999,False,-0.00635953719353,-0.00373308083276,-0.00335247461787,-0.003033106498,5972.211,1,1
2022-09-01:BTCUSDT:1662032413:1,2022-09-01,BTCUSDT,CASCADE_CONTINUE,1662032415115574,1662032731999999,False,-0.00112723309047,-0.00176523070034,-0.00159173999211,-0.00266123354907,463.7605,1,1
2022-09-01:BTCUSDT:1662032413:1,2022-09-01,BTCUSDT,EXHAUSTION_REJECT,1662032415115574,1662032722999999,False,-0.00487327511331,-0.00527939494102,-0.00549396304531,-0.003033106498,463.7605,1,1
2022-09-01:ETHUSDT:1662032484:1,2022-09-01,ETHUSDT,CASCADE_CONTINUE,1662032486106544,1662034317999999,False,-0.00505655737353,-0.00342087462696,-0.00355029571041,-0.00266123354907,7945,1,1
2022-09-01:ETHUSDT:1662032484:1,2022-09-01,ETHUSDT,EXHAUSTION_REJECT,1662032486106544,1662034317999999,False,0.00195291722458,1.28075441231e-05,0.001029202577,-0.003033106498,7945,1,1
2022-09-01:BTCUSDT:1662034972:-1,2022-09-01,BTCUSDT,CASCADE_CONTINUE,1662034974175915,1662035453999999,False,-0.00502952163476,-0.00322832331303,-0.00345365052678,-0.00266123354907,874.192,1,1
2022-09-01:BTCUSDT:1662034972:-1,2022-09-01,BTCUSDT,EXHAUSTION_REJECT,1662034974175915,1662035453999999,False,-0.000802301102352,-0.00438464795073,-0.00428723784671,-0.003033106498,874.192,1,1
2022-09-01:ETHUSDT:1662035571:-1,2022-09-01,ETHUSDT,CASCADE_CONTINUE,1662035573107948,1662035642999999,False,8.43362530398e-05,-0.00354894234062,-0.00398374082981,-0.00266123354907,373.632,1,1
2022-09-01:ETHUSDT:1662035571:-1,2022-09-01,ETHUSDT,EXHAUSTION_REJECT,1662035573107948,1662035642999999,False,-0.00501514794773,-0.00168885515441,-0.00115782063975,-0.003033106498,373.632,1,1
2022-09-01:BTCUSDT:1662035763:-1,2022-09-01,BTCUSDT,CASCADE_CONTINUE,1662035765115865,1662036349999999,False,-0.0049165813973,-0.00404215831664,-0.00434232391296,-0.00266123354907,7937.9955,1,1
2022-09-01:BTCUSDT:1662035763:-1,2022-09-01,BTCUSDT,EXHAUSTION_REJECT,1662035765115865,1662036350999999,False,0.0010296300781,-0.00140348604916,-0.00154273735395,-0.003033106498,7937.9955,1,1
2022-09-01:BTCUSDT:1662040243:-1,2022-09-01,BTCUSDT,CASCADE_CONTINUE,1662040245115147,1662040790999999,False,-0.00510714941369,-0.00414012177632,-0.00500359910475,-0.00266123354907,39.639,1,1
2022-09-01:BTCUSDT:1662040243:-1,2022-09-01,BTCUSDT,EXHAUSTION_REJECT,1662040245115147,1662040790999999,False,0.000244477373721,-0.00205643643602,-0.00116032956372,-0.003033106498,39.639,1,1
2022-09-01:ETHUSDT:1662041479:-1,2022-09-01,ETHUSDT,CASCADE_CONTINUE,1662041481126049,1662041609999999,False,0.000964926753924,-0.00374268511376,-0.0041196213811,-0.00266123354907,1588.1055,1,1
2022-09-01:ETHUSDT:1662041479:-1,2022-09-01,ETHUSDT,EXHAUSTION_REJECT,1662041481126049,1662041608999999,False,-0.00497754506481,-0.0010355141363,-0.000828165528294,-0.003033106498,1588.1055,1,1
2022-09-01:ETHUSDT:1662041723:-1,2022-09-01,ETHUSDT,CASCADE_CONTINUE,1662041725107142,1662042300999999,False,-0.00504509477807,-0.00398206215741,-0.00443453113048,-0.00266123354907,24739.3875,1,1
2022-09-01:ETHUSDT:1662041723:-1,2022-09-01,ETHUSDT,EXHAUSTION_REJECT,1662041725107142,1662042300999999,False,0.00192765690254,0.000621264904965,0.000651992233647,-0.003033106498,24739.3875,1,1
2022-09-01:ETHUSDT:1662041784:-1,2022-09-01,ETHUSDT,CASCADE_CONTINUE,1662041786106929,1662042263999999,False,-0.00500246010669,-0.00227079942747,-0.00291843777854,-0.00266123354907,1390.0705,1,1
2022-09-01:ETHUSDT:1662041784:-1,2022-09-01,ETHUSDT,EXHAUSTION_REJECT,1662041786106929,1662042263999999,False,0.00184146345024,0.000632524044575,0.000395716182846,-0.003033106498,1390.0705,1,1
2022-09-01:BTCUSDT:1662043878:-1,2022-09-01,BTCUSDT,CASCADE_CONTINUE,1662043880114408,1662046379999999,False,-0.00494317714413,-0.00201249696787,-0.00178216759216,-0.00266123354907,1353.8145,1,1
2022-09-01:BTCUSDT:1662043878:-1,2022-09-01,BTCUSDT,EXHAUSTION_REJECT,1662043880114408,1662046398999999,False,0.00147289223969,-0.000556450264309,-0.000962856175057,-0.003033106498,1353.8145,1,1
2022-09-01:BTCUSDT:1662044154:-1,2022-09-01,BTCUSDT,CASCADE_CONTINUE,1662044156114986,1662044309999999,False,-0.00518382971692,-0.00324327756259,-0.00338541587795,-0.00266123354907,1409.904,1,1
2022-09-01:BTCUSDT:1662044154:-1,2022-09-01,BTCUSDT,EXHAUSTION_REJECT,1662044156114986,1662044309999999,False,-1.32093521758e-05,-0.0019557304933,-0.00235754296628,-0.003033106498,1409.904,1,1
2022-09-01:BTCUSDT:1662051851:1,2022-09-01,BTCUSDT,CASCADE_CONTINUE,1662051853114701,1662052504999999,False,-0.00136808067151,-0.0020290526523,-0.00201782345241,-0.00266123354907,11936.988,1,1
2022-09-01:BTCUSDT:1662051851:1,2022-09-01,BTCUSDT,EXHAUSTION_REJECT,1662051853114701,1662052503999999,False,-0.00486460148102,-0.00530312814058,-0.00520274536993,-0.003033106498,11936.988,1,1
2022-09-01:ETHUSDT:1662051917:1,2022-09-01,ETHUSDT,CASCADE_CONTINUE,1662051919126592,1662052042999999,False,-0.00493408353531,-0.00305637197274,-0.00280187285439,-0.00266123354907,559.908,1,1
2022-09-01:ETHUSDT:1662051917:1,2022-09-01,ETHUSDT,EXHAUSTION_REJECT,1662051919126592,1662052046999999,False,0.00105321694164,-0.00180177198243,-0.00157593496568,-0.003033106498,559.908,1,1
2022-09-01:ETHUSDT:1662053150:1,2022-09-01,ETHUSDT,CASCADE_CONTINUE,1662053152105775,1662053260999999,False,0.000592882918975,-0.00380396755673,-0.00412284592253,-0.00266123354907,2188.97,1,1
2022-09-01:ETHUSDT:1662053150:1,2022-09-01,ETHUSDT,EXHAUSTION_REJECT,1662053152105775,1662053260999999,False,-0.00535260578307,-0.00185980684142,-0.0027164994235,-0.003033106498,2188.97,1,1
2022-09-01:BTCUSDT:1662053470:1,2022-09-01,BTCUSDT,CASCADE_CONTINUE,1662053472114788,1662053749999999,False,-0.00490804820612,-0.00318755976262,-0.0039278524298,-0.00266123354907,80.058,1,1
2022-09-01:BTCUSDT:1662053470:1,2022-09-01,BTCUSDT,EXHAUSTION_REJECT,1662053472114788,1662053758999999,False,0.000462788035409,-0.00233212968416,-0.000983313905506,-0.003033106498,80.058,1,1
2022-09-01:BTCUSDT:1662054315:-1,2022-09-01,BTCUSDT,CASCADE_CONTINUE,1662054317114128,1662054407999999,False,-0.00201801616836,-0.00357251361153,-0.00381244925767,-0.00266123354907,1279.07,1,1
2022-09-01:BTCUSDT:1662054315:-1,2022-09-01,BTCUSDT,EXHAUSTION_REJECT,1662054317114128,1662054407999999,False,-0.00492588870983,-0.00349126678426,-0.00445480041874,-0.003033106498,1279.07,1,1
2022-09-01:BTCUSDT:1662056503:1,2022-09-01,BTCUSDT,CASCADE_CONTINUE,1662056505133614,1662056824999999,False,-0.00144320382182,-0.00137101837277,-0.00141062756556,-0.00266123354907,119.643,1,1
2022-09-01:BTCUSDT:1662056503:1,2022-09-01,BTCUSDT,EXHAUSTION_REJECT,1662056505133614,1662056823999999,False,-0.00487494820286,-0.00579473440571,-0.00577780734187,-0.003033106498,119.643,1,1
2022-09-01:ETHUSDT:1662056583:1,2022-09-01,ETHUSDT,CASCADE_CONTINUE,1662056585105545,1662057222999999,False,-7.5018668768e-05,-0.00249835173922,-0.00214215464826,-0.00266123354907,235.8225,1,1
2022-09-01:ETHUSDT:1662056583:1,2022-09-01,ETHUSDT,EXHAUSTION_REJECT,1662056585105545,1662057222999999,False,-0.00531525752205,-0.00487882236435,-0.00382488235989,-0.003033106498,235.8225,1,1
2022-09-01:BTCUSDT:1662057118:1,2022-09-01,BTCUSDT,CASCADE_CONTINUE,1662057120114003,1662057133999999,False,-0.00232335682675,-0.00296484125099,-0.00345844247542,-0.00266123354907,103303.152,1,1
2022-09-01:BTCUSDT:1662057118:1,2022-09-01,BTCUSDT,EXHAUSTION_REJECT,1662057120114003,1662057133999999,False,-0.00641941861251,-0.00343511609729,-0.00470474708797,-0.003033106498,103303.152,1,1
2022-09-01:ETHUSDT:1662059472:1,2022-09-01,ETHUSDT,CASCADE_CONTINUE,1662059474165495,1662059744999999,False,-0.00511055629897,-0.00319652708297,-0.00387899098141,-0.00266123354907,1669.447,1,1
2022-09-01:ETHUSDT:1662059472:1,2022-09-01,ETHUSDT,EXHAUSTION_REJECT,1662059474165495,1662059744999999,False,2.84185876854e-05,-0.00160773545237,-0.0018126166558,-0.003033106498,1669.447,1,1
2022-09-01:ETHUSDT:1662059532:1,2022-09-01,ETHUSDT,CASCADE_CONTINUE,1662059534104885,1662059731999999,False,-0.00501283390427,-0.00227423889531,-0.00314193210429,-0.00266123354907,47.274,1,1
2022-09-01:ETHUSDT:1662059532:1,2022-09-01,ETHUSDT,EXHAUSTION_REJECT,1662059534104885,1662059731999999,False,9.98782658205e-05,-0.00359016166235,-0.003284122147,-0.003033106498,47.274,1,1
2022-09-01:ETHUSDT:1662059803:-1,2022-09-01,ETHUSDT,CASCADE_CONTINUE,1662059805106083,1662060554999999,False,0.000523395873219,-0.00402177753072,-0.0051191133121,-0.00266123354907,15.524,1,1
2022-09-01:ETHUSDT:1662059803:-1,2022-09-01,ETHUSDT,EXHAUSTION_REJECT,1662059805106083,1662060554999999,False,-0.00507105799302,-0.00169735002915,-0.000765398385292,-0.003033106498,15.524,1,1
2022-09-01:BTCUSDT:1662062901:1,2022-09-01,BTCUSDT,CASCADE_CONTINUE,1662062903113429,1662063720999999,False,-0.00098252311363,-0.00305714046137,-0.00353509227389,-0.00266123354907,6020.55,1,1
2022-09-01:BTCUSDT:1662062901:1,2022-09-01,BTCUSDT,EXHAUSTION_REJECT,1662062903113429,1662063720999999,False,-0.00620564883601,-0.00214732688366,-0.00232430150183,-0.003033106498,6020.55,1,1
2022-09-01:ETHUSDT:1662062992:1,2022-09-01,ETHUSDT,CASCADE_CONTINUE,1662062994105110,1662063073999999,False,-0.00515286174571,-0.00517821103748,-0.00513458813883,-0.00266123354907,3046.368,1,1
2022-09-01:ETHUSDT:1662062992:1,2022-09-01,ETHUSDT,EXHAUSTION_REJECT,1662062994105110,1662063073999999,False,0.000949375743579,-0.000220319747229,-0.000639949139603,-0.003033106498,3046.368,1,1
2022-09-01:BTCUSDT:1662062992:1,2022-09-01,BTCUSDT,CASCADE_CONTINUE,1662062994114081,1662063066999999,False,-0.00495390818501,-0.0033091255512,-0.00355785042407,-0.00266123354907,2432.1605,1,1
2022-09-01:BTCUSDT:1662062992:1,2022-09-01,BTCUSDT,EXHAUSTION_REJECT,1662062994114081,1662063066999999,False,0.00043267391022,-0.00135323712344,-0.00166546545909,-0.003033106498,2432.1605,1,1
2022-09-01:BTCUSDT:1662063762:1,2022-09-01,BTCUSDT,CASCADE_CONTINUE,1662063764153553,1662063902999999,False,-0.0049183608649,-0.00423343025302,-0.00424555450506,-0.00266123354907,23678.1255,2,1
2022-09-01:BTCUSDT:1662063762:1,2022-09-01,BTCUSDT,EXHAUSTION_REJECT,1662063764153553,1662063902999999,False,-0.000382529910559,-0.00153997363293,-0.0027411913493,-0.003033106498,23678.1255,2,1
2022-09-01:BTCUSDT:1662065608:1,2022-09-01,BTCUSDT,CASCADE_CONTINUE,1662065610114069,1662065891999999,False,-0.00172316941205,-0.00242756588973,-0.00287837864912,-0.00266123354907,20.165,1,1
2022-09-01:BTCUSDT:1662065608:1,2022-09-01,BTCUSDT,EXHAUSTION_REJECT,1662065610114069,1662065885999999,False,-0.00503514741249,-0.00538198130104,-0.00575872266888,-0.003033106498,20.165,1,1
2022-09-01:BTCUSDT:1662065674:1,2022-09-01,BTCUSDT,CASCADE_CONTINUE,1662065676114130,1662066246999999,False,-0.00492281428944,-0.00352156406114,-0.00366408843332,-0.00266123354907,181.5255,1,1
2022-09-01:BTCUSDT:1662065674:1,2022-09-01,BTCUSDT,EXHAUSTION_REJECT,1662065676114130,1662066246999999,False,-0.00111037011062,-0.00377950990942,-0.00403663236176,-0.003033106498,181.5255,1,1
2022-09-01:ETHUSDT:1662066927:1,2022-09-01,ETHUSDT,CASCADE_CONTINUE,1662066929105293,1662067052999999,False,-0.00499887488898,-0.00329946392368,-0.00284624633875,-0.00266123354907,10574.19,1,1
2022-09-01:ETHUSDT:1662066927:1,2022-09-01,ETHUSDT,EXHAUSTION_REJECT,1662066929105293,1662067052999999,False,0.0016511987987,0.000266381456007,0.000227529092189,-0.003033106498,10574.19,1,1
2022-09-01:ETHUSDT:1662069342:-1,2022-09-01,ETHUSDT,CASCADE_CONTINUE,1662069344105676,1662069450999999,False,-0.00505041152237,-0.00458947738022,-0.00450021545119,-0.00266123354907,768.9815,1,1
2022-09-01:ETHUSDT:1662069342:-1,2022-09-01,ETHUSDT,EXHAUSTION_REJECT,1662069344105676,1662069450999999,False,-0.00033296295978,-0.00286313022811,-0.00332407795404,-0.003033106498,768.9815,1,1
2022-09-01:BTCUSDT:1662069780:1,2022-09-01,BTCUSDT,CASCADE_CONTINUE,1662069782113643,1662070237999999,False,-0.00512335494551,-0.00316404267352,-0.00309988501596,-0.00266123354907,2488.7205,1,1
2022-09-01:BTCUSDT:1662069780:1,2022-09-01,BTCUSDT,EXHAUSTION_REJECT,1662069782113643,1662070237999999,False,-0.000635752186212,-0.00399938800699,-0.00501455515602,-0.003033106498,2488.7205,1,1
2022-09-01:BTCUSDT:1662069994:1,2022-09-01,BTCUSDT,CASCADE_CONTINUE,1662069996114405,1662070050999999,False,-0.00486952019969,-0.00425933529302,-0.0037712521324,-0.00266123354907,1639.9665,1,1
2022-09-01:BTCUSDT:1662069994:1,2022-09-01,BTCUSDT,EXHAUSTION_REJECT,1662069996114405,1662070055999999,False,-0.00217552510158,-0.00310152429,-0.00358896341536,-0.003033106498,1639.9665,1,1
2022-09-01:BTCUSDT:1662070422:1,2022-09-01,BTCUSDT,CASCADE_CONTINUE,1662070424133330,1662070737999999,False,-0.00490365521004,-0.00141077039921,-0.00125094898906,-0.00266123354907,6074.55,1,1
2022-09-01:BTCUSDT:1662070422:1,2022-09-01,BTCUSDT,EXHAUSTION_REJECT,1662070424133330,1662070740999999,False,-0.000609174165486,-0.00665414223107,-0.00677554605512,-0.003033106498,6074.55,1,1
2022-11-01:BTCUSDT:1667266275:1,2022-11-01,BTCUSDT,CASCADE_CONTINUE,1667266277107474,1667266277788163,False,-0.00326693021002,-0.00190234002571,-0.0015853455295,-0.0027779270112,1464.366,2,1
2022-11-01:BTCUSDT:1667266275:1,2022-11-01,BTCUSDT,EXHAUSTION_REJECT,1667266277107474,1667266277788163,False,-0.00483984590848,-0.00587546813381,-0.00606985781094,-0.00286375610988,1464.366,2,1
2022-11-01:ETHUSDT:1667266276:1,2022-11-01,ETHUSDT,CASCADE_CONTINUE,1667266278117626,1667266401999999,False,-0.00608489944868,-0.00227978922434,-0.00230736594387,-0.0027779270112,31.787,1,1
2022-11-01:ETHUSDT:1667266276:1,2022-11-01,ETHUSDT,EXHAUSTION_REJECT,1667266278117626,1667266401999999,False,-0.0019753596073,-0.00530350399646,-0.0056114439467,-0.00286375610988,31.787,1,1
2022-11-01:ETHUSDT:1667270141:1,2022-11-01,ETHUSDT,CASCADE_CONTINUE,1667270143117781,1667270143298750,False,-0.00175966156104,-0.00306911604665,-0.00326482742395,-0.0027779270112,447.09,1,1
2022-11-01:ETHUSDT:1667270141:1,2022-11-01,ETHUSDT,EXHAUSTION_REJECT,1667270143117781,1667270143278698,False,-0.00527747250287,-0.00329864619658,-0.00420128488572,-0.00286375610988,447.09,1,1
2022-11-01:ETHUSDT:1667270203:1,2022-11-01,ETHUSDT,CASCADE_CONTINUE,1667270205177590,1667270380999999,False,-0.00497196957925,-0.00130423495737,-0.00144776253412,-0.0027779270112,3454.272,1,1
2022-11-01:ETHUSDT:1667270203:1,2022-11-01,ETHUSDT,EXHAUSTION_REJECT,1667270205177590,1667270380999999,False,-7.85515514259e-05,-0.00379006338432,-0.00380432295936,-0.00286375610988,3454.272,1,1
2022-11-01:BTCUSDT:1667270854:1,2022-11-01,BTCUSDT,CASCADE_CONTINUE,1667270856107621,1667270962999999,False,-0.00349068304786,-0.00275612503318,-0.00251492338691,-0.0027779270112,392.179,1,1
2022-11-01:BTCUSDT:1667270854:1,2022-11-01,BTCUSDT,EXHAUSTION_REJECT,1667270856107621,1667270962999999,False,-0.00513283332829,-0.0051717381376,-0.00529649701774,-0.00286375610988,392.179,1,1
2022-11-01:BTCUSDT:1667270960:1,2022-11-01,BTCUSDT,CASCADE_CONTINUE,1667270962107098,1667270970999999,False,-0.00333176061152,-0.00294632443289,-0.00318094282021,-0.0027779270112,6502.86,1,1
2022-11-01:BTCUSDT:1667270960:1,2022-11-01,BTCUSDT,EXHAUSTION_REJECT,1667270962107098,1667270962207476,False,-0.00481848300274,-0.00429174980577,-0.00484409038864,-0.00286375610988,6502.86,1,1
2022-11-01:ETHUSDT:1667271027:1,2022-11-01,ETHUSDT,CASCADE_CONTINUE,1667271029117453,1667271151999999,False,-0.000472316388721,-0.0018849947646,-0.00207747834348,-0.0027779270112,5097.699,1,1
2022-11-01:ETHUSDT:1667271027:1,2022-11-01,ETHUSDT,EXHAUSTION_REJECT,1667271029117453,1667271151999999,False,-0.00518582826556,-0.00351339234329,-0.00321987550475,-0.00286375610988,5097.699,1,1
2022-11-01:BTCUSDT:1667271059:1,2022-11-01,BTCUSDT,CASCADE_CONTINUE,1667271061167384,1667271918999999,False,-0.00486271274333,-0.00235650477904,-0.00204099810301,-0.0027779270112,1798.2465,1,1
2022-11-01:BTCUSDT:1667271059:1,2022-11-01,BTCUSDT,EXHAUSTION_REJECT,1667271061167384,1667271920999999,False,-0.00224466518552,-0.00530174461103,-0.00565872651008,-0.00286375610988,1798.2465,1,1
2022-11-01:ETHUSDT:1667271129:1,2022-11-01,ETHUSDT,CASCADE_CONTINUE,1667271131117655,1667271733999999,False,9.47995886911e-05,-0.00252337861397,-0.00167537778934,-0.0027779270112,160.555,1,1
2022-11-01:ETHUSDT:1667271129:1,2022-11-01,ETHUSDT,EXHAUSTION_REJECT,1667271131117655,1667271733999999,False,-0.00501084338751,-0.00368091496062,-0.00281714628223,-0.00286375610988,160.555,1,1
2022-11-01:BTCUSDT:1667271151:1,2022-11-01,BTCUSDT,CASCADE_CONTINUE,1667271153107114,1667271900999999,False,-0.00495372088077,-0.0027146815862,-0.00290370240095,-0.0027779270112,5148.4485,1,1
2022-11-01:BTCUSDT:1667271151:1,2022-11-01,BTCUSDT,EXHAUSTION_REJECT,1667271153107114,1667271900999999,False,-0.00215904685196,-0.00339116061993,-0.00401450056145,-0.00286375610988,5148.4485,1,1
2022-11-01:ETHUSDT:1667271707:1,2022-11-01,ETHUSDT,CASCADE_CONTINUE,1667271709137545,1667271832999999,False,-0.00154644868136,-0.00345008513031,-0.00292889484197,-0.0027779270112,3216.7,1,1
2022-11-01:ETHUSDT:1667271707:1,2022-11-01,ETHUSDT,EXHAUSTION_REJECT,1667271709137545,1667271736999999,False,-0.00499732990224,-0.00333383288267,-0.00433612826397,-0.00286375610988,3216.7,1,1
2022-11-01:ETHUSDT:1667271832:1,2022-11-01,ETHUSDT,CASCADE_CONTINUE,1667271834118139,1667271863999999,False,-0.00510282696441,-0.00240695267274,-0.00232911040789,-0.0027779270112,1385.202,1,1
2022-11-01:ETHUSDT:1667271832:1,2022-11-01,ETHUSDT,EXHAUSTION_REJECT,1667271834118139,1667271863999999,False,0.000480818591732,-0.00364852830588,-0.00468244826945,-0.00286375610988,1385.202,1,1
2022-11-01:ETHUSDT:1667279261:1,2022-11-01,ETHUSDT,CASCADE_CONTINUE,1667279263137826,1667280114999999,False,-0.00499306907339,-0.00288989660481,-0.00291185122827,-0.0027779270112,384.684,1,1
2022-11-01:ETHUSDT:1667279261:1,2022-11-01,ETHUSDT,EXHAUSTION_REJECT,1667279263137826,1667280114999999,False,-0.000742013962622,-0.00362516200468,-0.0048538904433,-0.00286375610988,384.684,1,1
2022-11-01:BTCUSDT:1667283344:1,2022-11-01,BTCUSDT,CASCADE_CONTINUE,1667283346107258,1667283346787341,False,-0.00277146113278,-0.00225193738361,-0.001425091313,-0.0027779270112,9512.775,1,1
2022-11-01:BTCUSDT:1667283344:1,2022-11-01,BTCUSDT,EXHAUSTION_REJECT,1667283346107258,1667283346787341,False,-0.00522874081328,-0.00528361647456,-0.00545559481774,-0.00286375610988,9512.775,1,1
2022-11-01:BTCUSDT:1667283434:1,2022-11-01,BTCUSDT,CASCADE_CONTINUE,1667283436146961,1667284042999999,False,-0.00530293972966,-0.00135948335754,-0.00189005648805,-0.0027779270112,41.479,1,1
2022-11-01:BTCUSDT:1667283434:1,2022-11-01,BTCUSDT,EXHAUSTION_REJECT,1667283436146961,1667284042999999,False,-0.00185446935393,-0.00569242210867,-0.00557992869754,-0.00286375610988,41.479,1,1
2022-11-01:ETHUSDT:1667287571:-1,2022-11-01,ETHUSDT,CASCADE_CONTINUE,1667287573298294,1667289881999999,False,-0.00512623882366,-0.00272974181425,-0.0036845243846,-0.0027779270112,520.971,1,1
2022-11-01:ETHUSDT:1667287571:-1,2022-11-01,ETHUSDT,EXHAUSTION_REJECT,1667287573298294,1667289881999999,False,0.000707484365429,-0.00211722865049,-0.00165341535222,-0.00286375610988,520.971,1,1
2022-11-01:ETHUSDT:1667295818:1,2022-11-01,ETHUSDT,CASCADE_CONTINUE,1667295820118310,1667295826999999,False,-0.00240733890426,-0.00381757644365,-0.00374872569268,-0.0027779270112,336.63,1,1
2022-11-01:ETHUSDT:1667295818:1,2022-11-01,ETHUSDT,EXHAUSTION_REJECT,1667295820118310,1667295826999999,False,-0.00524284787021,-0.00308809011201,-0.00329688579178,-0.00286375610988,336.63,1,1
2022-11-01:ETHUSDT:1667295962:1,2022-11-01,ETHUSDT,CASCADE_CONTINUE,1667295964118156,1667295964498444,False,-0.000689037814138,-0.00342580005152,-0.00406442861898,-0.0027779270112,161.1,1,1
2022-11-01:ETHUSDT:1667295962:1,2022-11-01,ETHUSDT,EXHAUSTION_REJECT,1667295964118156,1667295964487825,False,-0.00505927868999,-0.00205858373654,-0.00183379232383,-0.00286375610988,161.1,1,1
2022-11-01:BTCUSDT:1667295964:1,2022-11-01,BTCUSDT,CASCADE_CONTINUE,1667295966107012,1667295984999999,False,-0.00141588485937,-0.00203142942252,-0.00280402155243,-0.0027779270112,20.7535,1,1
2022-11-01:BTCUSDT:1667295964:1,2022-11-01,BTCUSDT,EXHAUSTION_REJECT,1667295966107012,1667295984999999,False,-0.00563479552965,-0.00503085651102,-0.00566955006401,-0.00286375610988,20.7535,1,1
2022-11-01:ETHUSDT:1667298921:1,2022-11-01,ETHUSDT,CASCADE_CONTINUE,1667298923120184,1667298995999999,False,-0.00113310434696,-0.00344530022433,-0.00364349355688,-0.0027779270112,2064.192,1,1
2022-11-01:ETHUSDT:1667298921:1,2022-11-01,ETHUSDT,EXHAUSTION_REJECT,1667298923120184,1667298995999999,False,-0.00510319192735,-0.00201929798076,-0.00349075574613,-0.00286375610988,2064.192,1,1
2022-11-01:ETHUSDT:1667301328:-1,2022-11-01,ETHUSDT,CASCADE_CONTINUE,1667301330142372,1667301377999999,False,-0.000558709004996,-0.00381309187545,-0.00394092272411,-0.0027779270112,316.41,1,1
2022-11-01:ETHUSDT:1667301328:-1,2022-11-01,ETHUSDT,EXHAUSTION_REJECT,1667301330142372,1667301377999999,False,-0.00502771483876,-0.00208350111287,-0.0013735618851,-0.00286375610988,316.41,1,1
2022-11-01:BTCUSDT:1667301432:-1,2022-11-01,BTCUSDT,CASCADE_CONTINUE,1667301434106851,1667301665999999,False,-0.00503940620193,-0.00272556316941,-0.00340134418663,-0.0027779270112,285.6105,2,1
2022-11-01:BTCUSDT:1667301432:-1,2022-11-01,BTCUSDT,EXHAUSTION_REJECT,1667301434106851,1667301665999999,False,-0.000720056545854,-0.00407088437407,-0.00437477728627,-0.00286375610988,285.6105,2,1
2022-11-01:ETHUSDT:1667305425:1,2022-11-01,ETHUSDT,CASCADE_CONTINUE,1667305427318804,1667305716999999,False,-0.00499683025015,-0.00231034085819,-0.0019662008258,-0.0027779270112,304.3515,1,1
2022-11-01:ETHUSDT:1667305425:1,2022-11-01,ETHUSDT,EXHAUSTION_REJECT,1667305427318804,1667305722999999,False,-0.00282899968509,-0.00545134884281,-0.00552988123442,-0.00286375610988,304.3515,1,1
2022-11-01:BTCUSDT:1667310134:-1,2022-11-01,BTCUSDT,CASCADE_CONTINUE,1667310136126853,1667310211999999,False,-0.00107875130962,-0.00283717792086,-0.00338102512204,-0.0027779270112,590.1515,2,1
2022-11-01:BTCUSDT:1667310134:-1,2022-11-01,BTCUSDT,EXHAUSTION_REJECT,1667310136126853,1667310211999999,False,-0.00541920927228,-0.00413297184643,-0.00366644346047,-0.00286375610988,590.1515,2,1
2022-11-01:BTCUSDT:1667310210:-1,2022-11-01,BTCUSDT,CASCADE_CONTINUE,1667310212107004,1667310478999999,False,-0.000559674115117,-0.00245039980787,-0.00344960358224,-0.0027779270112,60.9595,2,1
2022-11-01:BTCUSDT:1667310210:-1,2022-11-01,BTCUSDT,EXHAUSTION_REJECT,1667310212107004,1667310418999999,False,-0.00511697425281,-0.00221158610829,-0.00247857407705,-0.00286375610988,60.9595,2,1
2022-11-01:ETHUSDT:1667310328:-1,2022-11-01,ETHUSDT,CASCADE_CONTINUE,1667310330139391,1667310359999999,False,0.000670189061326,-0.00332793517812,-0.00449599990574,-0.0027779270112,23359.05,1,1
2022-11-01:ETHUSDT:1667310328:-1,2022-11-01,ETHUSDT,EXHAUSTION_REJECT,1667310330139391,1667310334999999,False,-0.00527039248661,-0.00261220996398,-0.00223608400518,-0.00286375610988,23359.05,1,1
2022-11-01:BTCUSDT:1667310331:-1,2022-11-01,BTCUSDT,CASCADE_CONTINUE,1667310333107804,1667310478999999,False,-0.000101947514253,-0.00397832608424,-0.00495847369066,-0.0027779270112,6094.05,1,1
2022-11-01:BTCUSDT:1667310331:-1,2022-11-01,BTCUSDT,EXHAUSTION_REJECT,1667310333107804,1667310478999999,False,-0.00566044715866,-0.00109709511204,-0.000459779081203,-0.00286375610988,6094.05,1,1
2022-11-01:BTCUSDT:1667310414:-1,2022-11-01,BTCUSDT,CASCADE_CONTINUE,1667310416127022,1667311691999999,False,-0.000490245369846,-0.00373140969877,-0.00407903903352,-0.0027779270112,425.9955,1,1
2022-11-01:BTCUSDT:1667310414:-1,2022-11-01,BTCUSDT,EXHAUSTION_REJECT,1667310416127022,1667311691999999,False,-0.00538000620663,-0.00168110011474,-0.00142795891305,-0.00286375610988,425.9955,1,1
2022-11-01:BTCUSDT:1667310478:-1,2022-11-01,BTCUSDT,CASCADE_CONTINUE,1667310480107237,1667310778999999,False,-0.00513853580817,-0.00409343530511,-0.00543794615618,-0.0027779270112,20.263,1,1
2022-11-01:BTCUSDT:1667310478:-1,2022-11-01,BTCUSDT,EXHAUSTION_REJECT,1667310480107237,1667310778999999,False,0.000501385540989,-0.00210982601196,-0.00137512053363,-0.00286375610988,20.263,1,1
2022-11-01:ETHUSDT:1667310479:-1,2022-11-01,ETHUSDT,CASCADE_CONTINUE,1667310481118322,1667311276999999,False,0.000592806301294,-0.0034157285819,-0.00296490026284,-0.0027779270112,11452.2115,1,1
2022-11-01:ETHUSDT:1667310479:-1,2022-11-01,ETHUSDT,EXHAUSTION_REJECT,1667310481118322,1667311276999999,False,-0.00507453337427,-0.000958495905616,-0.000969213399569,-0.00286375610988,11452.2115,1,1
2022-11-01:ETHUSDT:1667311501:-1,2022-11-01,ETHUSDT,CASCADE_CONTINUE,1667311503102361,1667311985999999,False,0.000394501748357,-0.00243909742092,-0.0039474350716,-0.0027779270112,1108.31,1,1
2022-11-01:ETHUSDT:1667311501:-1,2022-11-01,ETHUSDT,EXHAUSTION_REJECT,1667311503102361,1667311973999999,False,-0.00501588018608,-0.00184492309128,-0.00247863847393,-0.00286375610988,1108.31,1,1
2022-11-01:ETHUSDT:1667311575:-1,2022-11-01,ETHUSDT,CASCADE_CONTINUE,1667311577147078,1667311953999999,False,-0.000355729702868,-0.00326566141173,-0.00361330981818,-0.0027779270112,795.345,1,1
2022-11-01:ETHUSDT:1667311575:-1,2022-11-01,ETHUSDT,EXHAUSTION_REJECT,1667311577147078,1667311953999999,False,-0.00512342100644,-0.00204945321749,-0.00274174879567,-0.00286375610988,795.345,1,1
2022-11-01:ETHUSDT:1667311684:-1,2022-11-01,ETHUSDT,CASCADE_CONTINUE,1667311686158990,1667311997999999,False,-9.82179299997e-05,-0.00419121147135,-0.00481162062641,-0.0027779270112,46.7535,1,1
2022-11-01:ETHUSDT:1667311684:-1,2022-11-01,ETHUSDT,EXHAUSTION_REJECT,1667311686158990,1667311997999999,False,-0.00513508436664,-0.00170223423452,-0.00102632896147,-0.00286375610988,46.7535,1,1
2022-11-01:BTCUSDT:1667311690:-1,2022-11-01,BTCUSDT,CASCADE_CONTINUE,1667311692107582,1667311694999999,False,-0.00261672961903,-0.00244036677071,-0.00359897140689,-0.0027779270112,40.498,1,1
2022-11-01:BTCUSDT:1667311690:-1,2022-11-01,BTCUSDT,EXHAUSTION_REJECT,1667311692107582,1667311694999999,False,-0.00549974317223,-0.00547937409206,-0.0048870757066,-0.00286375610988,40.498,1,1
2022-11-01:BTCUSDT:1667311986:-1,2022-11-01,BTCUSDT,CASCADE_CONTINUE,1667311988107381,1667312021999999,False,-0.00539854228819,-0.00484482300339,-0.00535911637312,-0.0027779270112,4207.84,1,1
2022-11-01:BTCUSDT:1667311986:-1,2022-11-01,BTCUSDT,EXHAUSTION_REJECT,1667311988107381,1667312021999999,False,-0.00174142918949,-0.00258806375715,-0.00254372291777,-0.00286375610988,4207.84,1,1
2022-11-01:ETHUSDT:1667318823:1,2022-11-01,ETHUSDT,CASCADE_CONTINUE,1667318825138170,1667319883999999,False,-0.00502476758957,-0.00347895574823,-0.00401970983585,-0.0027779270112,15.89,1,1
2022-11-01:ETHUSDT:1667318823:1,2022-11-01,ETHUSDT,EXHAUSTION_REJECT,1667318825138170,1667319883999999,False,0.00127579453963,-0.0014046564898,-0.00103812003134,-0.00286375610988,15.89,1,1
2022-11-01:BTCUSDT:1667318855:1,2022-11-01,BTCUSDT,CASCADE_CONTINUE,1667318857107018,1667319228999999,False,-0.0050033342843,-0.00198431450292,-0.0017807836129,-0.0027779270112,11517.513,2,1
2022-11-01:BTCUSDT:1667318855:1,2022-11-01,BTCUSDT,EXHAUSTION_REJECT,1667318857107018,1667319231999999,False,-6.15510257043e-05,-0.00434155815973,-0.00497255593106,-0.00286375610988,11517.513,2,1
2022-11-01:BTCUSDT:1667321495:-1,2022-11-01,BTCUSDT,CASCADE_CONTINUE,1667321497106867,1667322337999999,False,-0.00496392085901,-0.00340979374038,-0.00284641028248,-0.0027779270112,2372.2335,1,1
2022-11-01:BTCUSDT:1667321495:-1,2022-11-01,BTCUSDT,EXHAUSTION_REJECT,1667321497106867,1667322337999999,False,-0.000676505782767,-0.00171956900221,-0.00207802929598,-0.00286375610988,2372.2335,1,1
2022-11-01:ETHUSDT:1667321495:-1,2022-11-01,ETHUSDT,CASCADE_CONTINUE,1667321497118615,1667322324999999,False,-0.00491142000853,-0.00498507659238,-0.00527316667836,-0.0027779270112,1403.91,1,1
2022-11-01:ETHUSDT:1667321495:-1,2022-11-01,ETHUSDT,EXHAUSTION_REJECT,1667321497118615,1667322329999999,False,0.000611891268064,-0.000979445252235,-0.00223302517854,-0.00286375610988,1403.91,1,1
2022-11-01:ETHUSDT:1667329759:1,2022-11-01,ETHUSDT,CASCADE_CONTINUE,1667329761161517,1667329868999999,False,-0.00498877559858,-0.00417843521062,-0.00447505568003,-0.0027779270112,334.6665,1,1
2022-11-01:ETHUSDT:1667329759:1,2022-11-01,ETHUSDT,EXHAUSTION_REJECT,1667329761161517,1667329876999999,False,-0.00176833875042,-0.00290856186232,-0.00311646460211,-0.00286375610988,334.6665,1,1
2022-11-01:ETHUSDT:1667332035:-1,2022-11-01,ETHUSDT,CASCADE_CONTINUE,1667332037317806,1667332465999999,False,-0.00264921926269,-0.00305977308339,-0.00366882079729,-0.0027779270112,345.081,1,1
2022-11-01:ETHUSDT:1667332035:-1,2022-11-01,ETHUSDT,EXHAUSTION_REJECT,1667332037317806,1667332465999999,False,-0.00527674487584,-0.00417464511346,-0.00384235502745,-0.00286375610988,345.081,1,1
2022-11-01:ETHUSDT:1667334370:-1,2022-11-01,ETHUSDT,CASCADE_CONTINUE,1667334372136782,1667334408999999,False,-0.00520668976802,-0.00371538346247,-0.0040582482764,-0.0027779270112,4460.3925,1,1
2022-11-01:ETHUSDT:1667334370:-1,2022-11-01,ETHUSDT,EXHAUSTION_REJECT,1667334372136782,1667334408999999,False,-0.00184813513228,-0.0032569025808,-0.00323809019237,-0.00286375610988,4460.3925,1,1
2022-11-01:ETHUSDT:1667341209:-1,2022-11-01,ETHUSDT,CASCADE_CONTINUE,1667341211157489,1667341225999999,False,-0.00332957859544,-0.00544784670945,-0.00530933020857,-0.0027779270112,6232.1805,1,1
2022-11-01:ETHUSDT:1667341209:-1,2022-11-01,ETHUSDT,EXHAUSTION_REJECT,1667341211157489,1667341224999999,False,-0.0050294380381,-0.00162760055838,-0.0022904152308,-0.00286375610988,6232.1805,1,1
2022-11-01:ETHUSDT:1667343546:1,2022-11-01,ETHUSDT,CASCADE_CONTINUE,1667343548137334,1667343610999999,False,-0.00531970477458,-0.00355303711772,-0.00364642619473,-0.0027779270112,872.4925,1,1
2022-11-01:ETHUSDT:1667343546:1,2022-11-01,ETHUSDT,EXHAUSTION_REJECT,1667343548137334,1667343610999999,False,-0.00195501309252,-0.00262891700623,-0.00365306224311,-0.00286375610988,872.4925,1,1
2022-11-01:BTCUSDT:1667345686:1,2022-11-01,BTCUSDT,CASCADE_CONTINUE,1667345688147598,1667346055999999,False,-0.00490452274161,-0.00219776209764,-0.00195216700773,-0.0027779270112,61.7805,1,1
2022-11-01:BTCUSDT:1667345686:1,2022-11-01,BTCUSDT,EXHAUSTION_REJECT,1667345688147598,1667346065999999,False,-0.00364659783295,-0.00554766264822,-0.0055603646121,-0.00286375610988,61.7805,1,1
