episode_id,symbol,settlement_currency,side,start_time,start_price,start_qty,start_home_notional,start_foreign_notional,direct_reversal_entry,entry_after_flat_min,end_time,end_price,closed,settlement_closed,fill_count,discretionary_fill_count,add_count,reduce_count,winning_add_count,losing_add_count,flat_add_count,favorable_reduce_count,adverse_reduce_count,flat_reduce_count,maker_fill_count,taker_fill_count,unknown_liquidity_fill_count,maker_add_count,taker_add_count,max_abs_position,max_home_notional_proxy,max_foreign_notional_proxy,gross_realised_pnl_native,exec_comm_native,realised_minus_comm_proxy_native,first_order_type,first_time_in_force,first_exec_inst,reversal_from_episode_id,previous_episode_outcome,previous_episode_pnl_native,duration_min,directional_price_move,episode_outcome,maker_share,winning_add_share
XBTUSD-000001,XBTUSD,XBt,LONG,2020-05-01T09:03:47.360000+00:00,8822.0,1500.0,0.170025,1500.0,False,,2020-05-01T11:47:37.525000+00:00,9024.5,True,False,9,9,6,2,1,2,3,2,0,0,2,7,0,2,4,28998.0,3.28421682,28998.0,0.0,339952.0,-339952.0,Limit,GoodTillCancel,nan,,,,163.83608333333333,0.022953978689639554,FLAT,0.2222222222222222,0.16666666666666666
XBTUSD-000002,XBTUSD,XBt,LONG,2020-05-01T12:34:19.019000+00:00,8825.5,9666.0,1.09525446,9666.0,False,46.69156666666667,2020-05-01T20:06:31.420000+00:00,8721.5,True,False,21,21,17,3,4,13,0,0,3,0,13,8,0,12,5,74992.0,8.538375160000001,74992.0,0.0,513941.0,-513941.0,Limit,GoodTillCancel,nan,,FLAT,0.0,452.2066833333334,-0.011784034898872586,FLAT,0.6190476190476191,0.23529411764705882
XBTUSD-000003,XBTUSD,XBt,LONG,2020-05-01T21:30:33.177000+00:00,8760.0,11080.0,1.2648928,11080.0,False,84.02928333333332,2020-05-02T13:23:41.130000+00:00,8873.5,True,False,14,14,9,4,0,0,9,4,0,0,0,14,0,0,9,35332.0,4.0335011199999995,35332.0,0.0,541036.0,-541036.0,Limit,GoodTillCancel,nan,,FLAT,0.0,953.13255,0.012956621004566182,FLAT,0.0,0.0
XBTUSD-000004,XBTUSD,XBt,LONG,2020-05-02T18:08:49.639000+00:00,8836.0,4513.0,0.51073621,4513.0,False,285.1418166666666,2020-05-03T06:07:39.930000+00:00,9076.5,True,False,20,20,8,11,0,6,2,11,0,0,9,11,0,8,0,42996.0,4.8745032,42996.0,0.0,210063.0,-210063.0,Limit,GoodTillCancel,nan,,FLAT,0.0,718.8381833333333,0.02721819827976457,FLAT,0.45,0.0
XBTUSD-000005,XBTUSD,XBt,LONG,2020-05-03T07:14:36.775000+00:00,9030.5,5666.0,0.62745284,5666.0,False,66.94741666666667,2020-05-03T15:44:36.130000+00:00,8811.0,True,False,40,40,16,23,0,16,0,0,23,0,15,25,0,15,1,103324.0,11.65629048,103324.0,0.0,642393.0,-642393.0,Limit,GoodTillCancel,nan,,FLAT,0.0,509.98924999999997,-0.024306516804163625,FLAT,0.375,0.0
XBTUSD-000006,XBTUSD,XBt,LONG,2020-05-03T15:49:59.145000+00:00,8788.0,4666.0,0.53094414,4666.0,False,5.383583333333333,2020-05-05T09:25:24.095000+00:00,9017.0,True,False,8,8,3,4,0,3,0,4,0,0,4,4,0,3,0,29108.0,3.35758286,29108.0,0.0,142350.0,-142350.0,Limit,GoodTillCancel,nan,,FLAT,0.0,2495.4158333333335,0.026058261265361926,FLAT,0.5,0.0
XBTUSD-000007,XBTUSD,XBt,LONG,2020-05-05T10:00:31.359000+00:00,8973.5,4666.0,0.51997904,4666.0,False,35.12106666666667,2020-05-07T06:52:04.130000+00:00,9272.0,True,False,21,21,8,12,0,8,0,12,0,0,9,12,0,8,0,51328.0,5.7957258000000005,51328.0,0.0,243253.0,-243253.0,Limit,GoodTillCancel,nan,,FLAT,0.0,2691.5461833333334,0.033264612470050636,FLAT,0.42857142857142855,0.0
XBTUSD-000008,XBTUSD,XBt,LONG,2020-05-10T03:10:26.812000+00:00,8553.0,5444.0,0.63651248,5444.0,False,4098.378033333333,2020-05-10T08:01:24.164000+00:00,8784.0,True,False,23,23,13,9,5,8,0,9,0,0,7,16,0,7,6,87363.0,10.30094287,87363.0,0.0,918392.0,-918392.0,Limit,GoodTillCancel,nan,,FLAT,0.0,290.9558666666666,0.02700806734479122,FLAT,0.30434782608695654,0.38461538461538464
XBTUSD-000009,XBTUSD,XBt,SHORT,2020-05-10T08:20:27.874000+00:00,8849.5,3804.0,0.429852,3804.0,False,19.061833333333333,2020-05-10T09:59:47.298000+00:00,8758.0,True,False,3,3,0,2,0,0,0,2,0,0,2,1,0,0,0,3804.0,0.429852,3804.0,0.0,19243.0,-19243.0,Limit,GoodTillCancel,nan,,FLAT,0.0,99.32373333333334,0.010339567207186873,FLAT,0.6666666666666666,
XBTUSD-000010,XBTUSD,XBt,LONG,2020-05-10T09:59:49.340000+00:00,8733.0,3804.0,0.43559604,3804.0,False,0.03403333333333333,2020-05-11T18:17:00.254000+00:00,8286.0,True,False,91,91,63,27,42,21,0,7,20,0,49,42,0,44,19,136288.0,24.8764159,215516.0,0.0,1332611.0,-1332611.0,Limit,GoodTillCancel,nan,,FLAT,0.0,1937.1819,-0.05118515973892135,FLAT,0.5384615384615384,0.6666666666666666
XBTUSD-000011,XBTUSD,XBt,SHORT,2020-05-11T18:31:33.729000+00:00,8468.5,15990.0,1.8880992,15990.0,False,14.557916666666667,2020-05-11T18:36:51.573000+00:00,8403.0,True,False,92,92,33,58,5,22,6,58,0,0,0,92,0,0,33,444444.0,52.4805638,444444.0,0.0,7112521.0,-7112521.0,Limit,GoodTillCancel,nan,,FLAT,0.0,5.2974,0.007734545669244808,FLAT,0.0,0.15151515151515152
XBTUSD-000012,XBTUSD,XBt,SHORT,2020-05-21T12:35:54.239000+00:00,9351.5,804.0,0.08597172,804.0,False,14039.044433333333,2020-05-21T18:06:04.304000+00:00,8912.5,True,False,21,21,9,11,2,0,7,11,0,0,4,17,0,0,9,64552.0,6.90334088,64552.0,0.0,730624.0,-730624.0,Market,ImmediateOrCancel,nan,,FLAT,0.0,330.16774999999996,0.04694434048013685,FLAT,0.19047619047619047,0.2222222222222222
XBTUSD-000013,XBTUSD,XBt,LONG,2020-05-21T18:57:25.876000+00:00,8811.0,8555.0,0.97090695,8555.0,False,51.35953333333334,2020-05-22T16:16:02.606000+00:00,9193.0,True,False,2,2,0,1,0,0,0,1,0,0,1,1,0,0,0,8555.0,0.97090695,8555.0,0.0,40971.0,-40971.0,Limit,GoodTillCancel,nan,,FLAT,0.0,1278.6121666666666,0.04335489728748154,FLAT,0.5,
XBTUSD-000014,XBTUSD,XBt,LONG,2020-05-22T19:47:09.265000+00:00,9143.0,5555.0,0.60755035,5555.0,False,211.11098333333334,2020-05-28T13:31:27.719000+00:00,9406.5,True,False,89,89,37,51,0,37,0,21,30,0,51,38,0,37,0,171875.0,21.652684500000003,191540.0,0.0,2202.0,-2202.0,Limit,GoodTillCancel,nan,,FLAT,0.0,8264.307566666666,0.028819862189653378,FLAT,0.5730337078651685,0.0
XBTUSD-000015,XBTUSD,XBt,LONG,2020-05-30T20:47:31.426000+00:00,9417.5,5555.0,0.58988545,5555.0,False,3316.061783333333,2020-06-04T18:22:10.007000+00:00,9850.5,True,False,96,96,37,58,14,23,0,58,0,0,63,33,0,35,2,242765.0,37.46651305,348095.0,0.0,1095831.0,-1095831.0,Limit,GoodTillCancel,nan,,FLAT,0.0,7054.643016666667,0.04597823201486584,FLAT,0.65625,0.3783783783783784
XBTUSD-000016,XBTUSD,XBt,LONG,2020-06-05T20:57:31.356000+00:00,9697.0,7555.0,0.7790716,7555.0,False,1595.3558166666667,2020-06-11T15:15:41.435000+00:00,9503.0,True,False,67,67,30,36,9,21,0,25,11,0,41,26,0,25,5,172880.0,23.20262707,220921.0,0.0,437856.0,-437856.0,Limit,GoodTillCancel,nan,,FLAT,0.0,8298.167983333335,-0.020006187480664073,FLAT,0.6119402985074627,0.3
XBTUSD-000017,XBTUSD,XBt,LONG,2020-06-11T16:00:49.415000+00:00,9477.0,6555.0,0.6916836,6555.0,False,45.133,2020-06-11T18:01:35.905000+00:00,9344.0,True,False,10,10,8,1,0,8,0,1,0,0,9,1,0,8,0,54197.0,5.86955199,54197.0,0.0,259450.0,-259450.0,Limit,GoodTillCancel,nan,,FLAT,0.0,120.77483333333333,-0.014033976996939979,FLAT,0.9,0.0
XBTUSD-000018,XBTUSD,XBt,LONG,2020-06-11T19:23:54.379000+00:00,9277.0,6555.0,0.70656345,6555.0,False,82.3079,2020-06-12T14:50:32.694000+00:00,9453.0,True,False,4,4,2,1,0,2,0,1,0,0,3,1,0,2,0,19665.0,2.12545875,19665.0,0.0,92603.0,-92603.0,Limit,GoodTillCancel,nan,,FLAT,0.0,1166.6385833333334,0.01897165031799064,FLAT,0.75,0.0
XBTUSD-000019,XBTUSD,XBt,SHORT,2020-06-14T06:41:47.368000+00:00,9413.0,4000.0,0.42496,4000.0,False,2391.2445666666667,2020-06-14T11:15:13.716000+00:00,9430.0,True,False,67,67,46,20,10,0,36,0,20,0,0,67,0,0,46,257665.0,27.386534,257665.0,0.0,3692851.0,-3692851.0,Limit,GoodTillCancel,nan,,FLAT,0.0,273.43913333333336,-0.0018060129607988529,FLAT,0.0,0.21739130434782608
XBTUSD-000020,XBTUSD,XBt,SHORT,2020-06-14T13:13:12.776000+00:00,9371.0,24441.0,2.60809911,24441.0,False,117.98433333333334,2020-06-14T16:45:47.874000+00:00,9397.0,True,False,11,11,4,6,0,0,4,0,6,0,0,11,0,0,4,152555.0,16.279144050000003,152555.0,0.0,2194692.0,-2194692.0,Market,ImmediateOrCancel,nan,,FLAT,0.0,212.58496666666667,-0.0027745171273076963,FLAT,0.0,0.0
XBTUSD-000021,XBTUSD,XBt,SHORT,2020-06-14T18:17:17.443000+00:00,9364.5,4257.0,0.45460503,4257.0,False,91.49281666666667,2020-06-15T20:54:23.606000+00:00,9517.5,True,False,103,103,85,17,3,4,78,16,1,0,23,80,0,7,78,152555.0,29.8925671,279440.0,0.0,1388413.0,-1388413.0,Limit,GoodTillCancel,nan,,FLAT,0.0,1597.1027166666668,-0.016338298894762238,FLAT,0.22330097087378642,0.03529411764705882
XBTUSD-000022,XBTUSD,XBt,LONG,2020-06-15T22:35:23.634000+00:00,9424.0,9666.0,1.02565926,9666.0,False,101.00046666666667,2020-06-19T02:11:47.049000+00:00,9294.0,True,False,21,21,10,10,0,10,0,0,10,0,11,10,0,10,0,68330.0,7.337429440000001,68330.0,0.0,331188.0,-331188.0,Limit,GoodTillCancel,nan,,FLAT,0.0,4536.3902499999995,-0.013794567062818341,FLAT,0.5238095238095238,0.0
XBTUSD-000023,XBTUSD,XBt,LONG,2020-06-20T11:15:45.218000+00:00,9211.5,12222.0,1.32682032,12222.0,False,1983.9694833333333,2020-06-25T03:12:47.645000+00:00,9082.7,True,False,147,147,65,81,43,22,0,36,45,0,43,104,0,13,52,729654.0,107.19008941999998,1010880.0,0.0,8352539.0,-8352539.0,Limit,GoodTillCancel,nan,,FLAT,0.0,6717.04045,-0.013982521847690332,FLAT,0.2925170068027211,0.6615384615384615
XBTUSD-000024,XBTUSD,XBt,LONG,2020-06-25T06:45:45.804000+00:00,9175.0,19666.0,2.14339734,19666.0,False,212.96931666666666,2020-06-27T02:49:35.617000+00:00,9111.0,True,False,31,31,22,8,0,22,0,0,8,0,22,9,0,22,0,88664.0,9.705724900000003,88664.0,0.0,631429.0,-631429.0,Limit,GoodTillCancel,nan,,FLAT,0.0,2643.8302166666667,-0.006975476839237049,FLAT,0.7096774193548387,0.0
XBTUSD-000025,XBTUSD,XBt,SHORT,2020-06-28T02:14:03.502000+00:00,8945.0,5.0,0.00055895,5.0,False,1404.4647499999999,2020-06-28T06:37:44.228000+00:00,8990.5,True,False,96,96,86,9,72,4,10,0,9,0,0,96,0,0,86,133262.0,14.903377920000004,133262.0,0.0,2006458.0,-2006458.0,Limit,GoodTillCancel,nan,,FLAT,0.0,263.67876666666666,-0.005086640581330348,FLAT,0.0,0.8372093023255814
XBTUSD-000026,XBTUSD,XBt,LONG,2020-06-28T06:38:12.075000+00:00,8990.5,496.0,0.05517008,496.0,False,0.4641166666666667,2020-07-02T16:32:26.838000+00:00,9029.0,True,False,71,71,20,50,4,7,9,50,0,0,49,22,0,10,10,309693.0,46.888844299999995,422730.0,0.0,2656825.520306667,-2656825.520306667,Market,ImmediateOrCancel,nan,,FLAT,0.0,6354.24605,0.0042822979812022766,FLAT,0.6901408450704225,0.2
XBTUSD-000027,XBTUSD,XBt,SHORT,2020-07-02T16:32:26.838000+00:00,9029.0,55687.0,6.167335250000001,55687.0,True,0.0,2020-07-02T18:35:17.608000+00:00,9065.0,True,False,16,16,1,14,0,0,1,0,14,0,0,16,0,0,1,74358.0,8.235148500000001,74358.0,0.0,1109530.4796933334,-1109530.4796933334,Limit,GoodTillCancel,nan,XBTUSD-000026,FLAT,0.0,122.84616666666668,-0.0039871525085835025,FLAT,0.0,0.0
XBTUSD-000028,XBTUSD,XBt,SHORT,2020-07-02T20:16:24.348000+00:00,9039.0,9095.0,1.00617985,9095.0,False,101.11233333333332,2020-07-06T06:12:59.509000+00:00,9140.0,True,False,98,98,37,60,17,17,3,0,60,0,17,81,0,17,20,190167.0,20.86011046,190167.0,0.0,1293710.0,-1293710.0,Limit,GoodTillCancel,nan,,FLAT,0.0,4916.586016666667,-0.011173802411771128,FLAT,0.17346938775510204,0.4594594594594595
XBTUSD-000029,XBTUSD,XBt,LONG,2020-07-06T06:14:49.596000+00:00,9149.5,142156.0,15.5376508,142156.0,False,1.8347833333333334,2020-07-07T05:37:52.485000+00:00,9285.0,True,False,42,42,13,28,0,11,2,28,0,0,0,42,0,0,13,229998.0,25.1387814,229998.0,0.0,3363229.0,-3363229.0,Limit,GoodTillCancel,nan,,FLAT,0.0,1403.0481499999999,0.014809552434559281,FLAT,0.0,0.0
XBTUSD-000030,XBTUSD,XBt,LONG,2020-07-07T06:15:27.441000+00:00,9260.0,16666.0,1.79976134,16666.0,False,37.5826,2020-07-07T19:05:17.230000+00:00,9266.5,True,False,10,10,2,7,0,2,0,7,0,0,3,7,0,2,0,49998.0,5.40661706,49998.0,0.0,242565.0,-242565.0,Limit,GoodTillCancel,nan,,FLAT,0.0,769.8298166666666,0.0007019438444924031,FLAT,0.3,0.0
XBTUSD-000031,XBTUSD,XBt,LONG,2020-07-07T20:03:17.010000+00:00,9222.5,16666.0,1.80709438,16666.0,False,57.99633333333334,2020-07-09T15:20:47.762000+00:00,9224.5,True,False,75,75,56,18,55,1,0,7,11,0,2,73,0,1,55,323326.0,34.80880996000001,323326.0,0.0,4374555.0,-4374555.0,Limit,GoodTillCancel,nan,,FLAT,0.0,2597.5125333333335,0.00021686093792361305,FLAT,0.02666666666666667,0.9821428571428571
XBTUSD-000032,XBTUSD,XBt,LONG,2020-07-10T16:36:38.652000+00:00,9215.0,58.0,0.00629416,58.0,False,1515.8481666666667,2020-07-14T04:26:21.134000+00:00,9164.5,True,False,72,72,52,19,19,9,24,0,19,0,14,58,0,14,38,247797.0,33.51677725000001,310013.0,0.0,4110525.0,-4110525.0,Market,ImmediateOrCancel,nan,,FLAT,0.0,5029.708033333333,-0.005480195333695037,FLAT,0.19444444444444445,0.36538461538461536
XBTUSD-000033,XBTUSD,XBt,LONG,2020-07-14T17:05:36.889000+00:00,9228.0,100.0,0.010837,100.0,False,759.2625833333333,2020-07-15T02:24:15.627000+00:00,9245.0,True,False,26,26,13,12,0,0,13,12,0,0,0,26,0,0,13,122221.0,13.245089770000002,122221.0,0.0,1786425.0,-1786425.0,Limit,GoodTillCancel,nan,,FLAT,0.0,558.6456333333333,0.0018422193324663105,FLAT,0.0,0.0
XBTUSD-000034,XBTUSD,XBt,LONG,2020-07-15T08:22:32.866000+00:00,9214.5,8333.0,0.90429716,8333.0,False,358.2873166666667,2020-07-16T06:53:12.668000+00:00,9151.5,True,False,7,7,5,1,0,5,0,0,1,0,6,1,0,5,0,41665.0,4.5339853,41665.0,0.0,205298.0,-205298.0,Limit,GoodTillCancel,nan,,FLAT,0.0,1350.6633666666667,-0.006837050301155778,FLAT,0.8571428571428571,0.0
XBTUSD-000035,XBTUSD,XBt,SHORT,2020-07-16T07:11:35.663000+00:00,9141.0,5000.0,0.547,5000.0,False,18.383249999999997,2020-07-18T13:36:15.554000+00:00,9170.0,True,False,68,68,24,43,14,1,9,0,43,0,1,67,0,1,23,319996.0,35.03836184,319996.0,0.0,4360052.0,-4360052.0,Limit,GoodTillCancel,nan,,FLAT,0.0,3264.66485,-0.0031725194180067806,FLAT,0.014705882352941176,0.5833333333333334
XBTUSD-000036,XBTUSD,XBt,SHORT,2020-07-18T16:44:20.193000+00:00,9169.0,16666.0,1.81759396,16666.0,False,188.07731666666666,2020-07-20T05:54:22.395000+00:00,9187.5,True,False,15,15,13,1,0,13,0,1,0,0,13,2,0,13,0,56328.0,6.1222807999999995,56328.0,0.0,276080.0,-276080.0,Limit,GoodTillCancel,nan,,FLAT,0.0,2230.0366999999997,-0.002017668229905123,FLAT,0.8666666666666667,0.0
XBTUSD-000037,XBTUSD,XBt,SHORT,2020-07-20T19:49:26.455000+00:00,9153.5,6666.0,0.7282605,6666.0,False,835.0676666666666,2020-07-21T10:29:16.624000+00:00,9337.5,True,False,4,4,0,3,0,0,0,0,3,0,0,4,0,0,0,6666.0,0.7282605,6666.0,0.0,97345.0,-97345.0,Limit,GoodTillCancel,nan,,FLAT,0.0,879.83615,-0.02010160048069043,FLAT,0.0,
XBTUSD-000038,XBTUSD,XBt,LONG,2020-07-21T10:29:22.503000+00:00,9337.5,6666.0,0.7139286,6666.0,False,0.09798333333333333,2020-07-27T03:39:51.463000+00:00,10200.0,True,False,35,35,23,11,15,7,1,11,0,0,16,19,0,16,7,86322.0,12.799090379999999,122988.0,0.0,789504.0,-789504.0,Market,ImmediateOrCancel,nan,,FLAT,0.0,8230.482666666667,0.09236947791164662,FLAT,0.45714285714285713,0.6521739130434783
XBTUSD-000039,XBTUSD,XBt,LONG,2020-07-27T04:04:36.394000+00:00,10251.5,6666.0,0.6502683,6666.0,False,24.74885,2020-07-27T06:21:54.032000+00:00,10276.0,True,False,3,3,1,1,0,1,0,1,0,0,2,1,0,1,0,17999.0,1.75999566,17999.0,0.0,78626.0,-78626.0,Limit,GoodTillCancel,nan,,FLAT,0.0,137.29396666666668,0.0023898941618298863,FLAT,0.6666666666666666,0.0
XBTUSD-000040,XBTUSD,XBt,LONG,2020-07-27T07:59:53.689000+00:00,10179.0,11333.0,1.11335392,11333.0,False,97.99428333333334,2020-07-27T11:09:17.243000+00:00,10315.5,True,False,13,13,2,10,0,2,0,10,0,0,3,10,0,2,0,29332.0,2.88599545,29332.0,0.0,126993.0,-126993.0,Limit,GoodTillCancel,nan,,FLAT,0.0,189.39256666666668,0.013409961685823646,FLAT,0.23076923076923078,0.0
XBTUSD-000041,XBTUSD,XBt,LONG,2020-07-27T11:11:09.033000+00:00,10276.5,3666.0,0.35673846,3666.0,False,1.8631666666666669,2020-07-27T14:46:12.052000+00:00,10351.0,True,False,7,7,4,2,0,4,0,2,0,0,4,3,0,4,0,20332.0,1.98450668,20332.0,0.0,120044.0,-120044.0,Limit,GoodTillCancel,nan,,FLAT,0.0,215.05031666666667,0.007249549944047029,FLAT,0.5714285714285714,0.0
XBTUSD-000042,XBTUSD,XBt,LONG,2020-07-27T16:29:22.623000+00:00,10435.0,13666.0,1.30961278,13666.0,False,103.17618333333333,2020-07-27T19:37:16.714000+00:00,10778.0,True,False,2,2,0,1,0,0,0,1,0,0,0,2,0,0,0,13666.0,1.30961278,13666.0,0.0,173983.0,-173983.0,Limit,GoodTillCancel,nan,,FLAT,0.0,187.90151666666668,0.032870148538572064,FLAT,0.0,
XBTUSD-000043,XBTUSD,XBt,LONG,2020-07-28T10:12:40.233000+00:00,10681.0,9666.0,0.90493092,9666.0,False,875.3919833333333,2020-07-29T17:16:40.057000+00:00,11250.5,True,False,21,21,5,15,4,1,0,15,0,0,5,16,0,4,1,28997.0,2.69401016,28997.0,0.0,143416.0,-143416.0,Limit,GoodTillCancel,nan,,FLAT,0.0,1863.9970666666666,0.0533189776238181,FLAT,0.23809523809523808,0.8
XBTUSD-000044,XBTUSD,XBt,LONG,2020-07-29T17:36:55.816000+00:00,11212.5,3666.0,0.32697054,3666.0,False,20.26265,2020-08-01T07:23:13.111000+00:00,11627.5,True,False,30,30,22,7,5,16,1,4,3,0,18,12,0,17,5,54990.0,6.975188220000001,76986.0,0.0,388125.0,-388125.0,Limit,GoodTillCancel,nan,,FLAT,0.0,3706.28825,0.03701226309921957,FLAT,0.6,0.22727272727272727
XBTUSD-000045,XBTUSD,XBt,LONG,2020-08-02T04:39:08.114000+00:00,10947.0,3666.0,0.3348891,3666.0,False,1275.9167166666666,2020-08-03T16:56:22.981000+00:00,11373.5,True,False,50,50,31,18,17,14,0,18,0,0,33,17,0,27,4,85186.0,12.532700069999999,137250.0,0.0,598433.0,-598433.0,Limit,GoodTillCancel,nan,,FLAT,0.0,2177.2477833333332,0.03896044578423319,FLAT,0.66,0.5483870967741935
XBTUSD-000046,XBTUSD,XBt,LONG,2020-08-03T21:59:23.805000+00:00,11166.0,5533.0,0.49553548,5533.0,False,303.01373333333333,2020-08-05T13:31:17.498000+00:00,11613.5,True,False,10,10,5,4,0,5,0,3,1,0,6,4,0,5,0,22132.0,2.9975580799999997,33198.0,0.0,128885.0,-128885.0,Limit,GoodTillCancel,nan,,FLAT,0.0,2371.8948833333334,0.04007701952355358,FLAT,0.6,0.0
XBTUSD-000047,XBTUSD,XBt,SHORT,2020-08-07T09:30:32.273000+00:00,11825.5,22222.0,1.87909232,22222.0,False,2639.2462499999997,2020-08-07T14:39:19.943000+00:00,11600.5,True,False,4,4,1,2,1,0,0,2,0,0,0,4,0,0,1,27777.0,2.34915642,27777.0,0.0,320186.0,-320186.0,Limit,GoodTillCancel,nan,,FLAT,0.0,308.79449999999997,0.019026679632996535,FLAT,0.0,1.0
XBTUSD-000048,XBTUSD,XBt,LONG,2020-08-07T17:32:49.387000+00:00,11481.5,5555.0,0.4838405,5555.0,False,173.49073333333334,2020-08-07T20:22:11.941000+00:00,11567.0,True,False,34,34,6,27,0,6,0,27,0,0,7,27,0,6,0,38841.0,3.40267334,38841.0,0.0,150817.0,-150817.0,Limit,GoodTillCancel,nan,,FLAT,0.0,169.3759,0.007446762182641731,FLAT,0.20588235294117646,0.0
XBTUSD-000049,XBTUSD,XBt,SHORT,2020-08-07T22:22:53.037000+00:00,11623.5,154.0,0.01324862,154.0,False,120.68493333333332,2020-08-08T16:29:12.767000+00:00,11641.0,True,False,39,39,18,20,1,14,3,17,3,0,24,15,0,7,11,103552.0,8.844188789999999,103552.0,0.0,534329.656316297,-534329.656316297,Limit,GoodTillCancel,nan,,FLAT,0.0,1086.3288333333335,-0.001505570611261664,FLAT,0.6153846153846154,0.05555555555555555
XBTUSD-000050,XBTUSD,XBt,LONG,2020-08-08T16:29:12.767000+00:00,11641.0,14223.0,1.2217557000000001,14223.0,True,0.0,2020-08-09T05:41:08.223000+00:00,11686.0,True,False,9,9,1,7,0,1,0,7,0,0,2,7,0,1,0,29778.0,2.5594857,29778.0,0.0,114405.34368370299,-114405.34368370299,Limit,GoodTillCancel,nan,XBTUSD-000049,FLAT,0.0,791.9242666666667,0.003865647281161344,FLAT,0.2222222222222222,0.0
XBTUSD-000051,XBTUSD,XBt,SHORT,2020-08-09T12:45:25.669000+00:00,11643.0,5333.0,0.45805137,5333.0,False,424.2907666666667,2020-08-09T22:30:45.604000+00:00,11696.0,True,False,63,63,22,40,17,1,4,0,40,0,0,63,0,0,22,47997.0,4.12582212,47997.0,0.0,555464.0,-555464.0,Market,ImmediateOrCancel,nan,,FLAT,0.0,585.3322499999999,-0.004552091385381818,FLAT,0.0,0.7727272727272727
XBTUSD-000052,XBTUSD,XBt,LONG,2020-08-09T22:31:03.411000+00:00,11697.0,15333.0,1.31081817,15333.0,False,0.2967833333333333,2020-08-10T14:37:02.277000+00:00,11957.5,True,False,48,48,35,12,8,27,0,5,7,0,31,17,0,31,4,218429.0,18.701934249999997,218429.0,0.0,1104223.0,-1104223.0,Market,ImmediateOrCancel,nan,,FLAT,0.0,965.9811000000001,0.0222706676925708,FLAT,0.6458333333333334,0.22857142857142856
XBTUSD-000053,XBTUSD,XBt,SHORT,2020-08-11T06:34:34.625000+00:00,11736.0,34689.0,2.95584969,34689.0,False,957.5391333333333,2020-08-12T03:22:14.782000+00:00,11301.5,True,False,29,29,5,23,2,0,3,23,0,0,19,10,0,0,5,166665.0,14.206524599999998,166665.0,0.0,1070591.6257425742,-1070591.6257425742,Market,ImmediateOrCancel,nan,,FLAT,0.0,1247.6692833333334,0.03702283571915477,FLAT,0.6551724137931034,0.4
XBTUSD-000054,XBTUSD,XBt,LONG,2020-08-12T03:22:14.782000+00:00,11301.5,2259.0,0.19987632,2259.0,True,0.0,2020-08-12T18:04:19.199000+00:00,11530.0,True,False,4,4,2,1,1,1,0,1,0,0,1,3,0,1,1,16347.0,1.45284765,16347.0,0.0,124564.37425742575,-124564.37425742575,Market,ImmediateOrCancel,nan,XBTUSD-000053,FLAT,0.0,882.0736166666667,0.020218555059063004,FLAT,0.25,0.5
XBTUSD-000055,XBTUSD,XBt,LONG,2020-08-13T08:27:59.919000+00:00,11467.5,5555.0,0.484396,5555.0,False,863.6786666666667,2020-08-14T14:16:12.350000+00:00,11676.5,True,False,25,25,9,15,2,7,0,15,0,0,9,16,0,8,1,55550.0,4.8622914999999995,55550.0,0.0,254649.0,-254649.0,Limit,GoodTillCancel,nan,,FLAT,0.0,1788.2071833333332,0.018225419664268605,FLAT,0.36,0.2222222222222222
XBTUSD-000056,XBTUSD,XBt,LONG,2020-08-14T16:28:11.305000+00:00,11859.5,5555.0,0.4683976,5555.0,False,131.98258333333334,2020-08-15T08:43:00.796000+00:00,11865.0,True,False,25,25,18,6,7,11,0,6,0,0,11,14,0,11,7,49995.0,4.237965050000001,49995.0,0.0,315654.0,-315654.0,Market,ImmediateOrCancel,nan,,FLAT,0.0,974.8248500000001,0.0004637632277919579,FLAT,0.44,0.3888888888888889
XBTUSD-000057,XBTUSD,XBt,LONG,2020-08-15T12:22:23.180000+00:00,11696.5,5555.0,0.4749525,5555.0,False,219.37306666666666,2020-08-17T04:28:06.081000+00:00,11837.0,True,False,16,16,14,1,14,0,0,0,1,0,1,15,0,0,14,32220.0,2.7187566,32220.0,0.0,324495.0,-324495.0,Limit,GoodTillCancel,nan,,FLAT,0.0,2405.715016666667,0.012012140383875547,FLAT,0.0625,1.0
XBTUSD-000058,XBTUSD,XBt,LONG,2020-08-17T10:23:21.207000+00:00,11912.5,15555.0,1.30584225,15555.0,False,355.2521,2020-08-17T17:24:40.814000+00:00,12426.5,True,False,32,32,8,23,0,8,0,23,0,0,8,24,0,8,0,59995.0,5.0930746,59995.0,0.0,328799.0,-328799.0,Market,ImmediateOrCancel,nan,,FLAT,0.0,421.3267833333333,0.04314795383001058,FLAT,0.25,0.0
XBTUSD-000059,XBTUSD,XBt,SHORT,2020-08-17T18:53:38.701000+00:00,12329.5,12548.0,1.01776828,12548.0,False,88.96478333333333,2020-08-19T11:11:41.286000+00:00,11807.0,True,False,4,4,0,3,0,0,0,3,0,0,1,3,0,0,0,12548.0,1.01776828,12548.0,0.0,97911.0,-97911.0,Market,ImmediateOrCancel,nan,,FLAT,0.0,2418.043083333333,0.04237803641672411,FLAT,0.25,
XBTUSD-000060,XBTUSD,XBt,LONG,2020-08-19T20:20:39.670000+00:00,11575.5,5555.0,0.47989645,5555.0,False,548.9730666666667,2020-08-21T08:50:58.192000+00:00,11816.5,True,False,4,4,1,2,0,1,0,2,0,0,2,2,0,1,0,11110.0,0.9605150499999999,11110.0,0.0,41711.0,-41711.0,Limit,GoodTillCancel,nan,,FLAT,0.0,2190.3087,0.020819834996328446,FLAT,0.5,0.0
XBTUSD-000061,XBTUSD,XBt,SHORT,2020-08-21T10:05:28.197000+00:00,11789.0,6666.0,0.56541012,6666.0,False,74.50008333333334,2020-08-25T16:59:14.734000+00:00,11296.0,True,False,61,61,31,29,18,7,6,29,0,0,36,25,0,18,13,100545.0,13.707506039999997,160651.0,0.0,506838.8667866787,-506838.8667866787,Market,ImmediateOrCancel,nan,,FLAT,0.0,6173.775616666667,0.041818644499109325,FLAT,0.5901639344262295,0.5806451612903226
XBTUSD-000062,XBTUSD,XBt,LONG,2020-08-25T16:59:14.734000+00:00,11296.0,1004.0,0.08888412,1004.0,True,0.0,2020-08-26T16:28:56.440000+00:00,11524.5,True,False,34,34,11,22,2,9,0,22,0,0,23,11,0,9,2,88199.0,7.880437390000001,88199.0,0.0,-35155.49734267676,35155.49734267676,Limit,GoodTillCancel,nan,XBTUSD-000061,FLAT,0.0,1409.6951000000001,0.0202283994334278,FLAT,0.6764705882352942,0.18181818181818182
XBTUSD-000063,XBTUSD,XBt,SHORT,2020-08-26T16:28:56.440000+00:00,11524.5,3068.0,0.26621036,3068.0,True,0.0,2020-08-27T14:10:07.390000+00:00,11206.5,True,False,11,11,3,7,0,2,1,7,0,0,11,0,0,3,0,19789.0,1.7156349899999999,19789.0,0.0,-78078.44198194754,78078.44198194754,Limit,GoodTillCancel,nan,XBTUSD-000062,FLAT,0.0,1301.1825,0.027593387999479413,FLAT,1.0,0.0
XBTUSD-000064,XBTUSD,XBt,LONG,2020-08-27T14:10:07.390000+00:00,11206.5,4207.0,0.37539060999999996,4207.0,True,0.0,2020-08-30T04:40:20.590000+00:00,11592.5,True,False,48,48,31,16,11,20,0,9,7,0,24,24,0,23,8,96529.0,15.277435170000008,172187.0,0.0,1106074.0725379456,-1106074.0725379456,Limit,GoodTillCancel,nan,XBTUSD-000063,FLAT,0.0,3750.2200000000003,0.0344442957212332,FLAT,0.5,0.3548387096774194
XBTUSD-000065,XBTUSD,XBt,LONG,2020-08-30T08:53:07.559000+00:00,11560.0,4666.0,0.40365566,4666.0,False,252.78281666666666,2020-08-31T08:19:26.320000+00:00,11607.0,True,False,96,96,24,71,21,3,0,0,71,0,7,89,0,6,18,122436.0,11.92935431,139102.0,0.0,1363523.0,-1363523.0,Limit,GoodTillCancel,nan,,FLAT,0.0,1406.3126833333333,0.004065743944636768,FLAT,0.07291666666666667,0.875
XBTUSD-000066,XBTUSD,XBt,LONG,2020-08-31T11:20:51.550000+00:00,11658.5,3666.0,0.31443282,3666.0,False,181.4205,2020-09-03T11:23:27.373000+00:00,11218.5,True,False,192,192,129,62,16,113,0,0,62,0,41,151,0,41,88,510302.0,47.01714664999997,537634.0,0.0,4434418.0,-4434418.0,Limit,GoodTillCancel,nan,,FLAT,0.0,4322.59705,-0.037740704207230746,FLAT,0.21354166666666666,0.12403100775193798
XBTUSD-000067,XBTUSD,XBt,LONG,2020-09-03T19:57:02.692000+00:00,10693.5,3666.0,0.34280766,3666.0,False,513.58865,2020-09-04T06:40:43.064000+00:00,10283.5,True,False,37,37,34,2,0,34,0,0,2,0,34,3,0,34,0,242850.0,23.49948342,242850.0,0.0,1096122.0,-1096122.0,Market,ImmediateOrCancel,nan,,FLAT,0.0,643.6728666666667,-0.03834104830036933,FLAT,0.918918918918919,0.0
XBTUSD-000068,XBTUSD,XBt,LONG,2020-09-04T07:06:54.474000+00:00,10227.0,3717.0,0.36344826,3717.0,False,26.190166666666666,2020-09-04T10:08:13.317000+00:00,10495.5,True,False,21,21,6,14,0,5,1,14,0,0,5,16,0,5,1,32796.0,3.22012992,32796.0,0.0,186536.0,-186536.0,Limit,GoodTillCancel,nan,,FLAT,0.0,181.31405,0.026254033440891833,FLAT,0.23809523809523808,0.0
XBTUSD-000069,XBTUSD,XBt,LONG,2020-09-04T14:51:02.611000+00:00,10101.5,5466.0,0.541134,5466.0,False,282.8215666666667,2020-09-04T16:04:47.580000+00:00,10376.0,True,False,48,48,11,36,0,11,0,36,0,0,12,36,0,11,0,96194.0,9.63374272,96194.0,0.0,409007.0,-409007.0,Limit,GoodTillCancel,nan,,FLAT,0.0,73.74948333333333,0.02717418205217048,FLAT,0.25,0.0
XBTUSD-000070,XBTUSD,XBt,LONG,2020-09-04T18:25:15.745000+00:00,10358.0,5999.0,0.57914346,5999.0,False,140.4694166666667,2020-09-05T13:24:13.184000+00:00,10163.0,True,False,10,10,7,2,0,7,0,0,2,0,8,2,0,7,0,43992.0,4.31596598,43992.0,0.0,195089.0,-195089.0,Limit,GoodTillCancel,nan,,FLAT,0.0,1138.9573166666667,-0.018826028190770394,FLAT,0.8,0.0
XBTUSD-000071,XBTUSD,XBt,LONG,2020-09-05T18:53:31.003000+00:00,9967.0,6999.0,0.70220967,6999.0,False,329.29698333333334,2020-09-06T12:27:33.633000+00:00,10267.0,True,False,21,21,7,13,1,6,0,13,0,0,7,14,0,6,1,76993.0,7.90738285,78143.0,0.0,355151.0,-355151.0,Limit,GoodTillCancel,nan,,FLAT,0.0,1054.0438333333334,0.030099327781679452,FLAT,0.3333333333333333,0.14285714285714285
XBTUSD-000072,XBTUSD,XBt,LONG,2020-09-06T14:44:50.876000+00:00,10175.0,3999.0,0.39302172,3999.0,False,137.28738333333334,2020-09-07T10:19:51.089000+00:00,10100.0,True,False,10,10,8,1,0,8,0,0,1,0,9,1,0,8,0,31992.0,3.1636488899999997,31992.0,0.0,142631.0,-142631.0,Limit,GoodTillCancel,nan,,FLAT,0.0,1175.0035500000001,-0.0073710073710073765,FLAT,0.9,0.0
XBTUSD-000073,XBTUSD,XBt,LONG,2020-09-07T11:05:06.352000+00:00,10120.0,2999.0,0.29633119,2999.0,False,45.25438333333333,2020-09-07T11:32:56.032000+00:00,10045.0,True,False,3,3,0,2,0,0,0,0,2,0,1,2,0,0,0,2999.0,0.29633119,2999.0,0.0,31233.38019009505,-31233.38019009505,Market,ImmediateOrCancel,nan,,FLAT,0.0,27.828,-0.007411067193675902,FLAT,0.3333333333333333,
XBTUSD-000074,XBTUSD,XBt,SHORT,2020-09-07T11:32:56.032000+00:00,10045.0,999.0,0.09945045,999.0,True,0.0,2020-09-07T16:06:44.560000+00:00,10158.0,True,False,19,19,8,10,6,2,0,0,10,0,2,17,0,1,7,14427.0,1.4397397299999999,14427.0,0.0,166222.61980990495,-166222.61980990495,Limit,GoodTillCancel,nan,XBTUSD-000073,FLAT,0.0,273.80879999999996,-0.01124937779990054,FLAT,0.10526315789473684,0.75
XBTUSD-000075,XBTUSD,XBt,LONG,2020-09-07T22:04:21.263000+00:00,10185.5,3999.0,0.39262182,3999.0,False,357.61171666666667,2020-09-08T09:44:34.861000+00:00,10120.0,True,False,6,6,1,4,1,0,0,0,4,0,0,6,0,0,1,7998.0,0.78496371,7998.0,0.0,106326.0,-106326.0,Limit,GoodTillCancel,nan,,FLAT,0.0,700.2266333333333,-0.006430710323499067,FLAT,0.0,1.0
XBTUSD-000076,XBTUSD,XBt,SHORT,2020-09-08T11:43:40.751000+00:00,9962.0,6114.0,0.61372332,6114.0,False,119.09816666666667,2020-09-08T14:13:23.412000+00:00,10060.0,True,False,28,28,17,10,15,2,0,0,10,0,0,28,0,0,17,27998.0,2.8111792000000007,27998.0,0.0,377593.0,-377593.0,Market,ImmediateOrCancel,nan,,FLAT,0.0,149.71101666666667,-0.00983738205179674,FLAT,0.0,0.8823529411764706
XBTUSD-000077,XBTUSD,XBt,LONG,2020-09-08T14:30:50.526000+00:00,10114.5,500.0,0.049435,500.0,False,17.451900000000002,2020-09-10T06:41:44.261000+00:00,10329.0,True,False,26,26,14,11,0,11,3,4,7,0,11,15,0,11,3,55989.0,5.572404490000001,55989.0,0.0,371657.0,-371657.0,Market,ImmediateOrCancel,nan,,FLAT,0.0,2410.895583333333,0.021207177814029254,FLAT,0.4230769230769231,0.0
XBTUSD-000078,XBTUSD,XBt,LONG,2020-09-12T15:27:52.719000+00:00,10362.5,2889.0,0.2787885,2889.0,False,3406.140966666667,2020-09-14T12:26:48.098000+00:00,10466.0,True,False,18,18,16,1,2,13,1,1,0,0,13,5,0,13,3,78986.0,7.65728081,78986.0,0.0,500689.0,-500689.0,Limit,GoodTillCancel,nan,,FLAT,0.0,2698.922983333333,0.009987937273823855,FLAT,0.7222222222222222,0.125
XBTUSD-000079,XBTUSD,XBt,LONG,2020-09-14T12:39:17.319000+00:00,10459.0,15999.0,1.52966439,15999.0,False,12.487016666666667,2020-09-14T14:52:14.920000+00:00,10641.5,True,False,13,13,5,7,5,0,0,7,0,0,1,12,0,0,5,131998.0,12.529849559999999,131998.0,0.0,1545350.0,-1545350.0,Limit,GoodTillCancel,nan,,FLAT,0.0,132.96001666666666,0.01744908691079461,FLAT,0.07692307692307693,1.0
XBTUSD-000080,XBTUSD,XBt,LONG,2020-09-16T07:32:13.330000+00:00,10849.0,15999.0,1.47462783,15999.0,False,2439.9735,2020-09-16T08:04:58.092000+00:00,10903.0,True,False,7,7,1,5,0,0,1,5,0,0,0,7,0,0,1,31998.0,2.94925566,31998.0,0.0,397174.0,-397174.0,Limit,GoodTillCancel,nan,,FLAT,0.0,32.74603333333333,0.004977417273481333,FLAT,0.0,0.0
XBTUSD-000081,XBTUSD,XBt,SHORT,2020-09-16T17:10:27.838000+00:00,11044.0,5999.0,0.54320945,5999.0,False,545.4957666666667,2020-09-17T18:16:11.111000+00:00,10907.5,True,False,37,37,35,1,32,3,0,0,1,0,3,34,0,3,32,97992.0,8.989008560000002,97992.0,0.0,1115553.0,-1115553.0,Market,ImmediateOrCancel,nan,,FLAT,0.0,1505.7212166666666,0.012359652299891333,FLAT,0.08108108108108109,0.9142857142857143
XBTUSD-000082,XBTUSD,XBt,LONG,2020-09-19T09:15:58.383000+00:00,10933.5,8678.0,0.79368988,8678.0,False,2339.7878666666666,2020-09-19T11:57:22.323000+00:00,11153.0,True,False,6,6,2,3,0,0,2,3,0,0,3,3,0,0,2,15999.0,1.46326854,15999.0,0.0,66411.72835802237,-66411.72835802237,Market,ImmediateOrCancel,nan,,FLAT,0.0,161.399,0.02007591347692861,FLAT,0.5,0.0
XBTUSD-000083,XBTUSD,XBt,SHORT,2020-09-19T11:57:22.323000+00:00,11153.0,11998.0,1.07574068,11998.0,True,0.0,2020-09-19T16:20:45.314000+00:00,11091.0,True,False,3,3,1,1,0,1,0,1,0,0,2,1,0,1,0,27997.0,2.5057313,27997.0,0.0,114006.27164197763,-114006.27164197763,Limit,GoodTillCancel,nan,XBTUSD-000082,FLAT,0.0,263.3831833333333,0.005559042410113846,FLAT,0.6666666666666666,0.0
XBTUSD-000084,XBTUSD,XBt,SHORT,2020-09-20T09:10:23.087000+00:00,10933.5,21300.0,1.948098,21300.0,False,1009.62955,2020-09-21T11:54:24.664000+00:00,10625.0,True,False,24,24,20,3,1,4,15,3,0,0,4,20,0,4,16,85996.0,7.88111349,85996.0,0.0,981040.0,-981040.0,Limit,GoodTillCancel,nan,,FLAT,0.0,1604.0262833333334,0.02821603329217537,FLAT,0.16666666666666666,0.05
XBTUSD-000085,XBTUSD,XBt,LONG,2020-09-21T14:39:31.283000+00:00,10358.0,10999.0,1.06184346,10999.0,False,165.11031666666668,2020-09-21T17:07:13.800000+00:00,10380.0,True,False,49,49,29,19,18,11,0,19,0,0,4,45,0,3,26,270994.0,26.214829339999998,270994.0,0.0,3101108.0,-3101108.0,Limit,GoodTillCancel,nan,,FLAT,0.0,147.70861666666667,0.002123962154856107,FLAT,0.08163265306122448,0.6206896551724138
XBTUSD-000086,XBTUSD,XBt,LONG,2020-09-21T17:14:08.959000+00:00,10395.0,32999.0,3.1745038,32999.0,False,6.919316666666666,2020-09-21T19:18:59.594000+00:00,10468.5,True,False,2,2,0,1,0,0,0,1,0,0,0,2,0,0,0,32999.0,3.1745038,32999.0,0.0,427043.0,-427043.0,Limit,GoodTillCancel,nan,,FLAT,0.0,124.84391666666667,0.007070707070707005,FLAT,0.0,
XBTUSD-000087,XBTUSD,XBt,LONG,2020-09-22T00:03:20.911000+00:00,10367.5,5988.0,0.57760248,5988.0,False,284.3552833333333,2020-09-22T09:19:09.821000+00:00,10445.5,True,False,8,8,5,2,1,2,2,2,0,0,5,3,0,4,1,58995.0,5.6945070399999995,58995.0,0.0,539516.0,-539516.0,Limit,GoodTillCancel,nan,,FLAT,0.0,555.8151666666668,0.007523510971786829,FLAT,0.625,0.2
XBTUSD-000088,XBTUSD,XBt,LONG,2020-09-23T00:23:49.396000+00:00,10519.0,11990.0,1.1398893,11990.0,False,904.6595833333333,2020-09-23T18:58:21.148000+00:00,10410.0,True,False,25,25,14,10,0,13,1,0,10,0,13,12,0,13,1,77375.0,8.461004650000001,88485.0,0.0,588704.0,-588704.0,Market,ImmediateOrCancel,nan,,FLAT,0.0,1114.5292,-0.010362201730202525,FLAT,0.52,0.0
XBTUSD-000089,XBTUSD,XBt,LONG,2020-09-23T19:04:47.308000+00:00,10381.0,9999.0,0.96320367,9999.0,False,6.436000000000001,2020-09-23T20:48:55.929000+00:00,10196.0,True,False,79,79,51,27,0,51,0,9,18,0,32,47,0,29,22,429977.0,58.90152698,605642.0,0.0,4924692.0,-4924692.0,Limit,GoodTillCancel,nan,,FLAT,0.0,104.14368333333333,-0.017821019169636854,FLAT,0.4050632911392405,0.0
XBTUSD-000090,XBTUSD,XBt,LONG,2020-09-23T20:49:53.347000+00:00,10201.0,33076.0,3.24244028,33076.0,False,0.9569666666666666,2020-09-23T20:50:44.439000+00:00,10171.5,True,False,7,7,5,1,0,0,5,0,1,0,0,7,0,0,5,158555.0,15.543146649999999,158555.0,0.0,2101319.0,-2101319.0,Limit,GoodTillCancel,nan,,FLAT,0.0,0.8515333333333334,-0.002891873345750362,FLAT,0.0,0.0
XBTUSD-000091,XBTUSD,XBt,LONG,2020-09-23T20:52:14.671000+00:00,10145.5,29852.0,2.94251164,29852.0,False,1.5038666666666667,2020-09-23T21:01:40.892000+00:00,10245.0,True,False,89,89,16,72,2,0,14,62,10,0,59,30,0,0,16,317110.0,46.875200199999995,475665.0,0.0,3862097.0,-3862097.0,Market,ImmediateOrCancel,nan,,FLAT,0.0,9.437016666666667,0.009807303730718031,FLAT,0.6629213483146067,0.125
XBTUSD-000092,XBTUSD,XBt,LONG,2020-09-23T23:25:20.531000+00:00,10222.0,1155.0,0.11299365,1155.0,False,143.66064999999998,2020-09-24T03:59:10.889000+00:00,10291.0,True,False,50,50,26,23,0,0,26,8,15,0,0,50,0,0,26,237110.0,23.196471299999995,237110.0,0.0,3126699.0,-3126699.0,Market,ImmediateOrCancel,nan,,FLAT,0.0,273.8393,0.006750146742320551,FLAT,0.0,0.0
XBTUSD-000093,XBTUSD,XBt,LONG,2020-09-25T18:29:35.980000+00:00,10731.5,58555.0,5.4561549,58555.0,False,2310.418183333333,2020-09-26T13:16:14.094000+00:00,10676.0,True,False,5,5,0,4,0,0,0,0,4,0,0,5,0,0,0,58555.0,5.4561549,58555.0,0.0,738514.0,-738514.0,Market,ImmediateOrCancel,nan,,FLAT,0.0,1126.6352333333334,-0.005171690816754393,FLAT,0.0,
XBTUSD-000094,XBTUSD,XBt,LONG,2020-09-26T21:51:56.827000+00:00,10746.0,9883.0,0.91971198,9883.0,False,515.7122166666667,2020-09-27T08:12:59.659000+00:00,10648.0,True,False,13,13,10,2,0,3,7,0,2,0,3,10,0,3,7,95665.0,8.943405899999998,95665.0,0.0,895604.0,-895604.0,Market,ImmediateOrCancel,nan,,FLAT,0.0,621.0472000000001,-0.009119672436255333,FLAT,0.23076923076923078,0.0
XBTUSD-000095,XBTUSD,XBt,LONG,2020-09-28T00:31:03.411000+00:00,10877.0,1000.0,0.09194,1000.0,False,978.0625333333334,2020-09-29T19:51:19.200000+00:00,10754.0,True,False,451,451,195,255,63,123,9,132,123,0,146,305,0,86,109,1000985.0,302.58958586,3238413.0,0.0,17728478.479642242,-17728478.479642242,Market,ImmediateOrCancel,nan,,FLAT,0.0,2600.2631499999998,-0.01130826514663974,FLAT,0.3237250554323725,0.3230769230769231
XBTUSD-000096,XBTUSD,XBt,SHORT,2020-09-29T19:51:19.200000+00:00,10754.0,23681.0,2.20209619,23681.0,True,0.0,2020-09-29T22:57:20.587000+00:00,10758.5,True,False,17,17,5,11,1,4,0,11,0,0,6,11,0,5,0,290346.0,26.98380797,290346.0,0.0,1214528.5203577578,-1214528.5203577578,Limit,GoodTillCancel,nan,XBTUSD-000095,FLAT,0.0,186.02311666666668,-0.00041844894922826725,FLAT,0.35294117647058826,0.2
XBTUSD-000097,XBTUSD,XBt,LONG,2020-09-29T23:04:33.209000+00:00,10768.5,125.0,0.0116075,125.0,False,7.210366666666667,2020-09-30T07:44:52.809000+00:00,10710.0,True,False,91,91,45,45,1,29,15,2,43,0,29,62,0,29,16,509998.0,62.445920349999994,669997.0,0.0,4536915.0,-4536915.0,Market,ImmediateOrCancel,nan,,FLAT,0.0,520.3266666666666,-0.0054325114918512,FLAT,0.31868131868131866,0.022222222222222223
XBTUSD-000098,XBTUSD,XBt,LONG,2020-09-30T14:10:55.245000+00:00,10742.5,909.0,0.08461881,909.0,False,386.04060000000004,2020-10-01T16:21:31.976000+00:00,10516.5,True,False,210,210,99,110,37,61,1,19,91,0,8,202,0,8,91,1026659.0,179.13199817999993,1913324.0,0.0,21447048.0,-21447048.0,Market,ImmediateOrCancel,nan,,FLAT,0.0,1570.6121833333334,-0.021037933441936274,FLAT,0.0380952380952381,0.37373737373737376
XBTUSD-000099,XBTUSD,XBt,LONG,2020-10-01T16:22:24.232000+00:00,10542.0,200.0,0.018972,200.0,False,0.8709333333333333,2020-10-01T16:27:37.655000+00:00,10571.5,True,False,126,126,96,29,77,19,0,29,0,0,0,126,0,0,96,393332.0,37.29036805,393332.0,0.0,5028028.112191868,-5028028.112191868,Market,ImmediateOrCancel,nan,,FLAT,0.0,5.223716666666666,0.002798330487573608,FLAT,0.0,0.8020833333333334
XBTUSD-000100,XBTUSD,XBt,SHORT,2020-10-01T16:27:37.655000+00:00,10571.5,66667.0,6.306031529999999,66667.0,True,0.0,2020-10-01T16:29:17.639000+00:00,10566.0,True,False,2,2,0,1,0,0,0,1,0,0,0,2,0,0,0,66667.0,6.306031529999999,66667.0,0.0,851538.8878081319,-851538.8878081319,Market,ImmediateOrCancel,nan,XBTUSD-000099,FLAT,0.0,1.6663999999999999,0.0005202667549543127,FLAT,0.0,
XBTUSD-000101,XBTUSD,XBt,LONG,2020-10-01T16:30:10.103000+00:00,10546.5,5820.0,0.5518524,5820.0,False,0.8744,2020-10-01T16:45:13.458000+00:00,10450.0,True,False,82,82,44,37,8,32,4,0,37,0,17,65,0,16,28,706665.0,82.18694706,866664.0,0.0,7660157.0,-7660157.0,Limit,GoodTillCancel,nan,,FLAT,0.0,15.055916666666667,-0.009149954961361617,FLAT,0.2073170731707317,0.18181818181818182
XBTUSD-000102,XBTUSD,XBt,LONG,2020-10-01T16:45:32.303000+00:00,10466.5,5668.0,0.54152072,5668.0,False,0.3140833333333333,2020-10-01T16:49:08.978000+00:00,10513.0,True,False,103,103,53,49,2,0,51,49,0,0,0,103,0,0,53,669999.0,64.00500447000002,669999.0,0.0,8619364.0,-8619364.0,Market,ImmediateOrCancel,nan,,FLAT,0.0,3.61125,0.004442745903597167,FLAT,0.0,0.03773584905660377
XBTUSD-000103,XBTUSD,XBt,LONG,2020-10-01T16:50:42.245000+00:00,10508.5,40000.0,3.8064,40000.0,False,1.5544499999999999,2020-10-01T18:51:34.038000+00:00,10578.0,True,False,831,831,442,388,246,193,3,153,235,0,61,770,0,0,442,853332.0,367.1961425500003,3853323.0,0.0,43842911.17448859,-43842911.17448859,Market,ImmediateOrCancel,nan,,FLAT,0.0,120.86321666666666,0.006613693676547516,FLAT,0.07340553549939831,0.5565610859728507
XBTUSD-000104,XBTUSD,XBt,SHORT,2020-10-01T18:51:34.038000+00:00,10578.0,11972.0,1.13183288,11972.0,True,0.0,2020-10-01T19:44:41.639000+00:00,10565.0,True,False,30,30,23,6,5,18,0,6,0,0,22,8,0,18,5,436664.0,41.17072755,436664.0,0.0,270217.46476596646,-270217.46476596646,Limit,GoodTillCancel,nan,XBTUSD-000103,FLAT,0.0,53.12668333333333,0.001228965778029889,FLAT,0.7333333333333333,0.21739130434782608
XBTUSD-000105,XBTUSD,XBt,LONG,2020-10-01T19:44:41.639000+00:00,10565.0,63334.0,5.994563100000001,63334.0,True,0.0,2020-10-02T06:34:50.193000+00:00,10471.5,True,False,480,480,176,303,70,106,0,67,236,0,20,460,0,19,157,823331.0,269.7118331100001,2823326.0,0.0,31557023.360745445,-31557023.360745445,Limit,GoodTillCancel,nan,XBTUSD-000104,FLAT,0.0,650.1425666666667,-0.008849976336961718,FLAT,0.041666666666666664,0.3977272727272727
XBTUSD-000106,XBTUSD,XBt,LONG,2020-10-02T06:54:23.065000+00:00,10493.5,19775.0,1.8845575,19775.0,False,19.547866666666668,2020-10-02T10:22:03.608000+00:00,10400.0,True,False,69,69,54,14,23,30,1,0,14,0,8,61,0,8,46,353331.0,42.64478379000001,446664.0,0.0,3820557.0,-3820557.0,Market,ImmediateOrCancel,nan,,FLAT,0.0,207.67571666666666,-0.008910277791013499,FLAT,0.11594202898550725,0.42592592592592593
XBTUSD-000107,XBTUSD,XBt,LONG,2020-10-02T10:37:25.319000+00:00,10436.5,5889.0,0.56428398,5889.0,False,15.36185,2020-10-02T13:53:18.636000+00:00,10531.5,True,False,191,191,148,42,121,0,27,42,0,0,0,191,0,0,148,458164.0,53.71813651999997,561616.0,0.0,7229805.0,-7229805.0,Market,ImmediateOrCancel,nan,,FLAT,0.0,195.88861666666665,0.009102668519139545,FLAT,0.0,0.8175675675675675
XBTUSD-000108,XBTUSD,XBt,LONG,2020-10-02T14:56:59.637000+00:00,10539.0,858165.0,81.43127685,858165.0,False,63.683350000000004,2020-10-05T06:16:53.478000+00:00,10630.5,True,False,382,382,251,130,159,92,0,35,95,0,115,267,0,115,136,858165.0,195.15377528000013,2061595.0,0.0,24233461.0,-24233461.0,Market,ImmediateOrCancel,nan,,FLAT,0.0,3799.8973499999997,0.008682038144036452,FLAT,0.3010471204188482,0.6334661354581673
XBTUSD-000109,XBTUSD,XBt,LONG,2020-10-05T07:05:43.662000+00:00,10650.0,120.0,0.011268,120.0,False,48.836400000000005,2020-10-08T03:39:55.968000+00:00,10639.0,True,False,452,452,165,286,79,73,13,167,119,0,68,384,0,58,107,825765.0,213.57728206000004,2273269.0,0.0,20475448.0,-20475448.0,Limit,GoodTillCancel,nan,,FLAT,0.0,4114.2051,-0.0010328638497653087,FLAT,0.1504424778761062,0.47878787878787876
XBTUSD-000110,XBTUSD,XBt,LONG,2020-10-08T12:30:47.149000+00:00,10646.0,23840.0,2.2392912,23840.0,False,530.8530166666667,2020-10-09T05:18:55.267000+00:00,10874.5,True,False,142,142,95,46,23,51,21,46,0,0,16,126,0,0,95,1002540.0,108.33794912,1154312.0,0.0,12608399.0,-12608399.0,Limit,GoodTillCancel,nan,,FLAT,0.0,1008.1353,0.021463460454630878,FLAT,0.11267605633802817,0.24210526315789474
XBTUSD-000111,XBTUSD,XBt,LONG,2020-10-09T06:00:18.167000+00:00,10848.0,8215.0,0.7572587,8215.0,False,41.38166666666667,2020-10-09T13:32:24.884000+00:00,11055.0,True,False,20,20,18,1,13,1,4,1,0,0,6,14,0,5,13,111542.0,10.195120970000001,111542.0,0.0,1107413.0,-1107413.0,Limit,GoodTillCancel,nan,,FLAT,0.0,452.11195000000004,0.019081858407079544,FLAT,0.3,0.7222222222222222
XBTUSD-000112,XBTUSD,XBt,LONG,2020-10-09T13:56:08.712000+00:00,11081.0,35772.0,3.22806528,35772.0,False,23.730466666666665,2020-10-09T17:03:33.670000+00:00,11056.0,True,False,4,4,0,3,0,0,0,0,3,0,0,4,0,0,0,35772.0,3.22806528,35772.0,0.0,436294.0,-436294.0,Limit,GoodTillCancel,nan,,FLAT,0.0,187.41596666666666,-0.0022561140691272907,FLAT,0.0,
XBTUSD-000113,XBTUSD,XBt,LONG,2020-10-09T19:05:28.023000+00:00,11034.5,15772.0,1.42925864,15772.0,False,121.90588333333334,2020-10-10T02:30:53.578000+00:00,11392.0,True,False,2,2,0,1,0,0,0,1,0,0,1,1,0,0,0,15772.0,1.42925864,15772.0,0.0,61293.0,-61293.0,Limit,GoodTillCancel,nan,,FLAT,0.0,445.4259166666667,0.03239838687752061,FLAT,0.5,
XBTUSD-000114,XBTUSD,XBt,LONG,2020-10-10T23:11:30.758000+00:00,11307.0,13333.0,1.17917052,13333.0,False,1240.6196666666665,2020-10-11T12:26:28.859000+00:00,11359.5,True,False,14,14,6,7,0,6,0,7,0,0,7,7,0,6,0,53332.0,4.7246818799999994,53332.0,0.0,210593.0,-210593.0,Limit,GoodTillCancel,nan,,FLAT,0.0,794.96835,0.004643141416821539,FLAT,0.5,0.0
XBTUSD-000115,XBTUSD,XBt,LONG,2020-10-11T16:21:31.675000+00:00,11415.5,13333.0,1.1679708,13333.0,False,235.04693333333336,2020-10-12T10:40:42.326000+00:00,11325.0,True,False,35,35,8,26,0,8,0,0,26,0,8,27,0,8,0,66665.0,5.865586689999999,66665.0,0.0,370471.0,-370471.0,Limit,GoodTillCancel,nan,,FLAT,0.0,1099.1775166666666,-0.007927817441198415,FLAT,0.22857142857142856,0.0
XBTUSD-000116,XBTUSD,XBt,LONG,2020-10-12T11:30:32.948000+00:00,11252.5,3343.0,0.29709241,3343.0,False,49.8437,2020-10-12T16:36:36.717000+00:00,11560.0,True,False,3,3,1,1,0,0,1,1,0,0,0,3,0,0,1,13333.0,1.18490371,13333.0,0.0,157837.0,-157837.0,Limit,GoodTillCancel,nan,,FLAT,0.0,306.06281666666666,0.027327260608753567,FLAT,0.0,0.0
XBTUSD-000117,XBTUSD,XBt,LONG,2020-10-13T08:38:24.259000+00:00,11492.0,13333.0,1.16023766,13333.0,False,961.7923666666667,2020-10-15T12:13:09.416000+00:00,11300.0,True,False,57,57,39,17,4,35,0,0,17,0,36,21,0,36,3,326659.0,38.77282938,439992.0,0.0,2173580.6695646467,-2173580.6695646467,Limit,GoodTillCancel,nan,,FLAT,0.0,3094.7526166666667,-0.016707274625826662,FLAT,0.631578947368421,0.10256410256410256
XBTUSD-000118,XBTUSD,XBt,SHORT,2020-10-15T12:13:09.416000+00:00,11300.0,13154.0,1.164129,13154.0,True,0.0,2020-10-15T12:23:00.738000+00:00,11329.0,True,False,3,3,1,1,0,0,1,0,1,0,0,3,0,0,1,13340.0,1.18059,13340.0,0.0,159171.33043535316,-159171.33043535316,Limit,GoodTillCancel,nan,XBTUSD-000117,FLAT,0.0,9.855366666666667,-0.0025663716814159354,FLAT,0.0,0.0
XBTUSD-000119,XBTUSD,XBt,LONG,2020-10-15T12:24:38.175000+00:00,11375.5,9166.0,0.80578306,9166.0,False,1.62395,2020-10-16T11:35:44.004000+00:00,11314.5,True,False,190,190,81,108,15,64,2,1,107,0,40,150,0,31,50,866662.0,108.46282764000003,1229134.0,0.0,9087819.0,-9087819.0,Limit,GoodTillCancel,nan,,FLAT,0.0,1391.09715,-0.005362401652674653,FLAT,0.21052631578947367,0.18518518518518517
XBTUSD-000120,XBTUSD,XBt,SHORT,2020-10-16T11:53:02.856000+00:00,11344.0,2409.0,0.21235335,2409.0,False,17.314200000000003,2020-10-16T12:14:10.269000+00:00,11353.5,True,False,38,38,10,27,0,6,4,27,0,0,11,27,0,10,0,213332.0,18.774815989999997,213332.0,0.0,845905.0,-845905.0,Limit,GoodTillCancel,nan,,FLAT,0.0,21.12355,-0.0008374471086036728,FLAT,0.2894736842105263,0.0
XBTUSD-000121,XBTUSD,XBt,LONG,2020-10-16T12:29:47.244000+00:00,11365.5,500.0,0.043995,500.0,False,15.61625,2020-10-17T20:22:08.519000+00:00,11332.5,True,False,137,137,102,34,29,69,4,14,20,0,37,100,0,37,65,732736.0,75.30264731000001,853328.0,0.0,7618750.0,-7618750.0,Limit,GoodTillCancel,nan,,FLAT,0.0,1912.3545833333333,-0.0029035238220931348,FLAT,0.27007299270072993,0.28431372549019607
XBTUSD-000122,XBTUSD,XBt,LONG,2020-10-18T00:47:44.762000+00:00,11382.5,3000.0,0.26355,3000.0,False,265.60405000000003,2020-10-18T08:16:34.710000+00:00,11437.5,True,False,105,105,88,16,22,37,29,16,0,0,0,105,0,0,88,339996.0,29.869856139999996,339996.0,0.0,4022652.0,-4022652.0,Market,ImmediateOrCancel,nan,,FLAT,0.0,448.8324666666667,0.0048319789150010894,FLAT,0.0,0.25
XBTUSD-000123,XBTUSD,XBt,LONG,2020-10-18T08:55:53.777000+00:00,11436.0,166.0,0.01451504,166.0,False,39.31778333333333,2020-10-18T19:42:24.633000+00:00,11443.5,True,False,55,55,38,16,9,0,29,16,0,0,0,55,0,0,38,306666.0,26.814875039999993,306666.0,0.0,3618939.0,-3618939.0,Limit,GoodTillCancel,nan,,FLAT,0.0,646.5142666666667,0.0006558237145855017,FLAT,0.0,0.23684210526315788
XBTUSD-000124,XBTUSD,XBt,LONG,2020-10-18T20:27:25.884000+00:00,11421.0,53333.0,4.66983748,53333.0,False,45.02085,2020-10-19T03:21:30.513000+00:00,11444.0,True,False,119,119,66,52,66,0,0,0,52,0,2,117,0,1,65,386663.0,33.707880429999996,386663.0,0.0,3700387.0,-3700387.0,Limit,GoodTillCancel,nan,,FLAT,0.0,414.07715,0.0020138341651343428,FLAT,0.01680672268907563,1.0
XBTUSD-000125,XBTUSD,XBt,LONG,2020-10-19T10:01:38.419000+00:00,11488.0,25925.0,2.25677125,25925.0,False,400.13176666666664,2020-10-19T13:39:11.026000+00:00,11644.5,True,False,77,77,20,56,0,5,15,56,0,0,5,72,0,5,15,459999.0,40.08584619,459999.0,0.0,2965955.0,-2965955.0,Limit,GoodTillCancel,nan,,FLAT,0.0,217.54345,0.013622910863509752,FLAT,0.06493506493506493,0.0
XBTUSD-000126,XBTUSD,XBt,LONG,2020-10-19T14:11:28.818000+00:00,11635.5,53333.0,4.58343802,53333.0,False,32.29653333333333,2020-10-19T18:34:42.588000+00:00,11739.0,True,False,2,2,0,1,0,0,0,1,0,0,1,1,0,0,0,53333.0,4.58343802,53333.0,0.0,203555.0,-203555.0,Limit,GoodTillCancel,nan,,FLAT,0.0,263.22950000000003,0.008895191439989736,FLAT,0.5,
XBTUSD-000127,XBTUSD,XBt,LONG,2020-10-19T18:44:30.260000+00:00,11701.5,53333.0,4.55783818,53333.0,False,9.794533333333334,2020-10-20T06:04:43.984000+00:00,11743.5,True,False,19,19,1,17,0,1,0,17,0,0,2,17,0,1,0,106666.0,9.1252763,106666.0,0.0,407749.0,-407749.0,Limit,GoodTillCancel,nan,,FLAT,0.0,680.2287333333334,0.003589283425201817,FLAT,0.10526315789473684,0.0
XBTUSD-000128,XBTUSD,XBt,LONG,2020-10-20T08:43:48.530000+00:00,11745.5,45840.0,3.9028176,45840.0,False,159.07576666666668,2020-10-20T15:53:35.071000+00:00,11941.0,True,False,32,32,15,16,12,0,3,16,0,0,0,32,0,0,15,252336.0,21.43238524,252336.0,0.0,2872807.0,-2872807.0,Limit,GoodTillCancel,nan,,FLAT,0.0,429.77568333333335,0.01664467242773826,FLAT,0.0,0.8
XBTUSD-000129,XBTUSD,XBt,LONG,2020-10-20T15:54:49.276000+00:00,11900.5,32337.0,2.71727811,32337.0,False,1.23675,2020-10-20T16:30:28.127000+00:00,11933.0,True,False,20,20,6,13,6,0,0,0,13,0,1,19,0,0,6,197011.0,16.47258158,197011.0,0.0,1981731.0,-1981731.0,Limit,GoodTillCancel,nan,,FLAT,0.0,35.64751666666667,0.00273097769001307,FLAT,0.05,1.0
XBTUSD-000130,XBTUSD,XBt,LONG,2020-10-20T17:16:36.543000+00:00,11977.5,500.0,0.041745,500.0,False,46.14026666666667,2020-10-20T17:49:29.957000+00:00,12013.0,True,False,14,14,12,1,0,0,12,1,0,0,0,14,0,0,12,132337.0,11.04881613,132337.0,0.0,1489350.0,-1489350.0,Limit,GoodTillCancel,nan,,FLAT,0.0,32.890233333333335,0.002963890628261412,FLAT,0.0,0.0
XBTUSD-000131,XBTUSD,XBt,LONG,2020-10-20T17:52:32.423000+00:00,12006.5,32000.0,2.66528,32000.0,False,3.0411,2020-10-20T18:03:38.756000+00:00,11953.0,True,False,53,53,44,8,19,25,0,0,8,0,0,53,0,0,44,132337.0,11.023503680000001,132337.0,0.0,1491377.0,-1491377.0,Market,ImmediateOrCancel,nan,,FLAT,0.0,11.10555,-0.004455919710157019,FLAT,0.0,0.4318181818181818
XBTUSD-000132,XBTUSD,XBt,LONG,2020-10-20T20:19:52.681000+00:00,11871.5,33333.0,2.80797192,33333.0,False,136.23208333333335,2020-10-21T06:33:40.579000+00:00,12260.5,True,False,4,4,1,2,0,1,0,2,0,0,2,2,0,1,0,65670.0,5.53624461,65670.0,0.0,236880.0,-236880.0,Limit,GoodTillCancel,nan,,FLAT,0.0,613.7983,0.03276755254180186,FLAT,0.5,0.0
XBTUSD-000133,XBTUSD,XBt,LONG,2020-10-21T07:35:54.484000+00:00,12159.0,22337.0,1.83699488,22337.0,False,62.231750000000005,2020-10-21T14:35:22.895000+00:00,12755.5,True,False,31,31,24,6,23,1,0,6,0,0,2,29,0,1,23,167011.0,13.53281936,167011.0,0.0,1466092.0,-1466092.0,Limit,GoodTillCancel,nan,,FLAT,0.0,419.4735166666667,0.04905831071634181,FLAT,0.06451612903225806,0.9583333333333334
XBTUSD-000134,XBTUSD,XBt,LONG,2020-10-21T17:05:38.097000+00:00,12858.5,3965.0,0.30835805,3965.0,False,150.25336666666666,2020-10-22T10:40:54.936000+00:00,12956.0,True,False,52,52,17,34,0,15,2,34,0,0,18,34,0,17,0,193370.0,15.208383460000002,193370.0,0.0,657509.0,-657509.0,Limit,GoodTillCancel,nan,,FLAT,0.0,1055.28065,0.0075825329548546705,FLAT,0.34615384615384615,0.0
XBTUSD-000135,XBTUSD,XBt,LONG,2020-10-22T11:37:33.914000+00:00,12928.0,3876.0,0.2998086,3876.0,False,56.649633333333334,2020-10-22T16:57:21.411000+00:00,13072.0,True,False,20,20,14,5,0,13,1,5,0,0,15,5,0,14,0,65944.0,5.12623927,65944.0,0.0,225183.0,-225183.0,Limit,GoodTillCancel,nan,,FLAT,0.0,319.79161666666664,0.011138613861386037,FLAT,0.75,0.0
XBTUSD-000136,XBTUSD,XBt,LONG,2020-10-22T20:39:24.169000+00:00,13153.5,999.0,0.07595397,999.0,False,222.04596666666666,2020-10-22T20:55:32.993000+00:00,13120.5,True,False,38,38,8,29,7,0,1,0,29,0,0,38,0,0,8,36486.0,2.7703819800000007,36486.0,0.0,373776.0,-373776.0,Limit,GoodTillCancel,nan,,FLAT,0.0,16.147066666666667,-0.002508837951875953,FLAT,0.0,0.875
XBTUSD-000137,XBTUSD,XBt,LONG,2020-10-22T20:55:38.412000+00:00,13116.0,8243.0,0.62844632,8243.0,False,0.09031666666666666,2020-10-27T05:23:59.143000+00:00,13108.0,True,False,86,86,46,39,21,25,0,23,16,0,43,43,0,42,4,177290.0,13.675341039999998,177290.0,0.0,782893.0,-782893.0,Limit,GoodTillCancel,nan,,FLAT,0.0,6268.345516666667,-0.0006099420555046864,FLAT,0.5,0.45652173913043476
XBTUSD-000138,XBTUSD,XBt,LONG,2020-10-27T05:28:44.856000+00:00,13095.5,14243.0,1.08759548,14243.0,False,4.7618833333333335,2020-10-27T11:30:35.894000+00:00,13530.0,True,False,8,8,1,6,0,1,0,6,0,0,8,0,0,1,0,28486.0,2.1763304000000003,28486.0,0.0,-96589.41767821155,96589.41767821155,Limit,GoodTillCancel,nan,,FLAT,0.0,361.85063333333335,0.033179336413271754,FLAT,1.0,0.0
XBTUSD-000139,XBTUSD,XBt,SHORT,2020-10-27T11:30:35.894000+00:00,13530.0,20199.0,1.49290809,20199.0,True,0.0,2020-10-27T16:19:40.516000+00:00,13588.0,True,False,20,20,3,16,0,3,0,16,0,0,4,16,0,3,0,84210.0,6.19728985,84210.0,0.0,278858.4176782116,-278858.4176782116,Limit,GoodTillCancel,nan,XBTUSD-000138,FLAT,0.0,289.0770333333333,-0.004286770140428775,FLAT,0.2,0.0
XBTUSD-000140,XBTUSD,XBt,SHORT,2020-10-27T16:45:29.839000+00:00,13613.0,3300.0,0.242418,3300.0,False,25.82205,2020-10-28T11:31:23.559000+00:00,13422.0,True,False,54,54,27,26,3,19,5,21,5,0,27,27,0,26,1,141407.0,14.504625349999998,198680.0,0.0,857292.0,-857292.0,Limit,GoodTillCancel,nan,,FLAT,0.0,1125.8953333333334,0.01403070594284872,FLAT,0.5,0.1111111111111111
XBTUSD-000141,XBTUSD,XBt,SHORT,2020-10-28T11:44:56.279000+00:00,13412.5,5980.0,0.4458688,5980.0,False,13.545333333333334,2020-10-28T12:42:49.326000+00:00,13226.5,True,False,2,2,0,1,0,0,0,1,0,0,1,1,0,0,0,5980.0,0.4458688,5980.0,0.0,22765.0,-22765.0,Limit,GoodTillCancel,nan,,FLAT,0.0,57.884116666666664,0.01386766076421253,FLAT,0.5,
XBTUSD-000142,XBTUSD,XBt,SHORT,2020-10-29T14:40:01.925000+00:00,13437.5,5980.0,0.4450316,5980.0,False,1557.2099833333334,2020-10-30T15:35:47.079000+00:00,13493.0,True,False,156,156,73,82,4,69,0,82,0,0,67,89,0,50,23,744487.0,54.83345763999999,744487.0,0.0,2422195.0,-2422195.0,Limit,GoodTillCancel,nan,,FLAT,0.0,1495.7525666666666,-0.0041302325581396016,FLAT,0.42948717948717946,0.0547945205479452
XBTUSD-000143,XBTUSD,XBt,SHORT,2020-10-30T16:21:04.452000+00:00,13518.5,5289.0,0.39122733,5289.0,False,45.28955,2020-10-30T20:43:14.795000+00:00,13657.0,True,False,6,6,3,2,0,3,0,0,2,0,3,3,0,3,0,33156.0,2.44418523,33156.0,0.0,160095.05812757203,-160095.05812757203,Limit,GoodTillCancel,nan,,FLAT,0.0,262.17238333333336,-0.01024521951399926,FLAT,0.5,0.0
XBTUSD-000144,XBTUSD,XBt,LONG,2020-10-30T20:43:14.795000+00:00,13657.0,22399.0,1.6400547799999998,22399.0,True,0.0,2020-10-30T22:31:42.125000+00:00,13600.0,True,False,48,48,17,30,0,10,7,18,12,0,10,38,0,10,7,300174.0,22.092072480000002,300174.0,0.0,1674904.941872428,-1674904.941872428,Limit,GoodTillCancel,nan,XBTUSD-000143,FLAT,0.0,108.4555,-0.004173683825144603,FLAT,0.20833333333333334,0.0
XBTUSD-000145,XBTUSD,XBt,LONG,2020-10-30T22:39:55.027000+00:00,13570.5,5555.0,0.40934795,5555.0,False,8.215033333333333,2020-10-30T22:40:47.767000+00:00,13584.5,True,False,5,5,1,3,0,0,1,3,0,0,0,5,0,0,1,11110.0,0.8186959,11110.0,0.0,122736.0,-122736.0,Limit,GoodTillCancel,nan,,FLAT,0.0,0.879,0.0010316495339155463,FLAT,0.0,0.0
XBTUSD-000146,XBTUSD,XBt,SHORT,2020-10-31T09:54:58.223000+00:00,13888.0,5555.0,0.39996,5555.0,False,674.1742666666667,2020-11-02T00:39:46.607000+00:00,13826.0,True,False,64,64,26,37,21,5,0,0,37,0,27,37,0,12,14,379105.0,27.616050399999995,379105.0,0.0,3452658.0,-3452658.0,Limit,GoodTillCancel,nan,,FLAT,0.0,2324.8064,0.004464285714285698,FLAT,0.421875,0.8076923076923077
XBTUSD-000147,XBTUSD,XBt,SHORT,2020-11-02T02:08:15.337000+00:00,13720.5,7212.0,0.52561056,7212.0,False,88.47883333333333,2020-11-04T10:47:06.739000+00:00,13700.0,True,False,125,125,51,73,17,33,1,32,41,0,34,91,0,27,24,585615.0,60.5466088,830812.0,0.0,6512680.0,-6512680.0,Limit,GoodTillCancel,nan,,FLAT,0.0,3398.8567,0.0014941146459677146,FLAT,0.272,0.3333333333333333
XBTUSD-000148,XBTUSD,XBt,SHORT,2020-11-04T11:05:50.204000+00:00,13683.0,233.0,0.01702764,233.0,False,18.724416666666666,2020-11-04T16:17:34.029000+00:00,14029.0,True,False,89,89,60,28,33,27,0,0,28,0,3,86,0,3,57,314184.0,22.849094430000005,314184.0,0.0,2637022.0,-2637022.0,Market,ImmediateOrCancel,nan,,FLAT,0.0,311.73041666666666,-0.025286852298472606,FLAT,0.033707865168539325,0.55
XBTUSD-000149,XBTUSD,XBt,SHORT,2020-11-04T17:04:20.121000+00:00,14238.0,5555.0,0.39012765,5555.0,False,46.7682,2020-11-04T22:30:19.696000+00:00,14197.0,True,False,7,7,0,6,0,0,0,6,0,0,1,6,0,0,0,5555.0,0.39012765,5555.0,0.0,19591.0,-19591.0,Limit,GoodTillCancel,nan,,FLAT,0.0,325.9929166666667,0.002879617923865707,FLAT,0.14285714285714285,
XBTUSD-000150,XBTUSD,XBt,LONG,2020-11-05T00:22:11.999000+00:00,14174.0,2333.0,0.16459315,2333.0,False,111.87171666666667,2020-11-05T00:42:26.509000+00:00,14114.5,True,False,3,3,1,1,0,1,0,0,1,0,1,2,0,1,0,4666.0,0.32981621,4666.0,0.0,33007.0,-33007.0,Market,ImmediateOrCancel,nan,,FLAT,0.0,20.241833333333332,-0.004197827007196286,FLAT,0.3333333333333333,0.0
XBTUSD-000151,XBTUSD,XBt,SHORT,2020-11-05T14:16:19.346000+00:00,14888.5,3333.0,0.22387761,3333.0,False,813.8806166666667,2020-11-05T23:12:07.395000+00:00,15728.2,True,False,63,63,61,1,5,56,0,0,1,0,18,45,0,18,43,352986.0,23.380768300000007,352986.0,0.0,2537958.0,-2537958.0,Limit,GoodTillCancel,nan,,FLAT,0.0,535.8008166666666,-0.0563992343083588,FLAT,0.2857142857142857,0.08196721311475409
XBTUSD-000152,XBTUSD,XBt,SHORT,2020-11-05T23:18:19.825000+00:00,15693.5,2333.0,0.14865876,2333.0,False,6.207166666666667,2020-11-06T01:13:14.089000+00:00,15975.5,True,False,131,131,65,65,53,12,0,0,65,0,0,131,0,0,65,718663.0,57.046211369999995,896662.0,0.0,8492924.0,-8492924.0,Market,ImmediateOrCancel,nan,,FLAT,0.0,114.9044,-0.017969222926689454,FLAT,0.0,0.8153846153846154
XBTUSD-000153,XBTUSD,XBt,SHORT,2020-11-06T20:10:53.722000+00:00,15408.0,1032.0,0.0669768,1032.0,False,1137.66055,2020-11-07T13:59:15.797000+00:00,15542.0,True,False,57,57,36,20,17,19,0,11,9,0,0,57,0,0,36,477999.0,31.033420720000002,477999.0,0.0,4654381.0,-4654381.0,Market,ImmediateOrCancel,nan,,FLAT,0.0,1068.3679166666666,-0.008696780893042488,FLAT,0.0,0.4722222222222222
XBTUSD-000154,XBTUSD,XBt,SHORT,2020-11-07T14:16:35.626000+00:00,15442.5,10.0,0.0006476,10.0,False,17.330483333333333,2020-11-07T22:36:45.818000+00:00,14848.5,True,False,45,45,15,29,9,5,1,29,0,0,1,44,0,1,14,318666.0,20.63043684,318666.0,0.0,2104263.0,-2104263.0,Market,ImmediateOrCancel,nan,,FLAT,0.0,500.1698666666667,0.038465274405050986,FLAT,0.022222222222222223,0.6
XBTUSD-000155,XBTUSD,XBt,LONG,2020-11-07T22:37:26.115000+00:00,14826.0,3333.0,0.22481085,3333.0,False,0.6716166666666666,2020-11-09T03:06:45.061000+00:00,15446.5,True,False,4,4,2,1,0,2,0,1,0,0,3,1,0,2,0,9999.0,0.6761323800000001,9999.0,0.0,31648.0,-31648.0,Limit,GoodTillCancel,nan,,FLAT,0.0,1709.3157666666666,0.041852151625522804,FLAT,0.75,0.0
XBTUSD-000156,XBTUSD,XBt,LONG,2020-11-09T13:52:41.018000+00:00,15229.0,18675.0,1.2262005,18675.0,False,645.9326166666667,2020-11-09T15:07:37.930000+00:00,15074.5,True,False,6,6,1,4,0,0,1,0,4,0,0,6,0,0,1,22333.0,1.46638478,22333.0,0.0,221094.0,-221094.0,Limit,GoodTillCancel,nan,,FLAT,0.0,74.94853333333334,-0.01014511786722705,FLAT,0.0,0.0
XBTUSD-000157,XBTUSD,XBt,LONG,2020-11-09T15:16:00.812000+00:00,15047.5,3254.0,0.21626084,3254.0,False,8.381366666666667,2020-11-09T17:52:21.902000+00:00,15208.0,True,False,9,9,7,1,1,2,4,1,0,0,7,2,0,6,1,15725.0,1.04723118,15725.0,0.0,74269.0,-74269.0,Limit,GoodTillCancel,nan,,FLAT,0.0,156.35150000000002,0.010666223625186877,FLAT,0.7777777777777778,0.14285714285714285
XBTUSD-000158,XBTUSD,XBt,LONG,2020-11-10T05:26:40.525000+00:00,15450.0,3464.0,0.22419008,3464.0,False,694.3103833333333,2020-11-13T05:14:05.931000+00:00,16292.0,True,False,53,53,35,17,19,15,1,17,0,0,23,30,0,19,16,295424.0,19.982774959999993,308888.0,0.0,1499640.0,-1499640.0,Limit,GoodTillCancel,nan,,FLAT,0.0,4307.423433333333,0.054498381877022606,FLAT,0.4339622641509434,0.5428571428571428
XBTUSD-000159,XBTUSD,XBt,SHORT,2020-11-14T16:48:38.566000+00:00,15885.0,53464.0,3.3655588,53464.0,False,2134.5439166666665,2020-11-15T08:17:55.567000+00:00,16137.5,True,False,19,19,6,12,6,0,0,3,9,0,3,16,0,0,6,160392.0,10.11859664,160392.0,0.0,1423327.7710609008,-1423327.7710609008,Market,ImmediateOrCancel,nan,,FLAT,0.0,929.2833499999999,-0.01589549889833175,FLAT,0.15789473684210525,1.0
XBTUSD-000160,XBTUSD,XBt,LONG,2020-11-15T08:17:55.567000+00:00,16137.5,13464.0,0.83436408,13464.0,True,0.0,2020-11-15T20:26:30.184000+00:00,15838.5,True,False,47,47,3,43,3,0,0,0,43,0,0,47,0,0,3,80130.0,4.9623228,80130.0,0.0,751563.2289390992,-751563.2289390992,Market,ImmediateOrCancel,nan,XBTUSD-000159,FLAT,0.0,728.57695,-0.018528272656855194,FLAT,0.0,1.0
XBTUSD-000161,XBTUSD,XBt,SHORT,2020-11-15T20:26:46.379000+00:00,15842.5,3748.0,0.23657376,3748.0,False,0.2699166666666667,2020-11-16T01:06:47.636000+00:00,16045.0,True,False,49,49,40,8,23,0,17,0,8,0,0,49,0,0,40,222220.0,14.031859679999997,222220.0,0.0,2095623.0,-2095623.0,Market,ImmediateOrCancel,nan,,FLAT,0.0,280.02095,-0.012782073536373728,FLAT,0.0,0.575
XBTUSD-000162,XBTUSD,XBt,LONG,2020-11-16T01:06:58.472000+00:00,16045.0,53464.0,3.33187648,53464.0,False,0.1806,2020-11-16T16:06:40.853000+00:00,16520.0,True,False,23,23,14,8,14,0,0,8,0,0,1,22,0,0,14,106928.0,6.64931768,106928.0,0.0,842161.0,-842161.0,Market,ImmediateOrCancel,nan,,FLAT,0.0,899.70635,0.029604238080398915,FLAT,0.043478260869565216,1.0
XBTUSD-000163,XBTUSD,XBt,SHORT,2020-11-16T17:15:06.821000+00:00,16666.0,23464.0,1.40784,23464.0,False,68.4328,2020-11-17T16:45:12.824000+00:00,17526.0,True,False,67,67,20,46,1,19,0,0,46,0,9,58,0,8,12,354340.0,26.822169320000004,461068.0,0.0,2672364.0,-2672364.0,Limit,GoodTillCancel,nan,,FLAT,0.0,1410.10005,-0.051602064082563404,FLAT,0.13432835820895522,0.05
XBTUSD-000164,XBTUSD,XBt,LONG,2020-11-18T02:03:54.075000+00:00,17737.0,3364.0,0.18966232,3364.0,False,558.6875166666666,2020-11-18T08:47:30.073000+00:00,18223.0,True,False,5,5,0,4,0,0,0,4,0,0,0,5,0,0,0,3364.0,0.18966232,3364.0,0.0,28068.0,-28068.0,Limit,GoodTillCancel,nan,,FLAT,0.0,403.59996666666666,0.027400349551784497,FLAT,0.0,
XBTUSD-000165,XBTUSD,XBt,SHORT,2020-11-19T08:46:11.520000+00:00,17461.0,3364.0,0.19265628,3364.0,False,1438.6907833333332,2020-11-19T13:33:55.026000+00:00,17987.5,True,False,22,22,14,7,0,14,0,0,7,0,14,8,0,14,0,55004.0,3.1313724400000003,55004.0,0.0,170310.0,-170310.0,Market,ImmediateOrCancel,nan,,FLAT,0.0,287.7251,-0.03015291220434113,FLAT,0.6363636363636364,0.0
XBTUSD-000166,XBTUSD,XBt,SHORT,2020-11-19T16:07:59.430000+00:00,17977.0,6364.0,0.35402932,6364.0,False,154.07340000000002,2020-11-20T04:42:59.559000+00:00,18244.0,True,False,4,4,2,1,2,0,0,0,1,0,0,4,0,0,2,12728.0,0.70812228,12728.0,0.0,105429.0,-105429.0,Market,ImmediateOrCancel,nan,,FLAT,0.0,755.00215,-0.014852311286644104,FLAT,0.0,1.0
XBTUSD-000167,XBTUSD,XBt,SHORT,2020-11-20T09:36:58.793000+00:00,18176.5,5639.0,0.31025778,5639.0,False,293.98723333333334,2020-11-20T14:25:18.686000+00:00,18391.5,True,False,97,97,15,81,12,3,0,0,81,0,0,97,0,0,15,175456.0,9.672272829999999,175456.0,0.0,1440566.0,-1440566.0,Market,ImmediateOrCancel,nan,,FLAT,0.0,288.33155,-0.01182845982449865,FLAT,0.0,0.8
XBTUSD-000168,XBTUSD,XBt,SHORT,2020-11-20T14:43:45.273000+00:00,18563.5,67426.0,3.63223862,67426.0,False,18.443116666666665,2020-11-21T02:05:28.553000+00:00,18894.5,True,False,52,52,39,12,0,39,0,0,12,0,0,52,0,0,39,379092.0,20.40453572,379092.0,0.0,3035216.0,-3035216.0,Market,ImmediateOrCancel,nan,,FLAT,0.0,681.7213333333333,-0.01783068925579756,FLAT,0.0,0.0
XBTUSD-000169,XBTUSD,XBt,SHORT,2020-11-21T02:41:52.184000+00:00,18807.5,51569.0,2.74192373,51569.0,False,36.39385,2020-11-23T10:26:40.975000+00:00,18757.0,True,False,38,38,28,9,28,0,0,8,1,0,0,38,0,0,28,360983.0,19.269378539999995,360983.0,0.0,2892918.0,-2892918.0,Market,ImmediateOrCancel,nan,,FLAT,0.0,3344.813183333333,0.0026850990296424238,FLAT,0.0,1.0
XBTUSD-000170,XBTUSD,XBt,SHORT,2020-11-23T17:26:16.790000+00:00,18401.0,31569.0,1.71545946,31569.0,False,419.59691666666663,2020-11-24T09:22:46.335000+00:00,18775.5,True,False,79,79,33,45,10,23,0,0,45,0,25,54,0,23,10,505104.0,27.256358909999996,505104.0,0.0,1686948.0,-1686948.0,Limit,GoodTillCancel,nan,,FLAT,0.0,956.4924166666666,-0.020352154774197162,FLAT,0.31645569620253167,0.30303030303030304
XBTUSD-000171,XBTUSD,XBt,SHORT,2020-11-24T09:37:31.814000+00:00,18990.5,1853.0,0.09757898,1853.0,False,14.757983333333334,2020-11-24T12:36:22.969000+00:00,19234.0,True,False,22,22,8,13,0,4,4,0,13,0,4,18,0,4,4,189414.0,9.94044672,189414.0,0.0,822542.0,-822542.0,Limit,GoodTillCancel,nan,,FLAT,0.0,178.85258333333334,-0.012822200573971099,FLAT,0.18181818181818182,0.0
XBTUSD-000172,XBTUSD,XBt,SHORT,2020-11-24T16:15:11.428000+00:00,19444.0,11569.0,0.59499367,11569.0,False,218.80765000000002,2020-11-25T05:01:52.001000+00:00,18729.5,True,False,21,21,15,5,15,0,0,5,0,0,1,20,0,0,15,136276.0,7.20862157,136276.0,0.0,1026821.0,-1026821.0,Limit,GoodTillCancel,nan,,FLAT,0.0,766.6762166666666,0.036746554206953275,FLAT,0.047619047619047616,1.0
XBTUSD-000173,XBTUSD,XBt,SHORT,2020-11-25T05:02:53.980000+00:00,18748.0,21569.0,1.15049046,21569.0,False,1.0329833333333334,2020-11-25T11:44:05.069000+00:00,19341.5,True,False,36,36,23,12,0,23,0,0,12,0,24,12,0,23,0,250983.0,13.290797109999998,250983.0,0.0,641660.0,-641660.0,Limit,GoodTillCancel,nan,,FLAT,0.0,401.1848166666667,-0.03165671004907189,FLAT,0.6666666666666666,0.0
XBTUSD-000174,XBTUSD,XBt,SHORT,2020-11-25T14:29:20.200000+00:00,19184.0,20000.0,1.0426,20000.0,False,165.25218333333333,2020-11-25T15:39:09.050000+00:00,19337.0,True,False,44,44,31,12,12,15,4,0,12,0,15,29,0,15,16,430843.0,22.40198953,430843.0,0.0,2073982.0,-2073982.0,Limit,GoodTillCancel,nan,,FLAT,0.0,69.81416666666668,-0.00797539616346965,FLAT,0.3409090909090909,0.3870967741935484
XBTUSD-000175,XBTUSD,XBt,SHORT,2020-11-25T15:48:42.683000+00:00,19241.0,61549.0,3.19870153,61549.0,False,9.560550000000001,2020-11-26T03:39:09.092000+00:00,17609.0,True,False,60,60,24,35,24,0,0,35,0,0,0,60,0,0,24,327520.0,17.482003080000002,327520.0,0.0,2706104.0,-2706104.0,Limit,GoodTillCancel,nan,,FLAT,0.0,710.44015,0.08481887635777763,FLAT,0.0,1.0
XBTUSD-000176,XBTUSD,XBt,SHORT,2020-11-26T05:51:37.972000+00:00,17895.0,8000.0,0.44704,8000.0,False,132.48133333333334,2020-11-26T08:15:57.353000+00:00,17407.0,True,False,25,25,5,19,0,5,0,19,0,0,6,19,0,5,0,80000.0,4.4542399999999995,80000.0,0.0,233275.0,-233275.0,Limit,GoodTillCancel,nan,,FLAT,0.0,144.32301666666666,0.027270187203129348,FLAT,0.24,0.0
XBTUSD-000177,XBTUSD,XBt,LONG,2020-11-26T08:31:45.596000+00:00,16815.5,9587.0,0.57013889,9587.0,False,15.80405,2020-11-26T10:46:43.232000+00:00,17141.0,True,False,25,25,14,10,8,6,0,10,0,0,0,25,0,0,14,90000.0,5.33496778,90000.0,0.0,793908.0,-793908.0,Market,ImmediateOrCancel,nan,,FLAT,0.0,134.9606,0.01935714073325201,FLAT,0.0,0.5714285714285714
XBTUSD-000178,XBTUSD,XBt,LONG,2020-11-26T11:59:39.503000+00:00,17120.0,101.0,0.00589941,101.0,False,72.93785,2020-11-26T13:46:55.070000+00:00,17234.5,True,False,6,6,4,1,3,1,0,1,0,0,0,6,0,0,4,24000.0,1.39788,24000.0,0.0,209275.0,-209275.0,Market,ImmediateOrCancel,nan,,FLAT,0.0,107.25945,0.006688084112149495,FLAT,0.0,0.75
XBTUSD-000179,XBTUSD,XBt,LONG,2020-11-26T17:01:29.742000+00:00,16555.0,18000.0,1.0872,18000.0,False,194.57786666666667,2020-11-27T02:06:54.663000+00:00,17241.0,True,False,6,6,2,3,0,2,0,3,0,0,3,3,0,2,0,54000.0,3.2839199999999997,54000.0,0.0,152802.0,-152802.0,Limit,GoodTillCancel,nan,,FLAT,0.0,545.41535,0.04143763213530649,FLAT,0.5,0.0
XBTUSD-000180,XBTUSD,XBt,SHORT,2020-11-28T04:44:44.987000+00:00,16934.0,9500.0,0.560975,9500.0,False,1597.8387333333333,2020-11-28T10:49:45.480000+00:00,17248.0,True,False,5,5,2,2,0,0,2,0,2,0,0,5,0,0,2,22000.0,1.2991,22000.0,0.0,193098.0,-193098.0,Market,ImmediateOrCancel,nan,,FLAT,0.0,365.00821666666667,-0.01854257706389517,FLAT,0.0,0.0
XBTUSD-000181,XBTUSD,XBt,SHORT,2020-11-28T12:36:16.625000+00:00,17090.5,4.0,0.00023404,4.0,False,106.51908333333334,2020-11-30T14:53:19.046000+00:00,19850.0,True,False,562,562,374,187,0,358,16,0,187,0,81,481,0,72,302,1186686.0,180.00898900999985,3377554.0,0.0,22275745.0,-22275745.0,Market,ImmediateOrCancel,nan,,FLAT,0.0,3017.04035,-0.1614639712120769,FLAT,0.14412811387900357,0.0
XBTUSD-000182,XBTUSD,XBt,LONG,2020-11-30T14:56:09.826000+00:00,19715.5,12212.0,0.61939264,12212.0,False,2.8463333333333334,2020-12-01T03:28:07.956000+00:00,19568.5,True,False,63,63,33,29,2,31,0,29,0,0,15,48,0,15,18,249696.0,12.957480999999998,249696.0,0.0,1131784.0,-1131784.0,Market,ImmediateOrCancel,nan,,FLAT,0.0,751.9688333333332,-0.0074560624889046245,FLAT,0.23809523809523808,0.06060606060606061
XBTUSD-000183,XBTUSD,XBt,LONG,2020-12-01T03:55:55.191000+00:00,19528.0,12212.0,0.62537652,12212.0,False,27.787249999999997,2020-12-01T13:59:26.993000+00:00,18773.0,True,False,240,240,118,121,11,107,0,47,74,0,98,142,0,80,38,887420.0,86.60850212000001,1635024.0,0.0,4335280.16170916,-4335280.16170916,Limit,GoodTillCancel,nan,,FLAT,0.0,603.5300333333333,-0.038662433428922616,FLAT,0.4083333333333333,0.09322033898305085
XBTUSD-000184,XBTUSD,XBt,SHORT,2020-12-01T13:59:26.993000+00:00,18773.0,4786.0,0.25495022,4786.0,True,0.0,2020-12-01T14:23:27.499000+00:00,18939.5,True,False,26,26,14,11,0,8,6,1,10,0,9,17,0,8,6,132488.0,8.19512796,154700.0,0.0,427765.8382908404,-427765.8382908404,Market,ImmediateOrCancel,nan,XBTUSD-000183,FLAT,0.0,24.008433333333336,-0.008869120545464293,FLAT,0.34615384615384615,0.0
XBTUSD-000185,XBTUSD,XBt,LONG,2020-12-01T14:29:02.977000+00:00,18863.0,32212.0,1.70755812,32212.0,False,5.5913,2020-12-01T14:42:17.949000+00:00,19223.0,True,False,4,4,0,3,0,0,0,3,0,0,1,3,0,0,0,32212.0,1.70755812,32212.0,0.0,82987.0,-82987.0,Limit,GoodTillCancel,nan,,FLAT,0.0,13.249533333333334,0.019084981180087945,FLAT,0.25,
XBTUSD-000186,XBTUSD,XBt,SHORT,2020-12-01T14:50:29.199000+00:00,19253.0,20000.0,1.0388,20000.0,False,8.1875,2020-12-01T16:15:37.605000+00:00,19037.5,True,False,92,92,53,38,0,48,5,38,0,0,7,85,0,0,53,344424.0,18.920528089999994,366636.0,0.0,2208431.0923824958,-2208431.0923824958,Market,ImmediateOrCancel,nan,,FLAT,0.0,85.1401,0.011193060821690137,FLAT,0.07608695652173914,0.0
XBTUSD-000187,XBTUSD,XBt,LONG,2020-12-01T16:15:37.605000+00:00,19037.5,11060.0,0.5809818,11060.0,True,0.0,2020-12-04T14:27:17.648000+00:00,19124.0,True,False,158,158,74,83,17,57,0,74,9,0,93,65,0,70,4,397604.0,51.30643975999999,962176.0,0.0,1866486.76967871,-1866486.76967871,Limit,GoodTillCancel,nan,XBTUSD-000186,FLAT,0.0,4211.667383333333,0.004543663821405142,FLAT,0.5886075949367089,0.22972972972972974
XBTUSD-000188,XBTUSD,XBt,SHORT,2020-12-04T14:27:17.648000+00:00,19124.0,4271.0,0.22333059,4271.0,True,0.0,2020-12-07T06:08:57.253000+00:00,19308.5,True,False,58,58,45,12,9,36,0,7,5,0,46,12,0,38,7,196747.0,11.91198387,226483.0,0.0,657097.0377207983,-657097.0377207983,Limit,GoodTillCancel,nan,XBTUSD-000187,FLAT,0.0,3821.6600833333337,-0.009647563271282245,FLAT,0.7931034482758621,0.2
XBTUSD-000189,XBTUSD,XBt,LONG,2020-12-07T06:08:57.253000+00:00,19308.5,9113.0,0.47196226999999996,9113.0,True,0.0,2020-12-07T12:00:14.410000+00:00,19040.4,True,False,13,13,11,1,9,0,2,0,1,0,0,13,0,0,11,216111.0,11.15159547,216111.0,0.0,1687627.1002179957,-1687627.1002179957,Market,ImmediateOrCancel,nan,XBTUSD-000188,FLAT,0.0,351.28595,-0.013885076520703254,FLAT,0.0,0.8181818181818182
XBTUSD-000190,XBTUSD,XBt,SHORT,2020-12-07T12:03:25.850000+00:00,19124.5,5000.0,0.26145,5000.0,False,3.1906666666666665,2020-12-09T13:55:06.142000+00:00,18428.0,True,False,50,50,25,24,9,16,0,24,0,0,34,16,0,13,12,245330.0,12.891464180000002,245330.0,0.0,239097.0,-239097.0,Market,ImmediateOrCancel,nan,,FLAT,0.0,2991.671533333333,0.03641925279092262,FLAT,0.68,0.36
XBTUSD-000191,XBTUSD,XBt,SHORT,2020-12-10T09:53:27.583000+00:00,18289.5,3414.0,0.18667752,3414.0,False,1198.35735,2020-12-10T18:12:06.951000+00:00,18234.0,True,False,36,36,24,11,20,0,4,5,6,0,5,31,0,0,24,181099.0,9.9349258,181099.0,0.0,1401888.0,-1401888.0,Market,ImmediateOrCancel,nan,,FLAT,0.0,498.6561333333333,0.003034528007873405,FLAT,0.1388888888888889,0.8333333333333334
XBTUSD-000192,XBTUSD,XBt,SHORT,2020-12-10T18:48:20.048000+00:00,18300.0,17997.0,0.98335608,17997.0,False,36.21828333333334,2020-12-10T18:48:54.422000+00:00,18302.0,True,False,3,3,1,1,0,0,1,0,1,0,2,1,0,1,0,22222.0,1.21421008,22222.0,0.0,60711.0,-60711.0,Limit,GoodTillCancel,nan,,FLAT,0.0,0.5729000000000001,-0.00010928961748635224,FLAT,0.6666666666666666,0.0
XBTUSD-000193,XBTUSD,XBt,LONG,2020-12-11T01:01:51.050000+00:00,17875.5,25999.0,1.45438406,25999.0,False,372.9438,2020-12-11T09:43:42.365000+00:00,17779.5,True,False,6,6,1,4,0,1,0,0,4,0,2,4,0,1,0,51998.0,2.91734779,51998.0,0.0,146394.0,-146394.0,Limit,GoodTillCancel,nan,,FLAT,0.0,521.85525,-0.00537047914743638,FLAT,0.3333333333333333,0.0
XBTUSD-000194,XBTUSD,XBt,LONG,2020-12-12T21:41:21.823000+00:00,18787.0,666.0,0.03545118,666.0,False,2157.6576333333333,2020-12-16T21:46:56.224000+00:00,21148.0,True,False,13,13,8,4,5,3,0,4,0,0,5,8,0,5,3,127996.0,6.56081,127996.0,0.0,645899.0,-645899.0,Limit,GoodTillCancel,nan,,FLAT,0.0,5765.573350000001,0.12567200723904826,FLAT,0.38461538461538464,0.625
XBTUSD-000195,XBTUSD,XBt,LONG,2020-12-16T22:52:43.106000+00:00,21353.0,59.0,0.00276297,59.0,False,65.78136666666667,2020-12-17T08:36:50.090000+00:00,22738.0,True,False,10,10,8,1,3,2,3,1,0,0,3,7,0,3,5,16666.0,0.75272518,16666.0,0.0,96187.0,-96187.0,Limit,GoodTillCancel,nan,,FLAT,0.0,584.1164,0.06486208026975127,FLAT,0.3,0.375
XBTUSD-000196,XBTUSD,XBt,LONG,2020-12-17T09:41:46.320000+00:00,22407.5,1111.0,0.04958393,1111.0,False,64.93716666666667,2020-12-17T13:22:35.946000+00:00,23156.5,True,False,3,3,1,1,0,1,0,1,0,0,2,1,0,1,0,2222.0,0.09927896,2222.0,0.0,4714.0,-4714.0,Limit,GoodTillCancel,nan,,FLAT,0.0,220.8271,0.033426308155751316,FLAT,0.6666666666666666,0.0
XBTUSD-000197,XBTUSD,XBt,LONG,2020-12-17T20:46:25.902000+00:00,22307.5,1111.0,0.04980613,1111.0,False,443.83259999999996,2020-12-21T16:10:20.965000+00:00,23047.5,True,False,105,105,84,20,33,51,0,0,20,0,60,45,0,48,36,271325.0,11.609924989999998,271325.0,0.0,665145.0,-665145.0,Limit,GoodTillCancel,nan,,FLAT,0.0,5483.917716666667,0.03317269976465309,FLAT,0.5714285714285714,0.39285714285714285
XBTUSD-000198,XBTUSD,XBt,LONG,2020-12-21T17:25:09.585000+00:00,22808.0,586.0,0.02569024,586.0,False,74.81033333333333,2020-12-21T22:05:28.063000+00:00,23109.5,True,False,17,17,6,10,0,1,5,10,0,0,7,10,0,6,0,24222.0,1.06479912,24222.0,0.0,52002.0,-52002.0,Limit,GoodTillCancel,nan,,FLAT,0.0,280.30796666666663,0.013219045948789976,FLAT,0.4117647058823529,0.0
XBTUSD-000199,XBTUSD,XBt,LONG,2020-12-21T23:57:20.972000+00:00,22811.0,12111.0,0.53094624,12111.0,False,111.88181666666667,2020-12-23T20:49:50.122000+00:00,23474.5,True,False,4,4,2,1,0,2,0,1,0,0,3,1,0,2,0,36333.0,1.60446528,36333.0,0.0,75973.0,-75973.0,Limit,GoodTillCancel,nan,,FLAT,0.0,2692.485833333333,0.029086844066459117,FLAT,0.75,0.0
XBTUSD-000200,XBTUSD,XBt,LONG,2020-12-23T22:14:30.283000+00:00,23105.5,12111.0,0.52416408,12111.0,False,84.66935,2020-12-25T20:33:17.159000+00:00,24383.5,True,False,12,12,9,2,8,1,0,2,0,0,2,10,0,1,8,54888.0,2.35312875,54888.0,0.0,239936.0,-239936.0,Limit,GoodTillCancel,nan,,FLAT,0.0,2778.7812666666664,0.05531150591850431,FLAT,0.16666666666666666,0.8888888888888888
XBTUSD-000201,XBTUSD,XBt,LONG,2020-12-25T21:16:23.465000+00:00,24265.0,5111.0,0.21062431,5111.0,False,43.1051,2020-12-26T08:45:34.832000+00:00,24899.5,True,False,3,3,1,1,0,1,0,1,0,0,2,1,0,1,0,10222.0,0.42145306000000005,10222.0,0.0,20253.0,-20253.0,Limit,GoodTillCancel,nan,,FLAT,0.0,689.18945,0.02614877395425519,FLAT,0.6666666666666666,0.0
XBTUSD-000202,XBTUSD,XBt,LONG,2020-12-26T09:28:19.089000+00:00,24777.0,6666.0,0.26903976,6666.0,False,42.73761666666667,2020-12-26T16:11:27.155000+00:00,25743.0,True,False,5,5,1,3,0,1,0,3,0,0,2,3,0,1,0,13332.0,0.5392794000000001,13332.0,0.0,25354.0,-25354.0,Limit,GoodTillCancel,nan,,FLAT,0.0,403.13443333333333,0.03898777091657579,FLAT,0.4,0.0
XBTUSD-000203,XBTUSD,XBt,LONG,2020-12-27T21:17:09.916000+00:00,26111.0,172.0,0.0065876,172.0,False,1745.7126833333334,2020-12-29T02:15:37.391000+00:00,26765.0,True,False,6,6,2,3,0,1,1,3,0,0,3,3,0,2,0,6666.0,0.25640769,6666.0,0.0,12269.0,-12269.0,Limit,GoodTillCancel,nan,,FLAT,0.0,1738.4579166666667,0.02504691509325574,FLAT,0.5,0.0
XBTUSD-000204,XBTUSD,XBt,SHORT,2020-12-31T04:03:40.549000+00:00,29020.0,555.0,0.0191253,555.0,False,2988.0526333333332,2021-01-02T12:21:01.235000+00:00,30332.5,True,False,29,29,24,4,9,15,0,0,4,0,13,16,0,13,11,69435.0,2.34958504,69435.0,0.0,256433.0,-256433.0,Limit,GoodTillCancel,nan,,FLAT,0.0,3377.3447666666666,-0.045227429359062654,FLAT,0.4482758620689655,0.375
XBTUSD-000205,XBTUSD,XBt,SHORT,2021-01-02T12:33:01.573000+00:00,30312.0,13371.0,0.44110929,13371.0,False,12.005633333333332,2021-01-02T15:53:31.562000+00:00,31909.0,True,False,13,13,9,3,0,4,5,0,3,0,4,9,0,4,5,111219.0,3.6031704500000004,111219.0,0.0,311727.0,-311727.0,Market,ImmediateOrCancel,nan,,FLAT,0.0,200.49981666666665,-0.05268540512008446,FLAT,0.3076923076923077,0.0
XBTUSD-000206,XBTUSD,XBt,LONG,2021-01-02T16:07:48.436000+00:00,32070.0,2607.0,0.08128626,2607.0,False,14.281233333333335,2021-01-02T18:14:23.769000+00:00,32700.0,True,False,15,15,3,11,0,0,3,11,0,0,0,15,0,0,3,42555.0,1.3268649,42555.0,0.0,197136.0,-197136.0,Market,ImmediateOrCancel,nan,,FLAT,0.0,126.58888333333333,0.019644527595884087,FLAT,0.0,0.0
XBTUSD-000207,XBTUSD,XBt,SHORT,2021-01-02T20:12:50.757000+00:00,32827.5,140567.0,4.28167082,140567.0,False,118.44980000000001,2021-01-02T20:25:22.913000+00:00,32340.0,True,False,37,37,15,21,14,0,1,21,0,0,0,37,0,0,15,285110.0,8.688727250000001,285110.0,0.0,1312619.0,-1312619.0,Market,ImmediateOrCancel,nan,,FLAT,0.0,12.535933333333332,0.014850354123829068,FLAT,0.0,0.9333333333333333
XBTUSD-000208,XBTUSD,XBt,SHORT,2021-01-02T20:36:17.382000+00:00,32350.0,20450.0,0.6321095,20450.0,False,10.907816666666667,2021-01-02T21:52:13.779000+00:00,31820.0,True,False,89,89,34,54,29,0,5,54,0,0,5,84,0,0,34,427665.0,13.224228479999995,427665.0,0.0,1914715.0,-1914715.0,Market,ImmediateOrCancel,nan,,FLAT,0.0,75.93995,0.016383307573415773,FLAT,0.056179775280898875,0.8529411764705882
XBTUSD-000209,XBTUSD,XBt,SHORT,2021-01-03T10:24:57.874000+00:00,33812.0,7704.0,0.22788432,7704.0,False,752.7349166666667,2021-01-03T13:03:44.787000+00:00,34290.0,True,False,5,5,3,1,0,0,3,0,1,0,0,5,0,0,3,32555.0,0.9629768999999999,32555.0,0.0,143418.0,-143418.0,Market,ImmediateOrCancel,nan,,FLAT,0.0,158.78188333333335,-0.014136992783627012,FLAT,0.0,0.0
XBTUSD-000210,XBTUSD,XBt,LONG,2021-01-03T17:22:17.147000+00:00,33107.5,5555.0,0.167761,5555.0,False,258.53933333333333,2021-01-04T10:55:48.900000+00:00,30213.5,True,False,37,37,31,5,1,30,0,0,5,0,22,15,0,22,9,263784.0,8.679846720000002,263784.0,0.0,599951.0,-599951.0,Market,ImmediateOrCancel,nan,,FLAT,0.0,1053.5292166666666,-0.08741221777542851,FLAT,0.5945945945945946,0.03225806451612903
XBTUSD-000211,XBTUSD,XBt,LONG,2021-01-04T10:58:27.489000+00:00,30222.0,11239.0,0.37189851,11239.0,False,2.64315,2021-01-04T11:28:50.073000+00:00,30254.5,True,False,12,12,10,1,0,10,0,1,0,0,11,1,0,10,0,89912.0,3.0140750200000004,89912.0,0.0,147523.0,-147523.0,Limit,GoodTillCancel,nan,,FLAT,0.0,30.3764,0.0010753755542320942,FLAT,0.9166666666666666,0.0
XBTUSD-000212,XBTUSD,XBt,LONG,2021-01-04T11:31:09.155000+00:00,30111.0,6019.0,0.19989099,6019.0,False,2.318033333333333,2021-01-04T12:23:01.471000+00:00,31090.5,True,False,4,4,2,1,0,1,1,1,0,0,3,1,0,2,0,22478.0,0.7478430599999999,22478.0,0.0,35522.0,-35522.0,Limit,GoodTillCancel,nan,,FLAT,0.0,51.87193333333333,0.03252964033077621,FLAT,0.75,0.0
XBTUSD-000213,XBTUSD,XBt,SHORT,2021-01-04T19:51:15.017000+00:00,31679.0,5239.0,0.16539523,5239.0,False,448.22576666666663,2021-01-05T18:42:23.975000+00:00,33377.5,True,False,125,125,63,61,20,43,0,2,59,0,58,67,0,56,7,490335.0,16.55073166,536555.0,0.0,882071.0,-882071.0,Market,ImmediateOrCancel,nan,,FLAT,0.0,1371.1493,-0.05361596009975056,FLAT,0.464,0.31746031746031744
XBTUSD-000214,XBTUSD,XBt,LONG,2021-01-05T18:43:07.595000+00:00,33387.0,11555.0,0.34607225,11555.0,False,0.727,2021-01-05T19:05:33.019000+00:00,33455.5,True,False,4,4,0,3,0,0,0,3,0,0,0,4,0,0,0,11555.0,0.34607225,11555.0,0.0,51857.0,-51857.0,Market,ImmediateOrCancel,nan,,FLAT,0.0,22.423733333333335,0.0020516967682031595,FLAT,0.0,
XBTUSD-000215,XBTUSD,XBt,LONG,2021-01-06T05:46:47.662000+00:00,34965.0,112000.0,3.2032,112000.0,False,641.2440499999999,2021-01-06T07:45:48.465000+00:00,34626.1,True,False,2,2,0,1,0,0,0,0,1,0,0,2,0,0,0,112000.0,3.2032,112000.0,0.0,482832.0,-482832.0,Market,ImmediateOrCancel,nan,,FLAT,0.0,119.01338333333334,-0.009692549692549735,FLAT,0.0,
XBTUSD-000216,XBTUSD,XBt,LONG,2021-01-06T07:49:25.966000+00:00,34656.5,15000.0,0.43275,15000.0,False,3.6250166666666668,2021-01-06T19:34:50.621000+00:00,35623.0,True,False,35,35,28,6,25,1,2,6,0,0,3,32,0,3,25,132000.0,3.803139530000001,132000.0,0.0,493886.0,-493886.0,Market,ImmediateOrCancel,nan,,FLAT,0.0,705.4109166666666,0.027887986380621177,FLAT,0.08571428571428572,0.8928571428571429
XBTUSD-000217,XBTUSD,XBt,LONG,2021-01-06T20:04:24.564000+00:00,34333.0,12000.0,0.34956,12000.0,False,29.565716666666667,2021-01-06T20:19:05.852000+00:00,34665.0,True,False,2,2,0,1,0,0,0,1,0,0,1,1,0,0,0,12000.0,0.34956,12000.0,0.0,17226.0,-17226.0,Limit,GoodTillCancel,nan,,FLAT,0.0,14.688133333333333,0.009669996796085378,FLAT,0.5,
XBTUSD-000218,XBTUSD,XBt,SHORT,2021-01-07T19:40:30.950000+00:00,38983.5,12000.0,0.3078,12000.0,False,1401.4183,2021-01-08T09:52:52.272000+00:00,39120.0,True,False,103,103,65,37,37,28,0,0,37,0,54,49,0,54,11,458000.0,11.791100000000002,458000.0,0.0,740147.0,-740147.0,Market,ImmediateOrCancel,nan,,FLAT,0.0,852.3553666666667,-0.003501481395975281,FLAT,0.5242718446601942,0.5692307692307692
XBTUSD-000219,XBTUSD,XBt,LONG,2021-01-08T10:37:00.960000+00:00,40256.0,40000.0,0.9936,40000.0,False,44.144800000000004,2021-01-08T20:48:08.997000+00:00,38993.5,True,False,12,12,6,5,0,0,6,0,5,0,0,12,0,0,6,111111.0,2.7599972399999997,111111.0,0.0,420747.0,-420747.0,Market,ImmediateOrCancel,nan,,FLAT,0.0,611.1339499999999,-0.03136178457869632,FLAT,0.0,0.0
XBTUSD-000220,XBTUSD,XBt,LONG,2021-01-08T20:53:38.971000+00:00,39358.5,15000.0,0.38115,15000.0,False,5.4995666666666665,2021-01-08T21:02:50.052000+00:00,38675.5,True,False,23,23,14,8,7,7,0,0,8,0,0,23,0,0,14,111111.0,2.8224561399999994,111111.0,0.0,427148.0,-427148.0,Market,ImmediateOrCancel,nan,,FLAT,0.0,9.184683333333334,-0.01735330360659071,FLAT,0.0,0.5
XBTUSD-000221,XBTUSD,XBt,LONG,2021-01-08T21:05:25.835000+00:00,39225.0,2000.0,0.05098,2000.0,False,2.5963833333333333,2021-01-08T21:24:14.972000+00:00,39775.0,True,False,94,94,41,52,11,30,0,52,0,0,0,94,0,0,41,555555.0,14.154506150000001,555555.0,0.0,2112066.0,-2112066.0,Market,ImmediateOrCancel,nan,,FLAT,0.0,18.818949999999997,0.014021669853409913,FLAT,0.0,0.2682926829268293
XBTUSD-000222,XBTUSD,XBt,LONG,2021-01-08T21:54:56.796000+00:00,39697.5,15555.0,0.39183045,15555.0,False,30.697066666666668,2021-01-08T22:04:01.725000+00:00,39980.0,True,False,3,3,0,2,0,0,0,2,0,0,0,3,0,0,0,15555.0,0.39183045,15555.0,0.0,58564.0,-58564.0,Market,ImmediateOrCancel,nan,,FLAT,0.0,9.08215,0.00711631714843497,FLAT,0.0,
XBTUSD-000223,XBTUSD,XBt,LONG,2021-01-09T02:45:30.854000+00:00,39555.0,15555.0,0.3932304,15555.0,False,281.4854833333333,2021-01-09T07:00:18.977000+00:00,38833.0,True,False,14,14,3,10,0,3,0,0,10,0,4,10,0,3,0,62220.0,1.5862989,62220.0,0.0,80503.0,-80503.0,Limit,GoodTillCancel,nan,,FLAT,0.0,254.80204999999998,-0.01825306535204141,FLAT,0.2857142857142857,0.0
XBTUSD-000224,XBTUSD,XBt,LONG,2021-01-09T18:07:50.841000+00:00,40857.5,3979.0,0.09740592,3979.0,False,667.5310666666667,2021-01-10T18:28:25.046000+00:00,38143.0,True,False,29,29,7,21,0,6,1,0,21,0,5,24,0,5,2,171997.0,4.431868420000001,171997.0,0.0,335715.0,-335715.0,Market,ImmediateOrCancel,nan,,FLAT,0.0,1460.5700833333333,-0.0664382304350486,FLAT,0.1724137931034483,0.0
XBTUSD-000225,XBTUSD,XBt,LONG,2021-01-10T19:59:08.444000+00:00,37266.0,15129.0,0.40591107,15129.0,False,90.72330000000001,2021-01-10T20:53:26.744000+00:00,37450.0,True,False,30,30,8,21,0,7,1,21,0,0,9,21,0,8,0,354440.0,9.9266873,354440.0,0.0,461893.0,-461893.0,Limit,GoodTillCancel,nan,,FLAT,0.0,54.305,0.004937476520152417,FLAT,0.3,0.0
XBTUSD-000226,XBTUSD,XBt,SHORT,2021-01-10T21:05:41.216000+00:00,37957.5,30000.0,0.7905,30000.0,False,12.2412,2021-01-11T00:02:00.843000+00:00,38129.5,True,False,35,35,17,17,0,15,2,17,0,0,21,14,0,9,8,251110.0,9.3168164,357775.0,0.0,830710.0,-830710.0,Market,ImmediateOrCancel,nan,,FLAT,0.0,176.32711666666668,-0.004531383784495802,FLAT,0.6,0.0
XBTUSD-000227,XBTUSD,XBt,LONG,2021-01-11T00:20:35.232000+00:00,37840.0,6.0,0.00015858,6.0,False,18.57315,2021-01-11T00:43:21.256000+00:00,37408.5,True,False,19,19,17,1,10,7,0,0,1,0,0,19,0,0,17,95555.0,2.52551865,95555.0,0.0,380968.0,-380968.0,Market,ImmediateOrCancel,nan,,FLAT,0.0,22.767066666666665,-0.011403276955602504,FLAT,0.0,0.5882352941176471
XBTUSD-000228,XBTUSD,XBt,LONG,2021-01-11T00:45:16.855000+00:00,37222.0,22222.0,0.59710514,22222.0,False,1.92665,2021-01-11T04:18:35.709000+00:00,35581.0,True,False,107,107,47,59,0,47,0,41,18,0,68,39,0,47,0,855547.0,24.336867740000006,855547.0,0.0,567993.0,-567993.0,Limit,GoodTillCancel,nan,,FLAT,0.0,213.31423333333333,-0.04408683036913652,FLAT,0.6355140186915887,0.0
XBTUSD-000229,XBTUSD,XBt,LONG,2021-01-11T04:21:52.312000+00:00,35222.0,1563.0,0.04437357,1563.0,False,3.2767166666666667,2021-01-11T17:39:14.847000+00:00,33247.0,True,False,348,348,122,225,26,95,1,81,144,0,51,297,0,50,72,815546.0,52.89904014999999,1709981.0,0.0,4271528.0,-4271528.0,Limit,GoodTillCancel,nan,,FLAT,0.0,797.3755833333333,-0.05607290897734374,FLAT,0.14655172413793102,0.21311475409836064
XBTUSD-000230,XBTUSD,XBt,LONG,2021-01-11T17:45:09.951000+00:00,32777.0,15555.0,0.47458305,15555.0,False,5.9184,2021-01-11T18:50:15.642000+00:00,33166.0,True,False,12,12,4,7,0,4,0,7,0,0,5,7,0,4,0,72220.0,2.2222539,72220.0,0.0,107749.0,-107749.0,Limit,GoodTillCancel,nan,,FLAT,0.0,65.09485,0.01186807822558511,FLAT,0.4166666666666667,0.0
XBTUSD-000231,XBTUSD,XBt,LONG,2021-01-11T18:51:57.740000+00:00,32968.0,1200.0,0.036396,1200.0,False,1.7016333333333333,2021-01-12T06:31:16.083000+00:00,36333.0,True,False,106,106,49,56,6,41,2,56,0,0,69,37,0,44,5,457770.0,15.738774970000005,508880.0,0.0,-188328.5265620431,188328.5265620431,Limit,GoodTillCancel,nan,,FLAT,0.0,699.3057166666666,0.10206867265226882,FLAT,0.6509433962264151,0.12244897959183673
XBTUSD-000232,XBTUSD,XBt,SHORT,2021-01-12T06:31:16.083000+00:00,36333.0,1633.0,0.04494016000000001,1633.0000000000002,True,0.0,2021-01-12T12:54:19.805000+00:00,35183.0,True,False,57,57,18,38,6,11,1,36,2,0,13,44,0,12,6,231110.0,6.3910134,231110.0,0.0,456145.5265620431,-456145.5265620431,Limit,GoodTillCancel,nan,XBTUSD-000231,FLAT,0.0,383.0620333333334,0.031651666529050715,FLAT,0.22807017543859648,0.3333333333333333
XBTUSD-000233,XBTUSD,XBt,LONG,2021-01-12T13:25:08.247000+00:00,34485.0,22182.0,0.643278,22182.0,False,30.807366666666667,2021-01-13T05:26:51.545000+00:00,32980.5,True,False,240,240,103,136,13,89,1,55,81,0,23,217,0,22,81,1152912.0,45.39507699999998,1516944.0,0.0,5834825.0,-5834825.0,Limit,GoodTillCancel,nan,,FLAT,0.0,961.7216333333333,-0.04362766420182684,FLAT,0.09583333333333334,0.1262135922330097
XBTUSD-000234,XBTUSD,XBt,LONG,2021-01-13T05:27:50.940000+00:00,33005.5,108163.0,3.2773389,108163.0,False,0.9899166666666667,2021-01-13T05:37:35.582000+00:00,33218.5,True,False,25,25,12,12,9,0,3,12,0,0,0,25,0,0,12,282016.0,8.54226464,282016.0,0.0,1277846.0,-1277846.0,Market,ImmediateOrCancel,nan,,FLAT,0.0,9.744033333333334,0.0064534698762328535,FLAT,0.0,0.75
XBTUSD-000235,XBTUSD,XBt,LONG,2021-01-13T05:53:40.164000+00:00,32992.0,5008.0,0.15179248,5008.0,False,16.076366666666665,2021-01-13T21:51:43.903000+00:00,37333.0,True,False,98,98,41,56,41,0,0,56,0,0,56,42,0,0,41,679016.0,22.7337821,767048.0,0.0,1178624.604181782,-1178624.604181782,Market,ImmediateOrCancel,nan,,FLAT,0.0,958.0623166666667,0.13157735208535404,FLAT,0.5714285714285714,1.0
XBTUSD-000236,XBTUSD,XBt,SHORT,2021-01-13T21:51:43.903000+00:00,37333.0,4528.0,0.12130512,4528.0,True,0.0,2021-01-15T06:11:54.905000+00:00,37758.0,True,False,671,671,386,284,114,272,0,217,67,0,213,458,0,165,221,1088298.0,105.16036998999994,4079106.0,0.0,8866161.395818219,-8866161.395818219,Limit,GoodTillCancel,nan,XBTUSD-000235,FLAT,0.0,1940.1833666666666,-0.011384030214555585,FLAT,0.3174366616989568,0.29533678756476683
XBTUSD-000237,XBTUSD,XBt,SHORT,2021-01-15T06:15:16.128000+00:00,37781.5,35558.0,0.94122026,35558.0,False,3.3537166666666667,2021-01-15T12:41:39.739000+00:00,37506.0,True,False,167,167,65,101,4,60,1,44,57,0,60,107,0,57,8,710247.0,31.69696316,1211522.0,0.0,1993784.0,-1993784.0,Market,ImmediateOrCancel,nan,,FLAT,0.0,386.3935166666667,0.007291928589388985,FLAT,0.3592814371257485,0.06153846153846154
XBTUSD-000238,XBTUSD,XBt,SHORT,2021-01-15T13:05:57.734000+00:00,37888.0,11537.0,0.30446143,11537.0,False,24.299916666666665,2021-01-15T14:25:02.481000+00:00,37207.0,True,False,2,2,0,1,0,0,0,1,0,0,1,1,0,0,0,11537.0,0.30446143,11537.0,0.0,15647.0,-15647.0,Limit,GoodTillCancel,nan,,FLAT,0.0,79.07911666666668,0.017974028716216228,FLAT,0.5,
XBTUSD-000239,XBTUSD,XBt,LONG,2021-01-15T14:25:04.799000+00:00,37239.0,2000.0,0.0537,2000.0,False,0.03863333333333333,2021-01-15T16:27:39.983000+00:00,35985.0,True,False,264,264,110,153,8,102,0,0,153,0,44,220,0,27,83,1788807.0,63.37684566999999,2294955.0,0.0,6293276.220498015,-6293276.220498015,Market,ImmediateOrCancel,nan,,FLAT,0.0,122.5864,-0.03367437364053816,FLAT,0.16666666666666666,0.07272727272727272
XBTUSD-000240,XBTUSD,XBt,SHORT,2021-01-15T16:27:39.983000+00:00,35985.0,13330.0,0.3704407,13330.0,True,0.0,2021-01-15T17:13:22.666000+00:00,35425.5,True,False,111,111,47,63,27,20,0,63,0,0,46,65,0,5,42,1041933.0,32.80757677,1183470.0,0.0,1789569.4199055738,-1789569.4199055738,Market,ImmediateOrCancel,nan,XBTUSD-000239,FLAT,0.0,45.71138333333333,0.015548145060441887,FLAT,0.4144144144144144,0.574468085106383
XBTUSD-000241,XBTUSD,XBt,LONG,2021-01-15T17:13:22.666000+00:00,35425.5,65363.0,1.84519749,65363.0,True,0.0,2021-01-15T22:41:59.762000+00:00,36649.0,True,False,1296,1296,683,612,328,354,1,516,96,0,475,821,0,191,492,3110714.0,348.68392448000003,12433595.0,0.0,17759557.35959641,-17759557.35959641,Market,ImmediateOrCancel,nan,XBTUSD-000240,FLAT,0.0,328.61826666666667,0.03453726835189341,FLAT,0.36651234567901236,0.4802342606149341
XBTUSD-000242,XBTUSD,XBt,LONG,2021-01-15T22:43:07.197000+00:00,36725.5,1.0,2.723e-05,1.0,False,1.1239166666666667,2021-01-15T23:32:55.494000+00:00,36650.5,True,False,303,303,181,121,30,151,0,113,8,0,185,118,0,87,94,1973196.0,77.68620598999999,2836659.0,0.0,844025.7364128011,-844025.7364128011,Market,ImmediateOrCancel,nan,,FLAT,0.0,49.80495,-0.002042177778382892,FLAT,0.6105610561056105,0.16574585635359115
XBTUSD-000243,XBTUSD,XBt,SHORT,2021-01-15T23:32:55.494000+00:00,36650.5,18136.0,0.49475008000000004,18136.0,True,0.0,2021-01-15T23:35:21.664000+00:00,36665.5,True,False,26,26,5,20,1,4,0,16,4,0,6,20,0,5,0,323475.0,8.824433140000002,323475.0,0.0,441489.5178271989,-441489.5178271989,Limit,GoodTillCancel,nan,XBTUSD-000242,FLAT,0.0,2.4361666666666664,-0.000409271360554353,FLAT,0.23076923076923078,0.2
XBTUSD-000244,XBTUSD,XBt,LONG,2021-01-15T23:35:21.664000+00:00,36665.5,46524.0,1.2687094799999998,46524.0,True,0.0,2021-01-15T23:44:51.438000+00:00,36825.0,True,False,9,9,0,8,0,0,0,8,0,0,8,1,0,0,0,46524.0,1.2687094799999998,46524.0,0.0,63567.574498780494,-63567.574498780494,Market,ImmediateOrCancel,nan,XBTUSD-000243,FLAT,0.0,9.496233333333333,0.004350138413494964,FLAT,0.8888888888888888,
XBTUSD-000245,XBTUSD,XBt,SHORT,2021-01-15T23:44:51.438000+00:00,36825.0,76809.0,2.08613244,76809.0,True,0.0,2021-01-15T23:52:37.818000+00:00,36722.0,True,False,15,15,0,14,0,0,0,14,0,0,15,0,0,0,0,76809.0,2.08613244,76809.0,0.0,-104434.20287588221,104434.20287588221,Limit,GoodTillCancel,nan,XBTUSD-000244,FLAT,0.0,7.773,0.0027970128988459297,FLAT,1.0,
XBTUSD-000246,XBTUSD,XBt,LONG,2021-01-15T23:52:37.818000+00:00,36722.0,46524.0,1.2668485200000001,46524.0,True,0.0,2021-01-16T00:15:49.998000+00:00,37250.5,True,False,9,9,3,5,0,3,0,5,0,0,5,4,0,3,0,293190.0,7.99343034,293190.0,0.0,59981.374137101695,-59981.374137101695,Limit,GoodTillCancel,nan,XBTUSD-000245,FLAT,0.0,23.203,0.014391917651544128,FLAT,0.5555555555555556,0.0
XBTUSD-000247,XBTUSD,XBt,SHORT,2021-01-16T00:38:36.967000+00:00,37135.0,23333.0,0.62835769,23333.0,False,22.78281666666667,2021-01-16T02:50:06.378000+00:00,36682.0,True,False,34,34,14,19,1,13,0,19,0,0,20,14,0,13,1,233330.0,6.25254401,233330.0,0.0,154566.0,-154566.0,Market,ImmediateOrCancel,nan,,FLAT,0.0,131.49018333333333,0.012198734347650508,FLAT,0.5882352941176471,0.07142857142857142
XBTUSD-000248,XBTUSD,XBt,LONG,2021-01-16T02:52:08.822000+00:00,36444.0,42222.0,1.15857168,42222.0,False,2.0407333333333333,2021-01-16T08:35:06.542000+00:00,37267.5,True,False,92,92,41,50,0,41,0,50,0,0,68,24,0,41,0,309554.0,10.999471360000003,397998.0,0.0,-181184.7366030881,181184.7366030881,Limit,GoodTillCancel,nan,,FLAT,0.0,342.96200000000005,0.022596312150148234,FLAT,0.7391304347826086,0.0
XBTUSD-000249,XBTUSD,XBt,SHORT,2021-01-16T08:35:06.542000+00:00,37267.5,15554.0,0.41731382,15554.000000000002,True,0.0,2021-01-16T19:02:29.875000+00:00,36222.0,True,False,73,73,35,37,0,35,0,37,0,0,69,4,0,35,0,527327.0,13.97484939,527327.0,0.0,-371183.09104629635,371183.09104629635,Limit,GoodTillCancel,nan,XBTUSD-000248,FLAT,0.0,627.3888833333333,0.02805393439323811,FLAT,0.9452054794520548,0.0
XBTUSD-000250,XBTUSD,XBt,LONG,2021-01-16T19:02:29.875000+00:00,36222.0,13781.0,0.38049341,13781.0,True,0.0,2021-01-17T06:05:39.558000+00:00,35606.0,True,False,543,543,242,300,159,83,0,0,300,0,50,493,0,49,193,1813875.0,94.93834214999995,3422761.0,0.0,12251070.827649385,-12251070.827649385,Limit,GoodTillCancel,nan,XBTUSD-000249,FLAT,0.0,663.1613833333333,-0.01700623930208156,FLAT,0.09208103130755065,0.6570247933884298
XBTUSD-000251,XBTUSD,XBt,LONG,2021-01-17T06:11:40.492000+00:00,35699.5,25000.0,0.70025,25000.0,False,6.015566666666667,2021-01-17T06:15:51.582000+00:00,35655.0,True,False,16,16,8,7,0,0,8,0,7,0,0,16,0,0,8,124222.0,3.4794582199999997,124222.0,0.0,522285.0,-522285.0,Market,ImmediateOrCancel,nan,,FLAT,0.0,4.184833333333334,-0.0012465160576479173,FLAT,0.0,0.0
XBTUSD-000252,XBTUSD,XBt,LONG,2021-01-17T06:21:34.502000+00:00,35111.0,22222.0,0.63288256,22222.0,False,5.715333333333334,2021-01-17T09:12:41.025000+00:00,35032.5,True,False,944,944,358,585,101,257,0,233,352,0,19,925,0,18,340,2850290.0,188.80052009000005,6585394.0,0.0,26000061.0,-26000061.0,Limit,GoodTillCancel,nan,,FLAT,0.0,171.10871666666665,-0.002235766568881581,FLAT,0.020127118644067795,0.28212290502793297
XBTUSD-000253,XBTUSD,XBt,LONG,2021-01-17T09:30:51.337000+00:00,34777.0,24222.0,0.6963825,24222.0,False,18.171866666666666,2021-01-17T10:28:41.477000+00:00,34644.0,True,False,176,176,63,112,0,63,0,112,0,0,13,163,0,12,51,1480664.0,43.25242930000001,1480664.0,0.0,4103289.0,-4103289.0,Limit,GoodTillCancel,nan,,FLAT,0.0,57.83566666666666,-0.0038243666791270003,FLAT,0.07386363636363637,0.0
XBTUSD-000254,XBTUSD,XBt,SHORT,2021-01-17T12:27:32.607000+00:00,35414.0,33.0,0.00093192,33.0,False,118.85216666666666,2021-01-17T14:00:56.150000+00:00,34929.0,True,False,35,35,12,22,4,8,0,22,0,0,0,35,0,0,12,44444.0,1.25505525,44444.0,0.0,189557.0,-189557.0,Market,ImmediateOrCancel,nan,,FLAT,0.0,93.39238333333333,0.013695148811204594,FLAT,0.0,0.3333333333333333
XBTUSD-000255,XBTUSD,XBt,LONG,2021-01-17T14:00:58.239000+00:00,34923.0,22222.0,0.63621586,22222.0,False,0.03481666666666667,2021-01-17T14:40:42.495000+00:00,35099.5,True,False,16,16,7,8,2,5,0,8,0,0,5,11,0,5,2,88888.0,2.5488633999999997,88888.0,0.0,253518.0,-253518.0,Market,ImmediateOrCancel,nan,,FLAT,0.0,39.7376,0.00505397588981471,FLAT,0.3125,0.2857142857142857
XBTUSD-000256,XBTUSD,XBt,LONG,2021-01-17T14:59:56.470000+00:00,34777.0,22222.0,0.6388825,22222.0,False,19.232916666666664,2021-01-17T15:06:33.964000+00:00,34930.0,True,False,9,9,1,7,1,0,0,7,0,0,1,8,0,0,1,44444.0,1.2773205600000002,44444.0,0.0,127351.0,-127351.0,Limit,GoodTillCancel,nan,,FLAT,0.0,6.6249,0.004399459412830264,FLAT,0.1111111111111111,1.0
XBTUSD-000257,XBTUSD,XBt,SHORT,2021-01-18T12:06:37.022000+00:00,37000.0,12222.0,0.33036066,12222.0,False,1260.0509666666667,2021-01-18T17:53:04.345000+00:00,35713.5,True,False,16,16,4,11,0,4,0,11,0,0,5,11,0,4,0,91110.0,2.4457257,91110.0,0.0,130246.0,-130246.0,Limit,GoodTillCancel,nan,,FLAT,0.0,346.4553833333333,0.03477027027027024,FLAT,0.3125,0.0
XBTUSD-000258,XBTUSD,XBt,SHORT,2021-01-18T23:22:12.610000+00:00,36352.0,665.0,0.01829415,665.0,False,329.13775,2021-01-20T10:48:35.690000+00:00,34934.0,True,False,89,89,41,47,1,35,5,47,0,0,31,58,0,29,12,641104.0,19.16051004,712214.0,0.0,1233775.0,-1233775.0,Limit,GoodTillCancel,nan,,FLAT,0.0,2126.384666666667,0.039007482394366244,FLAT,0.34831460674157305,0.024390243902439025
XBTUSD-000259,XBTUSD,XBt,LONG,2021-01-20T11:16:37.835000+00:00,34222.0,12222.0,0.35712684,12222.0,False,28.03575,2021-01-20T23:20:51.513000+00:00,35444.0,True,False,142,142,53,88,12,41,0,83,5,0,39,103,0,32,21,604440.0,32.653849400000006,1110476.0,0.0,2983908.539285393,-2983908.539285393,Limit,GoodTillCancel,nan,,FLAT,0.0,724.2279666666667,0.03570802407807849,FLAT,0.2746478873239437,0.22641509433962265
XBTUSD-000260,XBTUSD,XBt,SHORT,2021-01-20T23:20:51.513000+00:00,35444.0,16188.0,0.45666347999999995,16188.0,True,0.0,2021-01-21T12:04:56.004000+00:00,31888.0,True,False,164,164,88,75,87,1,0,53,22,0,20,144,0,3,85,775074.0,39.91109018999999,1376184.0,0.0,5139198.286023663,-5139198.286023663,Limit,GoodTillCancel,nan,XBTUSD-000259,FLAT,0.0,764.0748500000001,0.10032727683105747,FLAT,0.12195121951219512,0.9886363636363636
XBTUSD-000261,XBTUSD,XBt,LONG,2021-01-21T12:04:56.004000+00:00,31888.0,18644.0,0.58467584,18644.0,True,0.0,2021-01-22T05:44:03.347000+00:00,31709.0,True,False,827,827,422,404,32,389,1,139,265,0,163,664,0,101,321,3429344.0,227.38255779000016,6880434.0,0.0,15506949.174690943,-15506949.174690943,Limit,GoodTillCancel,nan,XBTUSD-000260,FLAT,0.0,1059.1223833333333,-0.005613396889111888,FLAT,0.19709794437726724,0.07582938388625593
XBTUSD-000262,XBTUSD,XBt,SHORT,2021-01-22T06:01:15.040000+00:00,31750.0,366.0,0.011529,366.0,False,17.194883333333333,2021-01-22T07:30:25.605000+00:00,31273.5,True,False,68,68,30,37,13,16,1,37,0,0,15,53,0,13,17,355550.0,11.165585489999998,355550.0,0.0,569865.0,-569865.0,Market,ImmediateOrCancel,nan,,FLAT,0.0,89.17608333333332,0.01500787401574799,FLAT,0.22058823529411764,0.43333333333333335
XBTUSD-000263,XBTUSD,XBt,LONG,2021-01-22T07:34:42.605000+00:00,31152.0,29448.0,0.9452808,29448.0,False,4.283333333333333,2021-01-24T13:01:58.355000+00:00,32347.5,True,False,423,423,250,172,206,42,2,172,0,0,61,362,0,27,223,1691090.0,104.81237829000003,3354415.0,0.0,13089226.0,-13089226.0,Limit,GoodTillCancel,nan,,FLAT,0.0,3207.2625,0.038376348228043033,FLAT,0.14420803782505912,0.824
XBTUSD-000264,XBTUSD,XBt,LONG,2021-01-24T13:06:53.382000+00:00,32446.5,35555.0,1.0958051,35555.0,False,4.917116666666667,2021-01-26T03:26:14.618000+00:00,31900.0,True,False,1135,1135,432,702,201,231,0,166,536,0,59,1076,0,59,373,2646660.0,270.56422113,8722985.0,0.0,36416080.47911308,-36416080.47911308,Market,ImmediateOrCancel,nan,,FLAT,0.0,2299.3539333333333,-0.016843110967284636,FLAT,0.051982378854625554,0.4652777777777778
XBTUSD-000265,XBTUSD,XBt,SHORT,2021-01-26T03:26:14.618000+00:00,31900.0,68313.0,2.14161255,68313.0,True,0.0,2021-01-28T05:48:43.052000+00:00,31633.5,True,False,463,463,195,267,146,46,3,118,149,0,42,421,0,27,168,1090568.0,100.67876853,3118603.0,0.0,13699267.520886924,-13699267.520886924,Market,ImmediateOrCancel,nan,XBTUSD-000264,FLAT,0.0,3022.4739,0.008354231974921578,FLAT,0.09071274298056156,0.7487179487179487
XBTUSD-000266,XBTUSD,XBt,SHORT,2021-01-28T06:10:29.152000+00:00,31785.0,29415.0,0.9253959,29415.0,False,21.76833333333333,2021-01-28T22:41:06.454000+00:00,33473.5,True,False,221,221,118,102,102,15,1,11,91,0,17,204,0,17,101,804746.0,39.81893426999999,1246760.0,0.0,4486857.0,-4486857.0,Market,ImmediateOrCancel,nan,,FLAT,0.0,990.6217,-0.053122542079597324,FLAT,0.07692307692307693,0.864406779661017
XBTUSD-000267,XBTUSD,XBt,LONG,2021-01-28T23:44:17.509000+00:00,33417.0,17338.0,0.51875296,17338.0,False,63.18425,2021-01-29T02:05:03.564000+00:00,33908.5,True,False,34,34,28,5,12,16,0,5,0,0,3,31,0,2,26,134028.0,4.002394590000001,134028.0,0.0,440527.0,-440527.0,Limit,GoodTillCancel,nan,,FLAT,0.0,140.76758333333333,0.01470808271239199,FLAT,0.08823529411764706,0.42857142857142855
XBTUSD-000268,XBTUSD,XBt,LONG,2021-01-29T02:38:53.467000+00:00,33888.0,416.0,0.01227616,416.0,False,33.831716666666665,2021-01-29T06:44:18.057000+00:00,32589.5,True,False,300,300,141,158,4,135,2,0,158,0,42,258,0,21,120,2053450.0,74.26884755000002,2457478.0,0.0,9498037.462,-9498037.462,Limit,GoodTillCancel,nan,,FLAT,0.0,245.40983333333332,-0.03831739848914073,FLAT,0.14,0.028368794326241134
XBTUSD-000269,XBTUSD,XBt,SHORT,2021-01-29T06:44:18.057000+00:00,32589.5,12138.0,0.37239384000000003,12138.0,True,0.0,2021-01-29T06:57:23.775000+00:00,32444.0,True,False,8,8,6,1,0,0,6,1,0,0,1,7,0,0,6,54606.0,1.6753120799999999,54606.0,0.0,83572.3683483917,-83572.3683483917,Market,ImmediateOrCancel,nan,XBTUSD-000268,FLAT,0.0,13.0953,0.004464628177787366,FLAT,0.125,0.0
XBTUSD-000270,XBTUSD,XBt,LONG,2021-01-29T06:57:23.775000+00:00,32444.0,12732.0,0.39240023999999996,12732.0,True,0.0,2021-01-29T08:13:42.661000+00:00,32566.0,True,False,320,320,125,194,14,111,0,194,0,0,39,281,0,38,87,2469492.0,87.75190885999999,2821506.0,0.0,9719437.169651609,-9719437.169651609,Limit,GoodTillCancel,nan,XBTUSD-000269,FLAT,0.0,76.31476666666667,0.003760325483910698,FLAT,0.121875,0.112
XBTUSD-000271,XBTUSD,XBt,LONG,2021-01-29T08:18:30.298000+00:00,32270.0,7299.0,0.22619601,7299.0,False,4.79395,2021-01-29T09:21:16.102000+00:00,37096.5,True,False,271,271,105,165,53,51,1,145,20,0,0,271,0,0,105,2229422.0,76.40347608000002,2464098.0,0.0,10963641.0,-10963641.0,Market,ImmediateOrCancel,nan,,FLAT,0.0,62.763400000000004,0.14956616052060734,FLAT,0.0,0.5047619047619047
XBTUSD-000272,XBTUSD,XBt,LONG,2021-01-29T17:59:13.567000+00:00,35732.5,9449.0,0.26447751,9449.0,False,517.95775,2021-01-31T15:30:54.549000+00:00,32936.5,True,False,1236,1236,596,639,223,373,0,341,298,0,332,904,0,167,429,2317758.0,243.51737710000006,8258472.0,0.0,20750187.0,-20750187.0,Market,ImmediateOrCancel,nan,,FLAT,0.0,2731.6830333333332,-0.07824809347232908,FLAT,0.2686084142394822,0.37416107382550334
XBTUSD-000273,XBTUSD,XBt,SHORT,2021-01-31T15:36:56.365000+00:00,32572.5,78788.0,2.4187916,78788.0,False,6.030266666666666,2021-01-31T15:52:34.779000+00:00,32839.0,True,False,8,8,0,7,0,0,0,0,7,0,0,8,0,0,0,78788.0,2.4187916,78788.0,0.0,361337.0,-361337.0,Market,ImmediateOrCancel,nan,,FLAT,0.0,15.640233333333333,-0.008181748407398937,FLAT,0.0,
XBTUSD-000274,XBTUSD,XBt,LONG,2021-02-01T01:42:22.423000+00:00,33437.0,11000.0,0.32901,11000.0,False,589.7940666666667,2021-02-02T15:52:38.934000+00:00,34681.5,True,False,55,55,36,18,25,11,0,18,0,0,0,55,0,0,36,211818.0,6.30795773,211818.0,0.0,928789.4907387694,-928789.4907387694,Market,ImmediateOrCancel,nan,,FLAT,0.0,2290.275183333333,0.03721924813829003,FLAT,0.0,0.6944444444444444
XBTUSD-000275,XBTUSD,XBt,SHORT,2021-02-02T15:52:38.934000+00:00,34681.5,13638.0,0.39318354,13638.0,True,0.0,2021-02-02T20:03:58.344000+00:00,35920.5,True,False,79,79,47,31,5,42,0,0,31,0,34,45,0,34,13,346974.0,9.938536859999997,346974.0,0.0,852184.5092612306,-852184.5092612306,Market,ImmediateOrCancel,nan,XBTUSD-000274,FLAT,0.0,251.3235,-0.03572509839539806,FLAT,0.43037974683544306,0.10638297872340426
XBTUSD-000276,XBTUSD,XBt,LONG,2021-02-02T20:04:15.047000+00:00,35940.0,19621.0,0.54585622,19621.0,False,0.2783833333333333,2021-02-04T05:50:08.763000+00:00,37630.0,True,False,1029,1029,501,527,309,191,1,351,176,0,208,821,0,19,482,2777571.0,208.23287732999987,7528575.0,0.0,21641406.0,-21641406.0,Market,ImmediateOrCancel,nan,,FLAT,0.0,2025.8952666666667,0.047022815804117934,FLAT,0.2021379980563654,0.6167664670658682
XBTUSD-000277,XBTUSD,XBt,SHORT,2021-02-04T08:14:53.842000+00:00,38596.5,10934.0,0.28329994,10934.0,False,144.75131666666667,2021-02-04T12:02:32.265000+00:00,37225.5,True,False,11,11,3,7,1,2,0,7,0,0,1,10,0,1,2,22222.0,0.87065796,33333.0,0.0,103562.0,-103562.0,Limit,GoodTillCancel,nan,,FLAT,0.0,227.64038333333335,0.03552135556332825,FLAT,0.09090909090909091,0.3333333333333333
XBTUSD-000278,XBTUSD,XBt,LONG,2021-02-04T12:02:33.275000+00:00,37225.5,2392.0,0.06424912,2392.0,False,0.016833333333333332,2021-02-04T12:39:16.421000+00:00,37752.5,True,False,6,6,1,4,0,0,1,4,0,0,0,6,0,0,1,11111.0,0.29844146,11111.0,0.0,44455.0,-44455.0,Market,ImmediateOrCancel,nan,,FLAT,0.0,36.719100000000005,0.014156962297349862,FLAT,0.0,0.0
XBTUSD-000279,XBTUSD,XBt,SHORT,2021-02-04T13:36:21.702000+00:00,37369.5,111111.0,2.97333036,111111.0,False,57.08801666666667,2021-02-04T18:18:38.578000+00:00,37169.0,True,False,77,77,38,38,35,0,3,38,0,0,10,67,0,0,38,777777.0,20.817532590000006,777777.0,0.0,2930491.0,-2930491.0,Market,ImmediateOrCancel,nan,,FLAT,0.0,282.2812666666667,0.0053653380430565,FLAT,0.12987012987012986,0.9210526315789473
XBTUSD-000280,XBTUSD,XBt,SHORT,2021-02-04T18:19:33.036000+00:00,37205.0,137.0,0.00368256,137.0,False,0.9076333333333333,2021-02-05T02:01:47.798000+00:00,36785.0,True,False,56,56,33,22,0,27,6,22,0,0,54,2,0,33,0,279999.0,8.0542007,302221.0,0.0,-324252.85714285716,324252.85714285716,Limit,GoodTillCancel,nan,,FLAT,0.0,462.2460333333333,0.011288805268109159,FLAT,0.9642857142857143,0.0
XBTUSD-000281,XBTUSD,XBt,LONG,2021-02-05T02:01:47.798000+00:00,36785.0,10000.0,0.2718,10000.0,True,0.0,2021-02-05T09:58:46.092000+00:00,37440.5,True,False,44,44,20,23,15,0,5,23,0,0,0,44,0,0,20,476464.0,12.944092569999999,476464.0,0.0,1929787.8571428573,-1929787.8571428573,Market,ImmediateOrCancel,nan,XBTUSD-000280,FLAT,0.0,476.9715666666667,0.017819763490553253,FLAT,0.0,0.75
XBTUSD-000282,XBTUSD,XBt,SHORT,2021-02-05T14:59:46.939000+00:00,38187.5,11111.0,0.29099709,11111.0,False,301.01411666666667,2021-02-06T16:02:04.199000+00:00,41007.0,True,False,478,478,189,288,60,129,0,4,284,0,128,350,0,111,78,2267653.0,77.67248556999995,3027649.0,0.0,7307929.371810842,-7307929.371810842,Limit,GoodTillCancel,nan,,FLAT,0.0,1502.2876666666666,-0.07383306055646477,FLAT,0.26778242677824265,0.31746031746031744
XBTUSD-000283,XBTUSD,XBt,LONG,2021-02-06T16:02:04.199000+00:00,41007.0,32806.0,0.80013834,32806.0,True,0.0,2021-02-06T16:10:14.420000+00:00,40900.0,True,False,20,20,6,13,0,0,6,0,13,0,0,20,0,0,6,128998.0,3.1462612200000004,128998.0,0.0,472509.80474629387,-472509.80474629387,Market,ImmediateOrCancel,nan,XBTUSD-000282,FLAT,0.0,8.170350000000001,-0.0026093106055063986,FLAT,0.0,0.0
XBTUSD-000284,XBTUSD,XBt,SHORT,2021-02-06T16:10:14.420000+00:00,40900.0,7724.0,0.18885180000000001,7724.0,True,0.0,2021-02-07T00:00:12.792000+00:00,39070.0,True,False,227,227,118,108,116,0,2,108,0,0,34,193,0,0,118,1657666.0,57.309174109999994,2330998.0,0.0,6727048.753306899,-6727048.753306899,Limit,GoodTillCancel,nan,XBTUSD-000283,FLAT,0.0,469.9728666666667,0.04474327628361863,FLAT,0.14977973568281938,0.9830508474576272
XBTUSD-000285,XBTUSD,XBt,LONG,2021-02-07T00:00:12.792000+00:00,39070.0,85661.0,2.1929216,85661.0,True,0.0,2021-02-07T04:34:10.538000+00:00,38095.2,True,False,32,32,30,1,0,30,0,0,1,0,31,1,0,30,0,962322.0,24.789975200000004,962322.0,0.0,1274834.0701359648,-1274834.0701359648,Limit,GoodTillCancel,nan,XBTUSD-000284,FLAT,0.0,273.9624333333333,-0.024950089582800206,FLAT,0.96875,0.0
XBTUSD-000286,XBTUSD,XBt,LONG,2021-02-07T04:36:41.586000+00:00,38243.0,19832.0,0.5186068,19832.0,False,2.5174666666666665,2021-02-13T11:17:13.356000+00:00,46680.5,True,False,1354,1354,659,694,390,265,4,628,66,0,489,865,0,360,299,3446097.0,283.5513926299997,11381094.0,0.0,18414415.0,-18414415.0,Market,ImmediateOrCancel,nan,,FLAT,0.0,9040.5295,0.22062861177208903,FLAT,0.36115214180206795,0.5918057663125948
XBTUSD-000287,XBTUSD,XBt,SHORT,2021-02-13T11:22:00.114000+00:00,46880.0,500.0,0.010665,500.0,False,4.7793,2021-02-14T05:50:56.710000+00:00,48700.0,True,False,134,134,63,70,9,43,11,4,66,0,23,111,0,18,45,1011444.0,24.902781129999997,1169024.0,0.0,2184871.23,-2184871.23,Limit,GoodTillCancel,nan,,FLAT,0.0,1108.9432666666667,-0.03882252559726962,FLAT,0.17164179104477612,0.14285714285714285
XBTUSD-000288,XBTUSD,XBt,LONG,2021-02-14T05:50:56.710000+00:00,48700.0,1264.0,0.02594992,1264.0,True,0.0,2021-02-22T14:39:55.827000+00:00,51730.0,True,False,685,685,289,395,198,91,0,385,10,0,182,503,0,128,161,2642558.0,118.04997490999993,5889437.0,0.0,9213847.77,-9213847.77,Market,ImmediateOrCancel,nan,XBTUSD-000287,FLAT,0.0,12048.985283333333,0.06221765913757693,FLAT,0.2656934306569343,0.6851211072664359
XBTUSD-000289,XBTUSD,XBt,SHORT,2021-02-22T15:00:07.665000+00:00,53249.0,1000.0,0.01878,1000.0,False,20.1973,2021-02-22T16:30:09.142000+00:00,53576.5,True,False,79,79,41,37,22,19,0,19,18,0,5,74,0,5,36,466665.0,8.74526534,466665.0,0.0,1019300.0,-1019300.0,Market,ImmediateOrCancel,nan,,FLAT,0.0,90.02461666666666,-0.006150350241319158,FLAT,0.06329113924050633,0.5365853658536586
XBTUSD-000290,XBTUSD,XBt,LONG,2021-02-22T17:09:30.901000+00:00,52555.0,1895.0,0.03606185,1895.0,False,39.36265,2021-02-27T12:42:10.185000+00:00,47539.5,True,False,1874,1874,862,1011,246,614,2,439,572,0,852,1022,0,554,308,3727695.0,369.7540076500006,17573821.0,0.0,10966469.0,-10966469.0,Limit,GoodTillCancel,nan,,FLAT,0.0,6932.654733333333,-0.09543335553229948,FLAT,0.45464247598719315,0.2853828306264501
XBTUSD-000291,XBTUSD,XBt,LONG,2021-02-27T19:59:51.385000+00:00,47449.5,15824.0,0.33356992,15824.0,False,437.68666666666667,2021-03-03T08:08:52.295000+00:00,50102.0,True,False,116,116,46,69,18,23,5,69,0,0,98,18,0,42,4,511106.0,14.638822389999994,665549.0,0.0,-200460.42164054685,200460.42164054685,Limit,GoodTillCancel,nan,,FLAT,0.0,5049.015166666666,0.05590153742399817,FLAT,0.8448275862068966,0.391304347826087
XBTUSD-000292,XBTUSD,XBt,SHORT,2021-03-03T08:08:52.295000+00:00,50102.0,13917.0,0.27778332,13917.0,True,0.0,2021-03-03T09:58:04.633000+00:00,51507.0,True,False,6,6,1,4,0,1,0,0,4,0,2,4,0,1,0,37909.0,0.75522412,37909.0,0.0,36303.42164054685,-36303.42164054685,Limit,GoodTillCancel,nan,XBTUSD-000291,FLAT,0.0,109.20563333333332,-0.02804279270288612,FLAT,0.3333333333333333,0.0
XBTUSD-000293,XBTUSD,XBt,SHORT,2021-03-03T11:23:17.332000+00:00,51830.5,21111.0,0.40723119,21111.0,False,85.21164999999999,2021-03-04T00:00:27.022000+00:00,50222.0,True,False,53,53,20,32,7,13,0,32,0,0,23,30,0,13,7,453332.0,8.703907740000002,453332.0,0.0,148463.50020454582,-148463.50020454582,Limit,GoodTillCancel,nan,,FLAT,0.0,757.1615,0.031033850724959233,FLAT,0.4339622641509434,0.35
XBTUSD-000294,XBTUSD,XBt,LONG,2021-03-04T00:00:27.022000+00:00,50222.0,11111.0,0.22122000999999997,11111.0,True,0.0,2021-03-10T00:18:26.684000+00:00,55666.0,True,False,849,849,439,409,148,291,0,145,264,0,303,546,0,243,196,1453326.0,104.32110411999982,5163306.0,0.0,8676916.32260006,-8676916.32260006,Limit,GoodTillCancel,nan,XBTUSD-000293,FLAT,0.0,8657.994366666668,0.10839870972880417,FLAT,0.3568904593639576,0.33712984054669703
XBTUSD-000295,XBTUSD,XBt,SHORT,2021-03-10T00:18:26.684000+00:00,55666.0,12225.0,0.219561,12225.0,True,0.0,2021-03-10T02:10:00.623000+00:00,53666.0,True,False,2,2,0,1,0,0,0,1,0,0,2,0,0,0,0,12225.0,0.219561,12225.0,0.0,-11182.398427862649,11182.398427862649,Limit,GoodTillCancel,nan,XBTUSD-000294,FLAT,0.0,111.56565,0.03592857399489813,FLAT,1.0,
XBTUSD-000296,XBTUSD,XBt,LONG,2021-03-10T02:10:00.623000+00:00,53666.0,32219.0,0.60023997,32219.0,True,0.0,2021-03-10T21:03:34.859000+00:00,56170.0,True,False,23,23,4,18,2,2,0,18,0,0,3,20,0,2,2,207773.0,3.8902775099999998,207773.0,0.0,304053.57562325627,-304053.57562325627,Limit,GoodTillCancel,nan,XBTUSD-000295,FLAT,0.0,1133.5706,0.046658964707636086,FLAT,0.13043478260869565,0.5
XBTUSD-000297,XBTUSD,XBt,LONG,2021-03-10T21:04:42.597000+00:00,56011.0,2900.0,0.051765,2900.0,False,1.1289666666666667,2021-03-22T19:33:47.007000+00:00,55756.5,True,False,1959,1959,876,1082,570,304,2,311,771,0,664,1295,0,321,555,7663279.0,440.13374463999986,25203906.0,0.0,30722543.0,-30722543.0,Limit,GoodTillCancel,nan,,FLAT,0.0,17189.073500000002,-0.004543750334755625,FLAT,0.3389484430832057,0.6506849315068494
XBTUSD-000298,XBTUSD,XBt,SHORT,2021-03-22T19:59:04.684000+00:00,55750.0,100.0,0.001794,100.0,False,25.294616666666666,2021-03-24T00:20:11.630000+00:00,53992.0,True,False,260,260,90,169,74,9,7,162,7,0,184,76,0,73,17,1642393.0,52.421028380000024,2910167.0,0.0,887582.325971326,-887582.325971326,Limit,GoodTillCancel,nan,,FLAT,0.0,1701.1157666666666,0.03153363228699546,FLAT,0.7076923076923077,0.8222222222222222
XBTUSD-000299,XBTUSD,XBt,LONG,2021-03-24T00:20:11.630000+00:00,53992.0,100941.0,1.86942732,100941.0,True,0.0,2021-03-24T12:09:07.157000+00:00,56999.0,True,False,90,90,31,58,22,9,0,58,0,0,46,44,0,12,19,1100938.0,24.25418283,1334270.0,0.0,822504.492454247,-822504.492454247,Limit,GoodTillCancel,nan,XBTUSD-000298,FLAT,0.0,708.9254500000001,0.0556934360646022,FLAT,0.5111111111111111,0.7096774193548387
XBTUSD-000300,XBTUSD,XBt,SHORT,2021-03-24T12:09:07.157000+00:00,56999.0,65724.0,1.15279896,65724.0,True,0.0,2021-03-24T13:48:48.842000+00:00,56444.0,True,False,2,2,0,1,0,0,0,1,0,0,2,0,0,0,0,65724.0,1.15279896,65724.0,0.0,-57935.52901820488,57935.52901820488,Limit,GoodTillCancel,nan,XBTUSD-000299,FLAT,0.0,99.69475000000001,0.009737012930051359,FLAT,1.0,
XBTUSD-000301,XBTUSD,XBt,LONG,2021-03-24T13:48:48.842000+00:00,56444.0,50942.0,0.90269224,50942.0,True,0.0,2021-03-25T01:13:29.984000+00:00,52397.0,True,False,363,363,186,176,6,180,0,0,176,0,150,213,0,125,61,2412043.0,77.24600074999996,4202888.0,0.0,5567672.710592632,-5567672.710592632,Limit,GoodTillCancel,nan,XBTUSD-000300,FLAT,0.0,684.6857,-0.07169938345971227,FLAT,0.4132231404958678,0.03225806451612903
XBTUSD-000302,XBTUSD,XBt,SHORT,2021-03-25T06:14:42.027000+00:00,53160.0,13814.0,0.25984134,13814.0,False,301.20071666666666,2021-03-25T09:56:05.124000+00:00,52867.0,True,False,4,4,2,1,0,0,2,1,0,0,3,1,0,2,0,116666.0,2.19448746,116666.0,0.0,110688.0,-110688.0,Limit,GoodTillCancel,nan,,FLAT,0.0,221.38495,0.005511662904439385,FLAT,0.75,0.0
XBTUSD-000303,XBTUSD,XBt,LONG,2021-03-25T15:00:36.070000+00:00,51325.0,22222.0,0.43288456,22222.0,False,304.51576666666665,2021-03-25T19:42:41.715000+00:00,52187.0,True,False,196,196,91,104,79,12,0,104,0,0,18,178,0,18,73,1066662.0,23.842967440000013,1233328.0,0.0,3339910.0,-3339910.0,Market,ImmediateOrCancel,nan,,FLAT,0.0,282.09408333333334,0.016794934242571946,FLAT,0.09183673469387756,0.8681318681318682
XBTUSD-000304,XBTUSD,XBt,LONG,2021-03-25T22:46:44.810000+00:00,52111.0,4931.0,0.09462589,4931.0,False,184.05158333333333,2021-03-26T07:49:12.584000+00:00,53325.0,True,False,30,30,15,14,0,9,6,14,0,0,30,0,0,15,0,117776.0,2.27929896,117776.0,0.0,-112246.03125,112246.03125,Limit,GoodTillCancel,nan,,FLAT,0.0,542.4629,0.023296424939072358,FLAT,1.0,0.0
XBTUSD-000305,XBTUSD,XBt,SHORT,2021-03-26T07:49:12.584000+00:00,53325.0,9137.0,0.17131875000000002,9137.0,True,0.0,2021-03-26T16:19:38.141000+00:00,53662.5,True,False,79,79,29,49,0,23,6,38,11,0,30,49,0,29,0,564420.0,10.54015036,564420.0,0.0,528446.03125,-528446.03125,Limit,GoodTillCancel,nan,XBTUSD-000304,FLAT,0.0,510.42595,-0.006329113924050667,FLAT,0.379746835443038,0.0
XBTUSD-000306,XBTUSD,XBt,SHORT,2021-03-26T23:54:29.520000+00:00,55018.5,22222.0,0.40399596,22222.0,False,454.85631666666666,2021-03-28T04:07:28.072000+00:00,56161.5,True,False,142,142,71,70,20,51,0,22,48,0,85,57,0,68,3,969395.0,22.834886470000008,1274445.0,0.0,927755.0295434198,-927755.0295434198,Limit,GoodTillCancel,nan,,FLAT,0.0,1692.9758666666667,-0.02077483028435889,FLAT,0.5985915492957746,0.28169014084507044
XBTUSD-000307,XBTUSD,XBt,LONG,2021-03-28T04:07:28.072000+00:00,56161.5,19954.0,0.35538074,19954.0,True,0.0,2021-04-25T07:22:25.672000+00:00,49372.0,True,False,3317,3317,1478,1838,484,964,30,485,1353,0,1150,2167,0,613,865,6969779.0,752.6954489400006,41901426.0,0.0,59081452.55854674,-59081452.55854674,Limit,GoodTillCancel,nan,XBTUSD-000306,FLAT,0.0,40514.96,-0.12089242630627739,FLAT,0.34669882423876996,0.3274695534506089
XBTUSD-000308,XBTUSD,XBt,SHORT,2021-04-25T07:22:25.672000+00:00,49372.0,29507.0,0.59751675,29507.0,True,0.0,2021-04-25T07:22:29.117000+00:00,49350.0,True,False,2,2,0,1,0,0,0,1,0,0,0,2,0,0,0,29507.0,0.59751675,29507.0,0.0,89648.41190984263,-89648.41190984263,Limit,GoodTillCancel,nan,XBTUSD-000307,FLAT,0.0,0.057416666666666664,0.00044559669448274164,FLAT,0.0,
XBTUSD-000309,XBTUSD,XBt,SHORT,2021-04-25T08:13:34.823000+00:00,49567.5,2930.0,0.0590981,2930.0,False,51.0951,2021-04-25T09:53:32.058000+00:00,49615.5,True,False,24,24,9,14,0,8,1,14,0,0,8,16,0,8,1,199998.0,4.00062666,199998.0,0.0,336694.0,-336694.0,Limit,GoodTillCancel,nan,,FLAT,0.0,99.95391666666666,-0.0009683764563475084,FLAT,0.3333333333333333,0.0
XBTUSD-000310,XBTUSD,XBt,SHORT,2021-04-25T10:54:31.320000+00:00,49273.0,29984.0,0.6086752,29984.0,False,60.987700000000004,2021-04-26T01:21:36.402000+00:00,50774.5,True,False,64,64,34,29,0,32,2,20,9,0,28,36,0,8,26,699995.0,14.010566240000003,699995.0,0.0,857148.0,-857148.0,Limit,GoodTillCancel,nan,,FLAT,0.0,867.0847,-0.030473078562295752,FLAT,0.4375,0.0
XBTUSD-000311,XBTUSD,XBt,LONG,2021-04-26T01:22:01.954000+00:00,50749.0,20000.0,0.394,20000.0,False,0.42586666666666667,2021-05-12T23:57:23.880000+00:00,49701.8,True,False,1788,1788,892,895,554,331,7,577,318,0,900,888,0,491,401,6799806.0,488.0919241500004,26705679.0,0.0,26326308.0,-26326308.0,Market,ImmediateOrCancel,nan,,FLAT,0.0,24395.365433333332,-0.020634889357425745,FLAT,0.5033557046979866,0.6210762331838565
XBTUSD-000312,XBTUSD,XBt,LONG,2021-05-13T09:41:06.288000+00:00,49666.0,2000.0,0.04026,2000.0,False,583.7068,2021-05-13T17:26:26.508000+00:00,48000.0,True,False,323,323,152,170,75,75,2,0,170,0,156,167,0,145,7,4653309.0,94.26335777999996,4653309.0,0.0,4782116.294948295,-4782116.294948295,Limit,GoodTillCancel,nan,,FLAT,0.0,465.33700000000005,-0.03354407441710627,FLAT,0.48297213622291024,0.4934210526315789
XBTUSD-000313,XBTUSD,XBt,SHORT,2021-05-13T17:26:26.508000+00:00,48000.0,13353.0,0.27814299000000003,13353.0,True,0.0,2021-05-13T17:31:23.056000+00:00,47769.0,True,False,2,2,0,1,0,0,0,1,0,0,0,2,0,0,0,13353.0,0.27814299000000003,13353.0,0.0,41820.70505170505,-41820.70505170505,Market,ImmediateOrCancel,nan,XBTUSD-000312,FLAT,0.0,4.942466666666666,0.004812499999999997,FLAT,0.0,
XBTUSD-000314,XBTUSD,XBt,LONG,2021-05-13T18:02:46.435000+00:00,48650.0,1161.0,0.02385855,1161.0,False,31.38965,2021-05-13T19:11:49.778000+00:00,48392.5,True,False,406,406,143,262,54,85,4,0,262,0,17,389,0,17,126,5333328.0,116.61796045000001,5666661.0,0.0,14841647.0,-14841647.0,Limit,GoodTillCancel,nan,,FLAT,0.0,69.05571666666667,-0.005292908530318607,FLAT,0.04187192118226601,0.3776223776223776
XBTUSD-000315,XBTUSD,XBt,LONG,2021-05-13T19:17:53.922000+00:00,48697.5,61600.0,1.264648,61600.0,False,6.069066666666667,2021-05-15T10:16:43.255000+00:00,48040.0,True,False,598,598,323,274,171,151,1,129,145,0,249,349,0,174,149,4444444.0,161.82999223999988,7950818.0,0.0,7667161.0,-7667161.0,Limit,GoodTillCancel,nan,,FLAT,0.0,2338.822216666667,-0.013501719800811163,FLAT,0.41638795986622074,0.5294117647058824
XBTUSD-000316,XBTUSD,XBt,SHORT,2021-05-15T10:27:28.057000+00:00,47904.0,66666.0,1.39198608,66666.0,False,10.7467,2021-05-15T11:25:49.689000+00:00,48827.5,True,False,10,10,8,1,0,8,0,0,1,0,0,10,0,0,8,166665.0,3.4596320699999996,166665.0,0.0,515464.0,-515464.0,Market,ImmediateOrCancel,nan,,FLAT,0.0,58.360533333333336,-0.01927813961255853,FLAT,0.0,0.0
XBTUSD-000317,XBTUSD,XBt,SHORT,2021-05-15T12:31:34.066000+00:00,49074.0,2154.0,0.04389852,2154.0,False,65.73961666666666,2021-05-15T19:18:48.428000+00:00,47333.0,True,False,26,26,7,18,0,6,1,4,14,0,15,11,0,7,0,219998.0,4.46529274,219998.0,0.0,-131723.8868678256,131723.8868678256,Limit,GoodTillCancel,nan,,FLAT,0.0,407.2393666666667,0.035477034682316555,FLAT,0.5769230769230769,0.0
XBTUSD-000318,XBTUSD,XBt,LONG,2021-05-15T19:18:48.428000+00:00,47333.0,40001.0,0.84522113,40001.0,True,0.0,2021-05-16T19:54:44.892000+00:00,44464.2,True,False,31,31,21,9,0,21,0,8,1,0,30,1,0,21,0,573333.0,15.131852079999998,706666.0,0.0,477683.88686782564,-477683.88686782564,Limit,GoodTillCancel,nan,XBTUSD-000317,FLAT,0.0,1475.9410666666668,-0.06060887752730659,FLAT,0.967741935483871,0.0
XBTUSD-000319,XBTUSD,XBt,SHORT,2021-05-17T00:47:24.491000+00:00,46178.5,16000.0,0.34656,16000.0,False,292.6599833333333,2021-05-18T19:20:14.084000+00:00,42867.5,True,False,274,274,95,178,87,4,4,176,2,0,25,249,0,24,71,1855709.0,53.44565349000001,2355707.0,0.0,6206182.0,-6206182.0,Market,ImmediateOrCancel,nan,,FLAT,0.0,2552.8265499999998,0.07170003356540378,FLAT,0.09124087591240876,0.9157894736842105
XBTUSD-000320,XBTUSD,XBt,SHORT,2021-05-18T20:08:42.689000+00:00,43059.0,4213.0,0.09782586,4213.0,False,48.47675,2021-05-19T04:53:30.985000+00:00,38666.0,True,False,102,102,71,30,63,7,1,30,0,0,38,64,0,8,63,1144774.0,26.68958048,1144774.0,0.0,815891.4382382209,-815891.4382382209,Limit,GoodTillCancel,nan,,FLAT,0.0,524.8049333333333,0.10202280591746204,FLAT,0.37254901960784315,0.8873239436619719
XBTUSD-000321,XBTUSD,XBt,LONG,2021-05-19T04:53:30.985000+00:00,38666.0,60120.0,1.5547032,60120.0,True,0.0,2021-05-19T08:06:12.935000+00:00,40217.0,True,False,4,4,1,2,0,0,1,2,0,0,2,2,0,1,0,79112.0,2.0458363200000003,79112.0,0.0,96417.56176177908,-96417.56176177908,Limit,GoodTillCancel,nan,XBTUSD-000320,FLAT,0.0,192.69916666666668,0.04011276056483726,FLAT,0.5,0.0
XBTUSD-000322,XBTUSD,XBt,SHORT,2021-05-19T08:51:26.161000+00:00,40576.5,32333.0,0.79668512,32333.0,False,45.22043333333333,2021-05-19T10:27:15.822000+00:00,39776.5,True,False,8,8,2,5,0,1,1,5,0,0,5,3,0,1,1,66666.0,1.64098359,66666.0,0.0,82951.0,-82951.0,Limit,GoodTillCancel,nan,,FLAT,0.0,95.82768333333334,0.019715845378482588,FLAT,0.625,0.0
XBTUSD-000323,XBTUSD,XBt,LONG,2021-05-19T10:37:10.497000+00:00,39111.0,33333.0,0.85232481,33333.0,False,9.911249999999999,2021-05-19T16:45:18.130000+00:00,39666.0,True,False,287,287,71,215,0,71,0,121,94,0,196,91,0,71,0,4071106.0,137.11744293000007,4884438.0,0.0,-1612436.901719607,1612436.901719607,Limit,GoodTillCancel,nan,,FLAT,0.0,368.1272166666667,0.01419038122267402,FLAT,0.6829268292682927,0.0
XBTUSD-000324,XBTUSD,XBt,SHORT,2021-05-19T16:45:18.130000+00:00,39666.0,28884.0,0.72816564,28884.0,True,0.0,2021-05-19T18:31:02.428000+00:00,38812.5,True,False,12,12,1,10,0,1,0,10,0,0,7,5,0,1,0,195550.0,4.89481564,195550.0,0.0,-123135.09828039311,123135.09828039311,Limit,GoodTillCancel,nan,XBTUSD-000323,FLAT,0.0,105.7383,0.021517168355770666,FLAT,0.5833333333333334,0.0
XBTUSD-000325,XBTUSD,XBt,LONG,2021-05-19T18:44:26.462000+00:00,37666.0,36666.0,0.9734823,36666.0,False,13.400566666666666,2021-05-20T14:14:48.291000+00:00,41657.5,True,False,69,69,28,40,5,23,0,40,0,0,40,29,0,27,1,698882.0,20.20083615,732215.0,0.0,15998.0,-15998.0,Limit,GoodTillCancel,nan,,FLAT,0.0,1170.3638166666667,0.10597090213986093,FLAT,0.5797101449275363,0.17857142857142858
XBTUSD-000326,XBTUSD,XBt,LONG,2021-05-20T16:02:39.349000+00:00,40757.0,33333.0,0.81799182,33333.0,False,107.85096666666666,2021-05-20T22:07:58.345000+00:00,40494.5,True,False,68,68,40,27,23,17,0,27,0,0,20,48,0,19,21,987767.0,24.875505950000008,987767.0,0.0,2088230.0,-2088230.0,Limit,GoodTillCancel,nan,,FLAT,0.0,365.3166,-0.006440611428711662,FLAT,0.29411764705882354,0.575
XBTUSD-000327,XBTUSD,XBt,LONG,2021-05-20T22:39:34.834000+00:00,39666.0,66666.0,1.68064986,66666.0,False,31.608150000000002,2021-05-20T22:53:33.648000+00:00,40999.0,True,False,2,2,0,1,0,0,0,1,0,0,2,0,0,0,0,66666.0,1.68064986,66666.0,0.0,-82665.0,82665.0,Limit,GoodTillCancel,nan,,FLAT,0.0,13.980233333333333,0.03360560681692126,FLAT,1.0,
XBTUSD-000328,XBTUSD,XBt,SHORT,2021-05-20T22:53:48.851000+00:00,41333.0,66666.0,1.61265054,66666.0,False,0.25338333333333335,2021-05-21T14:21:07.398000+00:00,38333.0,True,False,9,9,3,5,0,3,0,5,0,0,9,0,0,3,0,244443.0,5.85818745,244443.0,0.0,-303637.65223652235,303637.65223652235,Limit,GoodTillCancel,nan,,FLAT,0.0,927.3091166666667,0.07258123049379428,FLAT,1.0,0.0
XBTUSD-000329,XBTUSD,XBt,LONG,2021-05-21T14:21:07.398000+00:00,38333.0,22221.0,0.57974589,22221.0,True,0.0,2021-05-22T18:10:40.347000+00:00,37677.0,True,False,198,198,49,148,7,42,0,148,0,0,113,85,0,45,4,2555543.0,71.89676578999998,2555543.0,0.0,386987.6522365224,-386987.6522365224,Limit,GoodTillCancel,nan,XBTUSD-000328,FLAT,0.0,1669.5491499999998,-0.01711319228862862,FLAT,0.5707070707070707,0.14285714285714285
XBTUSD-000330,XBTUSD,XBt,SHORT,2021-05-22T18:18:06.694000+00:00,37757.0,500.0,0.013245,500.0,False,7.439116666666666,2021-05-23T08:45:29.958000+00:00,34886.0,True,False,172,172,80,91,77,3,0,91,0,0,57,115,0,12,68,799992.0,21.4288029,799992.0,0.0,2012735.0,-2012735.0,Market,ImmediateOrCancel,nan,,FLAT,0.0,867.3877333333334,0.0760388802076436,FLAT,0.3313953488372093,0.9625
XBTUSD-000331,XBTUSD,XBt,LONG,2021-05-23T08:51:40.032000+00:00,34333.0,21849.0,0.63646137,21849.0,False,6.1679,2021-05-23T10:49:40.156000+00:00,35280.0,True,False,15,15,12,2,0,9,3,2,0,0,13,2,0,12,0,133332.0,3.9026276399999995,133332.0,0.0,185837.0,-185837.0,Limit,GoodTillCancel,nan,,FLAT,0.0,118.00206666666666,0.027582792065942385,FLAT,0.8666666666666667,0.0
XBTUSD-000332,XBTUSD,XBt,LONG,2021-05-23T11:17:27.605000+00:00,34823.0,16666.0,0.47864752,16666.0,False,27.790816666666668,2021-05-31T14:11:10.777000+00:00,36475.0,True,False,587,587,245,341,206,39,0,229,112,0,149,438,0,108,137,2255542.0,139.59522793999994,4955524.0,0.0,9400120.0,-9400120.0,Market,ImmediateOrCancel,nan,,FLAT,0.0,11693.719533333333,0.04743991040404327,FLAT,0.25383304940374785,0.8408163265306122
XBTUSD-000333,XBTUSD,XBt,LONG,2021-05-31T15:16:46.974000+00:00,36857.0,5000.0,0.13565,5000.0,False,65.60328333333334,2021-06-06T00:27:18.272000+00:00,35695.0,True,False,450,450,233,216,148,85,0,102,114,0,152,298,0,92,141,1599990.0,114.56035604,4266643.0,0.0,5970971.0,-5970971.0,Market,ImmediateOrCancel,nan,,FLAT,0.0,7750.521633333334,-0.03152725398160461,FLAT,0.3377777777777778,0.6351931330472103
XBTM21-000001,XBTM21,XBt,SHORT,2021-06-05T14:47:48.300000+00:00,35717.5,16269.0,0.455532,16269.0,False,,2021-06-05T14:48:22.779000+00:00,35794.5,True,False,19,19,11,7,8,3,0,0,7,0,0,19,0,0,11,333333.0,9.33420598,333333.0,0.0,1398556.0,-1398556.0,Market,ImmediateOrCancel,nan,,,,0.57465,-0.002155805977462011,FLAT,0.0,0.7272727272727273
XBTUSD-000334,XBTUSD,XBt,SHORT,2021-06-06T00:44:11.992000+00:00,35594.0,55076.0,1.54708484,55076.0,False,16.895333333333333,2021-06-11T16:06:18.933000+00:00,36937.0,True,False,227,227,126,100,93,28,5,9,91,0,31,196,0,25,101,1833200.0,58.905667040000004,2077563.0,0.0,6393691.0,-6393691.0,Market,ImmediateOrCancel,nan,,FLAT,0.0,8122.115683333333,-0.03773107827161892,FLAT,0.13656387665198239,0.7380952380952381
XBTUSD-000335,XBTUSD,XBt,LONG,2021-06-13T17:29:52.969000+00:00,37183.0,1300.0,0.0349622,1300.0,False,2963.5672666666665,2021-06-19T04:19:59.627000+00:00,34940.5,True,False,386,386,150,235,63,81,6,60,175,0,101,285,0,55,95,2754800.0,114.88575170000001,4386800.0,0.0,11312787.0,-11312787.0,Market,ImmediateOrCancel,nan,,FLAT,0.0,7850.110966666666,-0.06030981900330801,FLAT,0.2616580310880829,0.42
XBTUSD-000336,XBTUSD,XBt,LONG,2021-06-19T04:24:25.908000+00:00,35039.5,40000.0,1.141568,40000.0,False,4.438016666666667,2021-06-19T08:07:30.270000+00:00,35720.0,True,False,123,123,51,71,38,4,9,71,0,0,9,114,0,9,42,1241700.0,35.39331403,1241700.0,0.0,4364253.0,-4364253.0,Limit,GoodTillCancel,nan,,FLAT,0.0,223.0727,0.01942093922573096,FLAT,0.07317073170731707,0.7450980392156863
XBTUSD-000337,XBTUSD,XBt,LONG,2021-06-19T11:03:19.104000+00:00,35843.0,15000.0,0.4184925,15000.0,False,175.81390000000002,2021-06-19T22:13:09.775000+00:00,35682.5,True,False,61,61,43,17,10,0,33,0,17,0,4,57,0,4,39,855100.0,23.80658907,855100.0,0.0,3192562.9166666665,-3192562.9166666665,Market,ImmediateOrCancel,nan,,FLAT,0.0,669.8445166666667,-0.004477861786122861,FLAT,0.06557377049180328,0.23255813953488372
XBTUSD-000338,XBTUSD,XBt,SHORT,2021-06-19T22:13:09.775000+00:00,35682.5,7800.0,0.21859421999999998,7799.999999999999,True,0.0,2021-06-25T07:31:32.472000+00:00,33999.0,True,False,681,681,228,452,223,5,0,216,236,0,211,470,0,101,127,3773500.0,166.62021595000002,5744700.0,0.0,15526393.091207348,-15526393.091207348,Limit,GoodTillCancel,nan,XBTUSD-000337,FLAT,0.0,7758.3782833333335,0.04717999019127028,FLAT,0.30983847283406757,0.9780701754385965
XBTUSD-000339,XBTUSD,XBt,LONG,2021-06-25T07:31:32.472000+00:00,33999.0,54000.0,1.5882804,54000.0,True,0.0,2021-06-25T10:29:45.850000+00:00,33684.5,True,False,4,4,1,2,0,0,1,0,2,0,2,2,0,1,0,66500.0,1.9559379,66500.0,0.0,99165.99212598425,-99165.99212598425,Limit,GoodTillCancel,nan,XBTUSD-000338,FLAT,0.0,178.22296666666668,-0.009250272066825493,FLAT,0.5,0.0
XBTUSD-000340,XBTUSD,XBt,SHORT,2021-06-25T10:44:40.317000+00:00,33558.5,50000.0,1.489935,50000.0,False,14.907783333333333,2021-06-25T13:07:26.620000+00:00,33139.5,True,False,231,231,101,129,74,21,6,129,0,0,72,159,0,72,29,1744200.0,52.231873510000014,1744200.0,0.0,5552743.0,-5552743.0,Limit,GoodTillCancel,nan,,FLAT,0.0,142.77171666666666,0.012485659370949254,FLAT,0.3116883116883117,0.7326732673267327
XBTUSD-000341,XBTUSD,XBt,SHORT,2021-06-25T14:03:10.487000+00:00,33222.0,100000.0,3.01005,100000.0,False,55.73111666666667,2021-06-28T07:44:21.664000+00:00,35085.5,True,False,388,388,188,199,160,28,0,65,134,0,104,284,0,100,88,2404100.0,117.78299306,3850000.0,0.0,10805203.0,-10805203.0,Limit,GoodTillCancel,nan,,FLAT,0.0,3941.1862833333334,-0.05609234844380229,FLAT,0.26804123711340205,0.851063829787234
XBTUSD-000342,XBTUSD,XBt,LONG,2021-06-28T09:34:12.994000+00:00,34666.0,60000.0,1.730802,60000.0,False,109.85549999999999,2021-06-29T11:45:23.363000+00:00,35640.5,True,False,51,51,30,20,18,12,0,20,0,0,25,26,0,17,13,750000.0,21.727253000000005,750000.0,0.0,120513.0,-120513.0,Limit,GoodTillCancel,nan,,FLAT,0.0,1571.1728166666667,0.028111117521490758,FLAT,0.49019607843137253,0.6
XBTUSD-000343,XBTUSD,XBt,SHORT,2021-06-29T12:07:41.780000+00:00,35777.0,17100.0,0.47796039,17100.0,False,22.306949999999997,2021-06-30T03:58:54.080000+00:00,35076.5,True,False,38,38,29,8,0,21,8,8,0,0,34,4,0,25,4,340000.0,9.440228000000001,340000.0,0.0,-310812.21774193546,310812.21774193546,Limit,GoodTillCancel,nan,,FLAT,0.0,951.205,0.019579618190457504,FLAT,0.8947368421052632,0.0
XBTUSD-000344,XBTUSD,XBt,LONG,2021-06-30T03:58:54.080000+00:00,35076.5,89200.0,2.54301172,89200.0,True,0.0,2021-07-03T12:48:01.638000+00:00,34556.0,True,False,297,297,119,177,0,117,2,86,91,0,161,136,0,86,33,2710000.0,127.01522250999994,4304800.0,0.0,4181734.2177419355,-4181734.2177419355,Limit,GoodTillCancel,nan,XBTUSD-000343,FLAT,0.0,4849.125966666667,-0.014838994768577307,FLAT,0.5420875420875421,0.0
XBTUSD-000345,XBTUSD,XBt,SHORT,2021-07-03T20:01:35.006000+00:00,34698.0,120000.0,3.458412,120000.0,False,433.5561333333333,2021-07-04T06:54:10.610000+00:00,35386.5,True,False,105,105,44,60,0,44,0,0,60,0,44,61,0,44,0,840000.0,24.017016,840000.0,0.0,1525826.0,-1525826.0,Market,ImmediateOrCancel,nan,,FLAT,0.0,652.5934,-0.019842642227217766,FLAT,0.41904761904761906,0.0
XBTUSD-000346,XBTUSD,XBt,LONG,2021-07-04T07:28:07.884000+00:00,35480.5,47600.0,1.3415822,47600.0,False,33.954566666666665,2021-07-04T07:30:54.206000+00:00,35400.0,True,False,17,17,5,11,0,0,5,0,11,0,0,17,0,0,5,220000.0,6.20059,220000.0,0.0,931137.0,-931137.0,Limit,GoodTillCancel,nan,,FLAT,0.0,2.7720333333333333,-0.0022688519045672706,FLAT,0.0,0.0
XBTUSD-000347,XBTUSD,XBt,LONG,2021-07-04T12:55:01.360000+00:00,35343.0,46200.0,1.30718742,46200.0,False,324.1192333333333,2021-07-08T07:47:20.421000+00:00,32463.0,True,False,297,297,126,170,8,110,8,66,104,0,189,108,0,115,11,1970000.0,112.71959099999998,3810000.0,0.0,1984113.0,-1984113.0,Limit,GoodTillCancel,nan,,FLAT,0.0,5452.317683333333,-0.08148714031066973,FLAT,0.6363636363636364,0.06349206349206349
XBTUSD-000348,XBTUSD,XBt,SHORT,2021-07-08T07:58:06.420000+00:00,32249.5,100000.0,3.10082,100000.0,False,10.76665,2021-07-08T19:56:25.424000+00:00,33116.5,True,False,18,18,2,15,2,0,0,0,15,0,0,18,0,0,2,220000.0,6.821874,220000.0,0.0,1009987.4548148148,-1009987.4548148148,Stop,ImmediateOrCancel,IndexPrice,,FLAT,0.0,718.3167333333333,-0.02688413773856957,FLAT,0.0,1.0
XBTUSD-000349,XBTUSD,XBt,LONG,2021-07-08T19:56:25.424000+00:00,33116.5,27200.0,0.8213420800000001,27200.0,True,0.0,2021-07-09T12:05:32.698000+00:00,32642.5,True,False,44,44,18,25,2,16,0,0,25,0,0,44,0,0,18,370100.0,11.180182760000001,370100.0,0.0,1688854.545185185,-1688854.545185185,Market,ImmediateOrCancel,nan,XBTUSD-000348,FLAT,0.0,969.1212333333333,-0.014313106759470395,FLAT,0.0,0.1111111111111111
XBTUSD-000350,XBTUSD,XBt,LONG,2021-07-09T13:08:10.613000+00:00,33161.5,600.0,0.0180933,600.0,False,62.63191666666667,2021-07-14T01:17:22.410000+00:00,32261.5,True,False,340,340,174,165,118,48,8,79,86,0,78,262,0,64,110,1803400.0,91.60739345999998,3095100.0,0.0,8381181.79,-8381181.79,Limit,GoodTillCancel,nan,,FLAT,0.0,6489.196616666667,-0.027139906216546272,FLAT,0.22941176470588234,0.6781609195402298
XBTUSD-000351,XBTUSD,XBt,SHORT,2021-07-14T01:17:22.410000+00:00,32261.5,16500.0,0.51144555,16500.0,True,0.0,2021-07-23T23:35:30.454000+00:00,33605.3,True,False,519,519,274,244,135,137,2,114,130,0,188,331,0,130,144,3453000.0,172.84179271999997,5495200.0,0.0,11427141.21,-11427141.21,Market,ImmediateOrCancel,nan,XBTUSD-000350,FLAT,0.0,14298.134066666667,-0.0416533639167429,FLAT,0.3622350674373796,0.4927007299270073
XBTUSD-000352,XBTUSD,XBt,LONG,2021-07-24T02:05:22.588000+00:00,33610.5,4000.0,0.1190104,4000.0,False,149.8689,2021-07-24T07:21:23.298000+00:00,33808.5,True,False,7,7,3,3,0,0,3,3,0,0,0,7,0,0,3,50000.0,1.4876299999999998,50000.0,0.0,222487.0,-222487.0,Limit,GoodTillCancel,nan,,FLAT,0.0,316.0118333333333,0.00589101620029453,FLAT,0.0,0.0
XBTUSD-000353,XBTUSD,XBt,SHORT,2021-07-26T06:54:54.589000+00:00,38619.5,38700.0,1.00208619,38700.0,False,2853.5215166666667,2021-07-26T21:36:46.476000+00:00,37257.0,True,False,95,95,56,38,0,52,4,38,0,0,75,20,0,52,4,2050000.0,51.65696199999999,2050000.0,0.0,-746893.0,746893.0,Limit,GoodTillCancel,nan,,FLAT,0.0,881.8647833333333,0.03528010461036524,FLAT,0.7894736842105263,0.0
XBTUSD-000354,XBTUSD,XBt,LONG,2021-07-26T21:46:35.454000+00:00,37136.0,1700.0,0.0457776,1700.0,False,9.8163,2021-07-26T23:07:08.990000+00:00,37408.5,True,False,13,13,4,8,0,0,4,8,0,0,0,13,0,0,4,120000.0,3.2313600000000005,120000.0,0.0,482952.0,-482952.0,Market,ImmediateOrCancel,nan,,FLAT,0.0,80.55893333333333,0.007337893149504504,FLAT,0.0,0.0
XBTUSD-000355,XBTUSD,XBt,LONG,2021-07-27T02:43:53.379000+00:00,36666.0,60000.0,1.636392,60000.0,False,216.73981666666666,2021-07-27T14:41:39.100000+00:00,38224.5,True,False,4,4,0,3,0,0,0,3,0,0,1,3,0,0,0,60000.0,1.636392,60000.0,0.0,76816.0,-76816.0,Limit,GoodTillCancel,nan,,FLAT,0.0,717.7620166666667,0.042505318278514226,FLAT,0.25,
XBTUSD-000356,XBTUSD,XBt,LONG,2021-07-27T21:33:39.890000+00:00,38385.5,60000.0,1.56309,60000.0,False,412.0131666666667,2021-07-28T02:14:20.592000+00:00,40180.0,True,False,3,3,1,1,0,1,0,1,0,0,2,1,0,1,0,120000.0,3.137436,120000.0,0.0,3209.0,-3209.0,Limit,GoodTillCancel,nan,,FLAT,0.0,280.6783666666667,0.04674942361047796,FLAT,0.6666666666666666,0.0
XBTUSD-000357,XBTUSD,XBt,SHORT,2021-07-28T11:31:18.895000+00:00,40840.5,120000.0,2.93826,120000.0,False,556.9717166666667,2021-08-06T15:31:10.265000+00:00,41861.5,True,False,110,110,57,52,48,9,0,51,1,0,69,41,0,30,27,1080000.0,33.889028159999995,1380000.0,0.0,-98753.0,98753.0,Limit,GoodTillCancel,nan,,FLAT,0.0,13199.856166666666,-0.024999693931269107,FLAT,0.6272727272727273,0.8421052631578947
XBTUSD-000358,XBTUSD,XBt,SHORT,2021-08-06T16:03:20.478000+00:00,42852.0,11200.0,0.26136432,11200.0,False,32.17021666666667,2021-10-15T17:43:55.477000+00:00,61997.0,True,False,2232,2232,1162,1069,319,836,7,312,757,0,968,1264,0,644,518,4436000.0,482.0437585700001,23114100.0,0.0,10829115.0,-10829115.0,Limit,GoodTillCancel,nan,,FLAT,0.0,100900.58331666667,-0.44677027910015865,FLAT,0.4336917562724014,0.27452667814113596
XBTUSD-000359,XBTUSD,XBt,LONG,2021-10-17T20:02:24.334000+00:00,59666.0,30000.0,0.5028,30000.0,False,3018.4809499999997,2021-10-27T07:39:44.244000+00:00,60055.5,True,False,133,133,75,57,37,38,0,9,48,0,34,99,0,33,42,750000.0,13.763098290000006,840000.0,0.0,742064.0,-742064.0,Limit,GoodTillCancel,nan,,FLAT,0.0,13657.331833333334,0.006528005899507194,FLAT,0.2556390977443609,0.49333333333333335
XBTUSD-000360,XBTUSD,XBt,SHORT,2021-10-27T07:43:34.432000+00:00,60049.5,3800.0,0.06328102,3800.0,False,3.8364666666666665,2021-10-28T08:21:08.146000+00:00,59512.5,True,False,97,97,27,69,12,6,9,69,0,0,0,97,0,0,27,480000.0,7.998706929999999,480000.0,0.0,803959.0,-803959.0,Market,ImmediateOrCancel,nan,,FLAT,0.0,1477.5619000000002,0.008942622336572281,FLAT,0.0,0.4444444444444444
XBTUSD-000361,XBTUSD,XBt,SHORT,2021-10-28T08:51:50.771000+00:00,60486.0,10000.0,0.165328,10000.0,False,30.710416666666667,2021-10-28T21:32:58.964000+00:00,60716.5,True,False,47,47,23,23,2,21,0,23,0,0,1,46,0,1,22,300000.0,4.9235963499999995,300000.0,0.0,463949.0,-463949.0,Market,ImmediateOrCancel,nan,,FLAT,0.0,761.1365499999999,-0.0038107991932017082,FLAT,0.02127659574468085,0.08695652173913043
XBTUSD-000362,XBTUSD,XBt,LONG,2021-11-10T21:20:42.499000+00:00,64535.5,30000.0,0.464859,30000.0,False,18707.725583333333,2021-11-26T16:51:15.519000+00:00,54434.5,True,False,341,341,168,172,12,156,0,25,147,0,185,156,0,104,64,1590000.0,50.15673692,2910000.0,0.0,915407.0,-915407.0,Limit,GoodTillCancel,nan,,FLAT,0.0,22770.550333333333,-0.1565185053187781,FLAT,0.5425219941348973,0.07142857142857142
XBTUSD-000363,XBTUSD,XBt,LONG,2021-11-30T07:06:23.130000+00:00,56684.5,50000.0,0.882075,50000.0,False,5175.12685,2021-12-01T20:22:46.473000+00:00,57089.0,True,False,27,27,8,18,6,2,0,4,14,0,10,17,0,6,2,260000.0,4.53961692,260000.0,0.0,139416.0,-139416.0,Limit,GoodTillCancel,nan,,FLAT,0.0,2236.3890499999998,0.007135989556227962,FLAT,0.37037037037037035,0.75
XBTUSD-000364,XBTUSD,XBt,LONG,2021-12-03T13:35:05.037000+00:00,57430.0,100.0,0.00174125,100.0,False,2472.3094,2021-12-03T15:43:48.950000+00:00,56108.5,True,False,11,11,4,6,0,0,4,0,6,0,3,8,0,3,1,60000.0,1.04475,60000.0,0.0,43223.0,-43223.0,Limit,GoodTillCancel,nan,,FLAT,0.0,128.73188333333331,-0.02301062162632772,FLAT,0.2727272727272727,0.0
XBTUSD-000365,XBTUSD,XBt,LONG,2021-12-03T20:19:20.606000+00:00,51709.0,50000.0,0.96695,50000.0,False,275.5276,2021-12-03T21:20:48.640000+00:00,53771.0,True,False,2,2,0,1,0,0,0,1,0,0,2,0,0,0,0,50000.0,0.96695,50000.0,0.0,-18967.0,18967.0,Limit,GoodTillCancel,nan,,FLAT,0.0,61.46723333333333,0.03987700400317151,FLAT,1.0,
XBTUSD-000366,XBTUSD,XBt,LONG,2021-12-04T04:55:34.631000+00:00,50000.0,50000.0,1.0,50000.0,False,454.7665166666667,2021-12-04T05:41:23.183000+00:00,46889.0,True,False,86,86,15,70,0,15,0,70,0,0,16,70,0,15,0,800000.0,18.022499999999997,800000.0,0.0,676300.0,-676300.0,Limit,GoodTillCancel,nan,,FLAT,0.0,45.809200000000004,-0.06222000000000005,FLAT,0.18604651162790697,0.0
XBTUSD-000367,XBTUSD,XBt,LONG,2021-12-04T11:39:53.726000+00:00,46333.0,28100.0,0.60647949,28100.0,False,358.50905,2021-12-04T12:44:47.760000+00:00,47215.0,True,False,12,12,6,5,0,0,6,5,0,0,7,5,0,6,0,60000.0,1.2949739999999998,60000.0,0.0,50590.0,-50590.0,Limit,GoodTillCancel,nan,,FLAT,0.0,64.90056666666666,0.019036108173440036,FLAT,0.5833333333333334,0.0
XBTUSD-000368,XBTUSD,XBt,SHORT,2021-12-04T15:09:52.768000+00:00,48222.0,4500.0,0.0933183,4500.0,False,145.08346666666665,2021-12-06T14:30:41.512000+00:00,48558.0,True,False,114,114,39,74,1,37,1,20,54,0,31,83,0,18,21,640000.0,16.07803422,790000.0,0.0,565208.0,-565208.0,Limit,GoodTillCancel,nan,,FLAT,0.0,2840.8124000000003,-0.006967774045041786,FLAT,0.2719298245614035,0.02564102564102564
XBTUSD-000369,XBTUSD,XBt,SHORT,2021-12-06T15:15:27.129000+00:00,48666.0,5200.0,0.10685064,5200.0,False,44.760283333333334,2021-12-09T19:18:39.688000+00:00,47794.0,True,False,173,173,94,78,62,30,2,73,5,0,88,85,0,49,45,1038000.0,31.990369430000005,1608000.0,0.0,278940.0,-278940.0,Limit,GoodTillCancel,nan,,FLAT,0.0,4563.209316666666,0.01791805367196808,FLAT,0.5086705202312138,0.6595744680851063
XBTUSD-000370,XBTUSD,XBt,LONG,2021-12-09T20:59:28.129000+00:00,47699.0,10000.0,0.209648,10000.0,False,100.80735,2021-12-09T21:45:00.306000+00:00,48111.0,True,False,2,2,0,1,0,0,0,1,0,0,2,0,0,0,0,10000.0,0.209648,10000.0,0.0,-4174.5,4174.5,Limit,GoodTillCancel,nan,,FLAT,0.0,45.53628333333334,0.008637497641460046,FLAT,1.0,
XBTUSD-000371,XBTUSD,XBt,SHORT,2021-12-09T21:45:00.306000+00:00,48111.0,10000.0,0.207853,10000.0,True,0.0,2021-12-10T01:42:00.052000+00:00,48444.0,True,False,17,17,11,5,0,9,2,5,0,0,12,5,0,11,0,110000.0,2.269292,110000.0,0.0,90844.5,-90844.5,Limit,GoodTillCancel,nan,XBTUSD-000370,FLAT,0.0,236.99576666666664,-0.006921494045020848,FLAT,0.7058823529411765,0.0
XBTUSD-000372,XBTUSD,XBt,SHORT,2021-12-10T02:19:13.454000+00:00,48657.0,20000.0,0.41104,20000.0,False,37.22336666666667,2021-12-11T05:39:08.400000+00:00,48480.5,True,False,195,195,130,64,88,42,0,50,14,0,104,91,0,87,43,1090000.0,22.467102130000008,1090000.0,0.0,841312.0,-841312.0,Limit,GoodTillCancel,nan,,FLAT,0.0,1639.9157666666665,0.0036274328462503336,FLAT,0.5333333333333333,0.676923076923077
XBTUSD-000373,XBTUSD,XBt,SHORT,2021-12-11T07:29:44.430000+00:00,48001.5,100.0,0.00208327,100.0,False,110.6005,2021-12-16T19:31:13.248000+00:00,47833.5,True,False,466,466,222,243,158,64,0,122,121,0,186,280,0,95,127,2213800.0,57.38714572000001,2763800.0,0.0,1321550.0,-1321550.0,Limit,GoodTillCancel,nan,,FLAT,0.0,7921.4803,0.0034998906284178233,FLAT,0.39914163090128757,0.7117117117117117
XBTUSD-000374,XBTUSD,XBt,LONG,2021-12-16T22:08:01.186000+00:00,47587.5,5600.0,0.11767784,5600.0,False,156.79896666666667,2021-12-17T16:55:12.902000+00:00,46889.0,True,False,49,49,20,28,0,17,3,28,0,0,21,28,0,20,0,440000.0,9.456155999999998,440000.0,0.0,374728.0,-374728.0,Limit,GoodTillCancel,nan,,FLAT,0.0,1127.1952666666666,-0.01467822432361443,FLAT,0.42857142857142855,0.0
XBTUSD-000375,XBTUSD,XBt,LONG,2021-12-17T20:17:37.515000+00:00,46555.0,60100.0,1.290948,60100.0,False,202.41021666666666,2021-12-18T02:03:57.655000+00:00,45608.5,True,False,75,75,16,58,0,16,0,33,25,0,17,58,0,16,0,300500.0,6.529864999999999,300500.0,0.0,262100.0,-262100.0,Limit,GoodTillCancel,nan,,FLAT,0.0,346.33566666666667,-0.02033079153689188,FLAT,0.22666666666666666,0.0
XBTUSD-000376,XBTUSD,XBt,LONG,2021-12-18T02:05:22.877000+00:00,45555.0,1200.0,0.0263418,1200.0,False,1.4203666666666666,2021-12-22T02:31:59.227000+00:00,49607.5,True,False,93,93,57,35,53,0,4,27,8,0,37,56,0,26,31,290100.0,8.92201669,420100.0,0.0,205490.5925,-205490.5925,Limit,GoodTillCancel,nan,,FLAT,0.0,5786.605833333333,0.08895840193173088,FLAT,0.3978494623655914,0.9298245614035088
XBTUSD-000377,XBTUSD,XBt,SHORT,2021-12-22T02:31:59.227000+00:00,49607.5,9900.0,0.19956618,9900.0,True,0.0,2021-12-29T02:56:22.144000+00:00,48022.0,True,False,164,164,65,98,15,50,0,93,5,0,83,81,0,58,7,889900.0,27.335428740000005,1389900.0,0.0,322168.4075,-322168.4075,Limit,GoodTillCancel,nan,XBTUSD-000376,FLAT,0.0,10104.38195,0.0319608930101295,FLAT,0.5060975609756098,0.23076923076923078
XBTUSD-000378,XBTUSD,XBt,SHORT,2021-12-29T12:27:01.471000+00:00,46766.5,300.0,0.00641484,300.0,False,570.65545,2022-01-03T23:31:08.884000+00:00,46417.0,True,False,515,515,298,216,73,222,3,191,25,0,149,366,0,49,249,1580000.0,67.26801046999998,3167900.0,0.0,3389372.0,-3389372.0,Limit,GoodTillCancel,nan,,FLAT,0.0,7864.12355,0.007473298194220268,FLAT,0.28932038834951457,0.24496644295302014
XBTUSD-000379,XBTUSD,XBt,LONG,2022-01-03T23:38:28.794000+00:00,46527.0,2800.0,0.06018012,2800.0,False,7.331833333333334,2022-01-05T11:52:07.475000+00:00,46150.0,True,False,93,93,35,57,0,30,5,57,0,0,21,72,0,15,20,520000.0,11.70881144,540000.0,0.0,603843.0,-603843.0,Limit,GoodTillCancel,nan,,FLAT,0.0,2173.6446833333334,-0.008102822017323263,FLAT,0.22580645161290322,0.0
XBTUSD-000380,XBTUSD,XBt,SHORT,2022-01-05T12:09:58.365000+00:00,46177.0,100.0,0.00216558,100.0,False,17.848166666666668,2022-01-05T14:47:20.385000+00:00,46185.0,True,False,171,171,83,87,73,6,4,0,87,0,23,148,0,21,62,1040000.0,22.558419999999998,1040000.0,0.0,1799467.0,-1799467.0,Limit,GoodTillCancel,nan,,FLAT,0.0,157.36700000000002,-0.00017324642137861446,FLAT,0.13450292397660818,0.8795180722891566
XBTUSD-000381,XBTUSD,XBt,LONG,2022-01-05T15:04:22.731000+00:00,46784.0,17900.0,0.38260892,17900.0,False,17.0391,2022-01-05T17:51:32.464000+00:00,46060.0,True,False,95,95,39,55,0,33,6,19,36,0,39,56,0,33,6,440000.0,12.032976999999997,560000.0,0.0,527433.1768953069,-527433.1768953069,Limit,GoodTillCancel,nan,,FLAT,0.0,167.16221666666667,-0.015475376196990465,FLAT,0.4105263157894737,0.0
XBTUSD-000382,XBTUSD,XBt,SHORT,2022-01-05T17:51:32.464000+00:00,46060.0,15900.0,0.34520172000000005,15900.000000000002,True,0.0,2022-01-06T19:46:26.616000+00:00,43423.5,True,False,323,323,220,102,188,19,13,102,0,0,158,165,0,106,114,2050000.0,53.05463462000001,2410000.0,0.0,2290149.823104693,-2290149.823104693,Limit,GoodTillCancel,nan,XBTUSD-000381,FLAT,0.0,1554.9025333333334,0.057240555796786774,FLAT,0.4891640866873065,0.8545454545454545
XBTUSD-000383,XBTUSD,XBt,LONG,2022-01-07T03:23:23.160000+00:00,42312.5,15700.0,0.37104909,15700.0,False,456.9424,2022-01-07T15:19:27.774000+00:00,41533.0,True,False,108,108,38,69,0,29,9,61,8,0,63,45,0,38,0,920000.0,21.936974000000003,920000.0,0.0,262418.0,-262418.0,Limit,GoodTillCancel,nan,,FLAT,0.0,716.0769,-0.018422451994091538,FLAT,0.5833333333333334,0.0
XBTUSD-000384,XBTUSD,XBt,LONG,2022-01-07T15:52:49.956000+00:00,40751.0,20000.0,0.490786,20000.0,False,33.3697,2022-01-07T16:10:02.635000+00:00,41237.5,True,False,10,10,0,9,0,0,0,9,0,0,1,9,0,0,0,20000.0,0.490786,20000.0,0.0,19338.0,-19338.0,Limit,GoodTillCancel,nan,,FLAT,0.0,17.21131666666667,0.011938357340924188,FLAT,0.1,
XBTUSD-000385,XBTUSD,XBt,LONG,2022-01-08T00:53:10.073000+00:00,41944.0,18500.0,0.44106405,18500.0,False,523.1239666666667,2022-01-08T21:44:12+00:00,41962.5,True,False,355,355,137,217,80,57,0,68,149,0,36,319,0,23,114,1847700.0,54.09921189999999,2267700.0,0.0,4052317.0,-4052317.0,Limit,GoodTillCancel,nan,,FLAT,0.0,1251.0321166666665,0.0004410642761778494,FLAT,0.10140845070422536,0.583941605839416
XBTUSD-000386,XBTUSD,XBt,LONG,2022-01-08T21:46:09.148000+00:00,41888.0,60000.0,1.432392,60000.0,False,1.9524666666666666,2022-01-08T22:28:20.952000+00:00,42241.0,True,False,9,9,5,3,0,5,0,3,0,0,9,0,0,5,0,120000.0,2.8685879999999995,120000.0,0.0,-57107.0,57107.0,Limit,GoodTillCancel,nan,,FLAT,0.0,42.196733333333334,0.008427234530175687,FLAT,1.0,0.0
XBTUSD-000387,XBTUSD,XBt,SHORT,2022-01-08T22:28:34.924000+00:00,42277.0,1000.0,0.0236535,1000.0,False,0.23286666666666667,2022-01-08T23:57:13.327000+00:00,41666.0,True,False,4,4,2,1,0,0,2,1,0,0,4,0,0,2,0,1200.0,0.0283842,1200.0,0.0,-570.0,570.0,Limit,GoodTillCancel,nan,,FLAT,0.0,88.64005,0.014452302670482808,FLAT,1.0,0.0
XBTUSD-000388,XBTUSD,XBt,LONG,2022-01-08T23:57:13.327000+00:00,41666.0,58800.0,1.4112235199999998,58800.0,True,0.0,2022-01-09T10:50:23.958000+00:00,41698.0,True,False,27,27,10,16,7,3,0,16,0,0,9,18,0,8,2,298800.0,7.16797152,298800.0,0.0,313251.0,-313251.0,Limit,GoodTillCancel,nan,XBTUSD-000387,FLAT,0.0,653.1771833333333,0.0007680122881965623,FLAT,0.3333333333333333,0.7
XBTUSD-000389,XBTUSD,XBt,LONG,2022-01-09T13:59:38.355000+00:00,41472.5,2000.0,0.0482248,2000.0,False,189.23995000000002,2022-01-09T19:29:04.358000+00:00,42514.0,True,False,8,8,6,1,0,1,5,1,0,0,8,0,0,6,0,20000.0,0.483501,20000.0,0.0,-9537.333333333332,9537.333333333332,Limit,GoodTillCancel,nan,,FLAT,0.0,329.4333833333333,0.025113026704442598,FLAT,1.0,0.0
XBTUSD-000390,XBTUSD,XBt,SHORT,2022-01-09T19:29:04.358000+00:00,42514.0,40000.0,0.940868,40000.0,True,0.0,2022-01-09T23:23:52.203000+00:00,41888.0,True,False,33,33,11,21,0,11,0,21,0,0,18,15,0,11,0,280000.0,6.56741,280000.0,0.0,-47281.33333333332,47281.33333333332,Limit,GoodTillCancel,nan,XBTUSD-000389,FLAT,0.0,234.79741666666666,0.014724561320976659,FLAT,0.5454545454545454,0.0
XBTUSD-000391,XBTUSD,XBt,LONG,2022-01-09T23:23:52.203000+00:00,41888.0,20000.0,0.477464,20000.0,True,0.0,2022-01-10T12:11:48.744000+00:00,41445.0,True,False,299,299,111,187,107,4,0,0,187,0,26,273,0,25,86,960000.0,22.861997740000003,960000.0,0.0,1835399.6666666667,-1835399.6666666667,Limit,GoodTillCancel,nan,XBTUSD-000390,FLAT,0.0,767.9423499999999,-0.010575821237585936,FLAT,0.08695652173913043,0.963963963963964
XBTUSD-000392,XBTUSD,XBt,SHORT,2022-01-10T15:35:45.869000+00:00,40979.0,2700.0,0.06588729,2700.0,False,203.95208333333332,2022-01-10T17:28:39.205000+00:00,41000.0,True,False,141,141,63,77,20,43,0,44,33,0,41,100,0,41,22,651600.0,15.876109090000002,651600.0,0.0,908949.0,-908949.0,Limit,GoodTillCancel,nan,,FLAT,0.0,112.88893333333334,-0.0005124576002342174,FLAT,0.2907801418439716,0.31746031746031744
XBTUSD-000393,XBTUSD,XBt,LONG,2022-01-10T17:32:43.900000+00:00,40818.0,9100.0,0.2229409,9100.0,False,4.07825,2022-01-10T17:48:27.520000+00:00,41256.5,True,False,47,47,21,25,0,16,5,25,0,0,0,47,0,0,21,135200.0,3.31585025,135200.0,0.0,329654.0,-329654.0,Market,ImmediateOrCancel,nan,,FLAT,0.0,15.727,0.010742809544808773,FLAT,0.0,0.0
XBTUSD-000394,XBTUSD,XBt,LONG,2022-01-10T17:49:25.779000+00:00,41111.0,33800.0,0.82216472,33800.0,False,0.9709833333333333,2022-01-10T17:54:07.181000+00:00,41350.0,True,False,11,11,2,8,0,2,0,8,0,0,3,8,0,2,0,67600.0,1.6465737599999999,67600.0,0.0,65273.0,-65273.0,Limit,GoodTillCancel,nan,,FLAT,0.0,4.690033333333333,0.005813529225754621,FLAT,0.2727272727272727,0.0
XBTUSD-000395,XBTUSD,XBt,LONG,2022-01-10T17:56:38.117000+00:00,41222.0,19100.0,0.46334499,19100.0,False,2.5156,2022-01-10T18:32:56.255000+00:00,41465.0,True,False,9,9,3,5,0,0,3,5,0,0,4,5,0,3,0,33800.0,0.8199508200000001,33800.0,0.0,32561.0,-32561.0,Limit,GoodTillCancel,nan,,FLAT,0.0,36.302299999999995,0.005894910484692595,FLAT,0.4444444444444444,0.0
XBTUSD-000396,XBTUSD,XBt,SHORT,2022-01-10T19:02:14.676000+00:00,41543.5,500.0,0.0120356,500.0,False,29.307016666666666,2022-01-10T19:41:52.791000+00:00,41618.5,True,False,128,128,68,59,51,10,7,0,59,0,0,128,0,0,68,338000.0,9.589159829999994,398000.0,0.0,957297.9722222222,-957297.9722222222,Market,ImmediateOrCancel,nan,,FLAT,0.0,39.63525,-0.0018053365749155503,FLAT,0.0,0.75
XBTUSD-000397,XBTUSD,XBt,LONG,2022-01-10T19:41:52.791000+00:00,41618.5,6500.0,0.1561807,6500.0,True,0.0,2022-01-10T19:50:26.156000+00:00,41447.5,True,False,15,15,13,1,4,8,1,0,1,0,1,14,0,0,13,42000.0,1.0090852600000002,42000.0,0.0,40312.00277777778,-40312.00277777778,Market,ImmediateOrCancel,nan,XBTUSD-000396,FLAT,0.0,8.556083333333333,-0.0041087497146701235,FLAT,0.06666666666666667,0.3076923076923077
XBTUSD-000398,XBTUSD,XBt,SHORT,2022-01-10T19:50:26.156000+00:00,41447.5,38000.0,0.9168222,38000.0,True,0.0,2022-01-10T20:48:03.006000+00:00,41520.0,True,False,111,111,80,30,78,2,0,0,30,0,20,91,0,5,75,678000.0,16.422569980000002,678000.0,0.0,632994.4099129594,-632994.4099129594,Limit,GoodTillCancel,nan,XBTUSD-000397,FLAT,0.0,57.61416666666666,-0.0017492007961878997,FLAT,0.18018018018018017,0.975
XBTUSD-000399,XBTUSD,XBt,LONG,2022-01-10T20:48:03.006000+00:00,41520.0,19700.0,0.47447056,19700.0,True,0.0,2022-01-14T10:03:57.888000+00:00,42549.0,True,False,693,693,363,329,177,177,9,136,193,0,357,336,0,226,137,1499600.0,81.63954290999995,3462000.0,0.0,1713939.6150870407,-1713939.6150870407,Limit,GoodTillCancel,nan,XBTUSD-000398,FLAT,0.0,5115.914699999999,0.024783236994219582,FLAT,0.5151515151515151,0.48760330578512395
XBTUSD-000400,XBTUSD,XBt,SHORT,2022-01-14T10:25:40.272000+00:00,42400.0,10000.0,0.235849,10000.0,False,21.7064,2022-01-15T04:18:54.930000+00:00,42854.0,True,False,355,355,150,204,69,81,0,0,204,0,233,122,0,92,58,3094400.0,73.11018303,3094400.0,0.0,687566.1065088757,-687566.1065088757,Limit,GoodTillCancel,nan,,FLAT,0.0,1073.2443,-0.01070754716981126,FLAT,0.6563380281690141,0.46
XBTUSD-000401,XBTUSD,XBt,LONG,2022-01-15T04:18:54.930000+00:00,42854.0,11500.0,0.2683525,11500.0,True,0.0,2022-01-15T20:02:14.291000+00:00,43559.5,True,False,22,22,4,17,0,0,4,17,0,0,5,17,0,4,0,205600.0,4.797676,205600.0,0.0,188868.89349112427,-188868.89349112427,Limit,GoodTillCancel,nan,XBTUSD-000400,FLAT,0.0,943.3226833333333,0.016462873944089296,FLAT,0.22727272727272727,0.0
XBTUSD-000402,XBTUSD,XBt,SHORT,2022-01-15T20:33:55.342000+00:00,43690.5,10000.0,0.228883,10000.0,False,31.684183333333333,2022-01-20T15:04:25.784000+00:00,43128.0,True,False,1312,1312,748,563,748,0,0,181,382,0,512,800,0,400,348,3956200.0,152.20390354999986,6473600.0,0.0,6617756.712460064,-6617756.712460064,Limit,GoodTillCancel,nan,,FLAT,0.0,6870.507366666667,0.012874652384385676,FLAT,0.3902439024390244,1.0
XBTUSD-000403,XBTUSD,XBt,LONG,2022-01-20T15:04:25.784000+00:00,43128.0,26400.0,0.6121315199999999,26400.0,True,0.0,2022-01-20T20:14:11.951000+00:00,42800.0,True,False,262,262,184,77,161,23,0,0,77,0,62,200,0,40,144,2591400.0,59.97206048,2591400.0,0.0,4382983.716736104,-4382983.716736104,Market,ImmediateOrCancel,nan,XBTUSD-000402,FLAT,0.0,309.76945,-0.0076052680393248195,FLAT,0.2366412213740458,0.875
XBTUSD-000404,XBTUSD,XBt,SHORT,2022-01-20T20:14:11.951000+00:00,42800.0,57100.0,1.3341129500000002,57100.0,True,0.0,2022-01-25T17:15:12.071000+00:00,37249.0,True,False,1701,1701,946,754,864,82,0,478,276,0,563,1138,0,359,587,3058600.0,228.08115729999977,8588600.0,0.0,9404442.570803832,-9404442.570803832,Limit,GoodTillCancel,nan,XBTUSD-000403,FLAT,0.0,7021.0019999999995,0.12969626168224302,FLAT,0.33098177542621987,0.9133192389006343
XBTUSD-000405,XBTUSD,XBt,LONG,2022-01-25T21:35:00.880000+00:00,36444.0,22800.0,0.62561832,22800.0,False,259.8134833333333,2022-01-26T10:58:35.155000+00:00,38111.0,True,False,3,3,1,1,0,0,1,1,0,0,3,0,0,1,0,60000.0,1.6463640000000002,60000.0,0.0,-32206.0,32206.0,Limit,GoodTillCancel,nan,,FLAT,0.0,803.5712500000001,0.045741411480627825,FLAT,1.0,0.0
XBTUSD-000406,XBTUSD,XBt,SHORT,2022-01-26T13:43:58.288000+00:00,37952.0,7500.0,0.19761825,7500.0,False,165.38555,2022-01-26T21:44:04.809000+00:00,36563.5,True,False,93,93,44,48,23,20,1,48,0,0,12,81,0,10,34,360000.0,9.43077736,360000.0,0.0,612992.0,-612992.0,Limit,GoodTillCancel,nan,,FLAT,0.0,480.1086833333333,0.036585687183811166,FLAT,0.12903225806451613,0.5227272727272727
XBTUSD-000407,XBTUSD,XBt,LONG,2022-01-26T22:01:33.556000+00:00,36422.0,20000.0,0.549118,20000.0,False,17.479116666666666,2022-01-27T02:06:49.184000+00:00,35789.0,True,False,67,67,24,42,21,3,0,0,42,0,3,64,0,3,21,200000.0,5.46465203,200000.0,0.0,355313.0,-355313.0,Market,ImmediateOrCancel,nan,,FLAT,0.0,245.26046666666667,-0.017379605732798842,FLAT,0.04477611940298507,0.875
XBTUSD-000408,XBTUSD,XBt,LONG,2022-01-27T03:43:54.473000+00:00,35666.0,10600.0,0.29720174,10600.0,False,97.08815,2022-01-27T10:50:23.753000+00:00,36406.0,True,False,9,9,1,7,0,0,1,7,0,0,2,7,0,1,0,20000.0,0.560758,20000.0,0.0,21859.0,-21859.0,Limit,GoodTillCancel,nan,,FLAT,0.0,426.488,0.020748051365446107,FLAT,0.2222222222222222,0.0
XBTUSD-000409,XBTUSD,XBt,LONG,2022-01-27T11:45:04.013000+00:00,36694.5,4300.0,0.1171836,4300.0,False,54.67100000000001,2022-01-30T00:41:56.717000+00:00,37731.0,True,False,679,679,373,305,281,91,1,254,51,0,133,546,0,76,297,1968000.0,91.06127614000003,3378000.0,0.0,5540195.0,-5540195.0,Limit,GoodTillCancel,nan,,FLAT,0.0,3656.8784,0.028246739974655544,FLAT,0.1958762886597938,0.7533512064343163
XBTUSD-000410,XBTUSD,XBt,LONG,2022-01-30T03:24:48.871000+00:00,38034.0,7500.0,0.19719225,7500.0,False,162.86923333333334,2022-01-30T04:12:24.041000+00:00,37905.5,True,False,3,3,1,1,0,0,1,0,1,0,0,3,0,0,1,10000.0,0.262923,10000.0,0.0,26335.0,-26335.0,Market,ImmediateOrCancel,nan,,FLAT,0.0,47.58616666666667,-0.0033785560288163152,FLAT,0.0,0.0
XBTUSD-000411,XBTUSD,XBt,SHORT,2022-01-30T04:12:37.040000+00:00,37905.5,10000.0,0.263814,10000.0,False,0.21665,2022-01-31T17:18:45.097000+00:00,38580.0,True,False,406,406,266,139,265,1,0,0,139,0,15,391,0,15,251,1286000.0,34.29313353999999,1286000.0,0.0,3225800.0,-3225800.0,Market,ImmediateOrCancel,nan,,FLAT,0.0,2226.1342833333333,-0.017794251493846502,FLAT,0.03694581280788178,0.9962406015037594
XBTUSD-000412,XBTUSD,XBt,LONG,2022-01-31T17:58:00.085000+00:00,38542.5,300.0,0.00778362,300.0,False,39.2498,2022-02-02T04:32:28.309000+00:00,38418.0,True,False,292,292,150,141,74,66,10,17,124,0,55,237,0,22,128,1700000.0,44.63662860000002,1720000.0,0.0,2705593.0,-2705593.0,Limit,GoodTillCancel,nan,,FLAT,0.0,2074.4704,-0.0032302004280988506,FLAT,0.18835616438356165,0.49333333333333335
XBTUSD-000413,XBTUSD,XBt,SHORT,2022-02-02T05:16:13.816000+00:00,38418.0,3100.0,0.08069145,3100.0,False,43.75845,2022-02-02T08:13:01.421000+00:00,38381.0,True,False,51,51,44,6,29,15,0,6,0,0,0,51,0,0,44,90000.0,2.343519590000001,90000.0,0.0,234403.0,-234403.0,Market,ImmediateOrCancel,nan,,FLAT,0.0,176.79341666666667,0.0009630902181269052,FLAT,0.0,0.6590909090909091
XBTUSD-000414,XBTUSD,XBt,SHORT,2022-02-02T12:10:58.943000+00:00,38666.0,30000.0,0.775875,30000.0,False,237.95870000000002,2022-02-02T15:02:07.582000+00:00,37762.0,True,False,5,5,0,4,0,0,0,4,0,0,3,2,0,0,0,30000.0,0.775875,30000.0,0.0,16076.0,-16076.0,Limit,GoodTillCancel,nan,,FLAT,0.0,171.14398333333332,0.023379713443335226,FLAT,0.6,
XBTUSD-000415,XBTUSD,XBt,LONG,2022-02-02T16:02:55.800000+00:00,37333.0,3900.0,0.1044654,3900.0,False,60.80363333333333,2022-02-04T04:25:31.431000+00:00,37255.0,True,False,293,293,118,174,38,75,5,157,17,0,98,195,0,31,87,1500000.0,43.531847570000004,1620000.0,0.0,1530826.0,-1530826.0,Limit,GoodTillCancel,nan,,FLAT,0.0,2182.5938499999997,-0.002089304368788958,FLAT,0.33447098976109213,0.3220338983050847
XBTUSD-000416,XBTUSD,XBt,SHORT,2022-02-04T05:35:36.323000+00:00,37587.0,200.0,0.00532098,200.0,False,70.08153333333333,2022-02-06T23:37:22.204000+00:00,42363.5,True,False,859,859,464,394,49,411,4,0,394,0,237,622,0,170,294,4180000.0,111.51972684999994,4570000.0,0.0,5699287.0,-5699287.0,Market,ImmediateOrCancel,nan,,FLAT,0.0,3961.7646833333333,-0.12707851118737867,FLAT,0.2759022118742724,0.10560344827586207
XBTUSD-000417,XBTUSD,XBt,LONG,2022-02-07T00:29:52.002000+00:00,41791.5,7500.0,0.17946225,7500.0,False,52.49663333333333,2022-02-07T09:31:36.305000+00:00,42449.0,True,False,5,5,1,3,0,0,1,3,0,0,0,5,0,0,1,10000.0,0.239283,10000.0,0.0,23741.0,-23741.0,Limit,GoodTillCancel,nan,,FLAT,0.0,541.7383833333333,0.01573286433844201,FLAT,0.0,0.0
XBTUSD-000418,XBTUSD,XBt,LONG,2022-02-07T09:35:32.247000+00:00,42333.0,10000.0,0.236222,10000.0,False,3.932366666666667,2022-02-09T01:57:03.781000+00:00,43886.0,True,False,23,23,10,12,8,2,0,12,0,0,11,12,0,5,5,75000.0,2.0673385,90000.0,0.0,102624.0,-102624.0,Limit,GoodTillCancel,nan,,FLAT,0.0,2421.5255666666667,0.03668532823093096,FLAT,0.4782608695652174,0.8
XBTUSD-000419,XBTUSD,XBt,LONG,2022-02-09T02:29:50.677000+00:00,43327.5,5000.0,0.1154,5000.0,False,32.7816,2022-02-09T13:13:15.583000+00:00,44444.0,True,False,2,2,0,1,0,0,0,1,0,0,1,1,0,0,0,5000.0,0.1154,5000.0,0.0,4645.0,-4645.0,Limit,GoodTillCancel,nan,,FLAT,0.0,643.4151,0.025768853499509525,FLAT,0.5,
XBTUSD-000420,XBTUSD,XBt,SHORT,2022-02-09T13:13:15.583000+00:00,44444.0,5000.0,0.112501,5000.0,True,0.0,2022-02-11T12:14:36.558000+00:00,43436.5,True,False,23,23,4,18,0,4,0,18,0,0,11,12,0,4,0,45000.0,1.003616,45000.0,0.0,27964.0,-27964.0,Limit,GoodTillCancel,nan,XBTUSD-000419,FLAT,0.0,2821.3495833333336,0.022668976689766862,FLAT,0.4782608695652174,0.0
XBTUSD-000421,XBTUSD,XBt,LONG,2022-02-11T13:42:59.367000+00:00,43793.0,7500.0,0.17126025,7500.0,False,88.38015,2022-02-15T10:26:02.117000+00:00,44222.0,True,False,308,308,137,170,48,87,2,47,123,0,133,175,0,63,74,1596000.0,56.723390330000015,2436000.0,0.0,617467.3242320819,-617467.3242320819,Limit,GoodTillCancel,nan,,FLAT,0.0,5563.045833333334,0.009796086132486836,FLAT,0.4318181818181818,0.35036496350364965
XBTUSD-000422,XBTUSD,XBt,SHORT,2022-02-15T10:26:02.117000+00:00,44222.0,4800.0,0.10854336,4800.0,True,0.0,2022-02-16T06:35:02.197000+00:00,44134.0,True,False,35,35,19,15,0,14,5,15,0,0,22,13,0,19,0,104000.0,2.3404968000000004,104000.0,0.0,67211.67576791809,-67211.67576791809,Limit,GoodTillCancel,nan,XBTUSD-000421,FLAT,0.0,1209.0013333333334,0.0019899597485414366,FLAT,0.6285714285714286,0.0
XBTUSD-000423,XBTUSD,XBt,LONG,2022-02-16T13:34:58.970000+00:00,43888.0,5900.0,0.13443327,5900.0,False,419.94621666666666,2022-02-20T18:06:36.937000+00:00,38219.5,True,False,634,634,225,408,0,224,1,8,400,0,214,420,0,177,48,2210200.0,108.82274537999997,4446600.0,0.0,3791968.0,-3791968.0,Limit,GoodTillCancel,nan,,FLAT,0.0,6031.6327833333335,-0.12915831206707984,FLAT,0.33753943217665616,0.0
XBTUSD-000424,XBTUSD,XBt,LONG,2022-02-20T21:31:41.821000+00:00,38083.5,7700.0,0.20218737,7700.0,False,205.0814,2022-02-21T10:17:45.534000+00:00,38829.5,True,False,4,4,1,2,0,0,1,2,0,0,0,4,0,0,1,20000.0,0.525162,20000.0,0.0,52010.0,-52010.0,Limit,GoodTillCancel,nan,,FLAT,0.0,766.0618833333334,0.019588535717568023,FLAT,0.0,0.0
XBTUSD-000425,XBTUSD,XBt,LONG,2022-02-21T11:39:59.467000+00:00,37739.5,20000.0,0.529948,20000.0,False,82.23221666666667,2022-02-21T15:18:06.734000+00:00,39104.5,True,False,5,5,1,3,0,1,0,3,0,0,2,3,0,1,0,40000.0,1.065668,40000.0,0.0,40488.0,-40488.0,Limit,GoodTillCancel,nan,,FLAT,0.0,218.12111666666667,0.036169000649187266,FLAT,0.4,0.0
XBTUSD-000426,XBTUSD,XBt,LONG,2022-02-21T18:04:58.609000+00:00,38222.0,600.0,0.01569774,600.0,False,166.86458333333334,2022-02-22T12:01:06.783000+00:00,37458.5,True,False,192,192,100,91,20,77,3,17,74,0,110,82,0,83,17,880000.0,23.34226872000002,880000.0,0.0,596488.0,-596488.0,Limit,GoodTillCancel,nan,,FLAT,0.0,1076.1362333333334,-0.019975406833760645,FLAT,0.5729166666666666,0.2
XBTUSD-000427,XBTUSD,XBt,LONG,2022-02-22T16:51:02.492000+00:00,37732.0,3700.0,0.09805999,3700.0,False,289.9284833333333,2022-02-24T04:16:10.387000+00:00,34460.2,True,False,279,279,135,143,78,56,1,66,77,0,114,165,0,90,45,1371000.0,46.010960849999975,1747700.0,0.0,2079229.0,-2079229.0,Limit,GoodTillCancel,nan,,FLAT,0.0,2125.1315833333333,-0.08671154457754704,FLAT,0.40860215053763443,0.5777777777777777
XBTUSD-000428,XBTUSD,XBt,SHORT,2022-02-24T07:51:41.695000+00:00,35188.5,7500.0,0.213138,7500.0,False,215.5218,2022-02-25T12:53:31.689000+00:00,39230.5,True,False,383,383,158,224,6,152,0,0,224,0,132,251,0,77,81,2379600.0,67.09278746999996,2529600.0,0.0,2720350.2,-2720350.2,Market,ImmediateOrCancel,nan,,FLAT,0.0,1741.8332333333335,-0.11486707304943367,FLAT,0.34464751958224543,0.0379746835443038
XBTUSD-000429,XBTUSD,XBt,LONG,2022-02-25T12:53:31.689000+00:00,39230.5,700.0,0.01784328,700.0,True,0.0,2022-02-25T23:00:42.064000+00:00,39372.5,True,False,74,74,39,34,19,18,2,34,0,0,0,74,0,0,39,411500.0,10.542233419999997,411500.0,0.0,1049819.8,-1049819.8,Market,ImmediateOrCancel,nan,XBTUSD-000428,FLAT,0.0,607.1729166666667,0.0036196326837536485,FLAT,0.0,0.48717948717948717
XBTUSD-000430,XBTUSD,XBt,LONG,2022-02-26T08:02:04.064000+00:00,39212.0,5500.0,0.1402632,5500.0,False,541.3666666666667,2022-02-27T17:55:33.479000+00:00,38969.0,True,False,116,116,58,57,3,55,0,57,0,0,33,83,0,15,43,567500.0,15.229744930000008,587500.0,0.0,768367.0,-768367.0,Limit,GoodTillCancel,nan,,FLAT,0.0,2033.4902499999998,-0.006197082525757458,FLAT,0.28448275862068967,0.05172413793103448
XBTUSD-000431,XBTUSD,XBt,LONG,2022-02-27T19:48:21.263000+00:00,37940.0,600.0,0.01581444,600.0,False,112.79639999999999,2022-02-27T21:49:05.119000+00:00,37418.0,True,False,40,40,11,28,3,8,0,3,25,0,9,31,0,9,2,144400.0,5.03294986,188800.0,0.0,248495.0,-248495.0,Market,ImmediateOrCancel,nan,,FLAT,0.0,120.73093333333333,-0.013758566157090146,FLAT,0.225,0.2727272727272727
XBTUSD-000432,XBTUSD,XBt,LONG,2022-02-28T06:15:23.716000+00:00,38044.5,1600.0,0.042056,1600.0,False,506.30995,2022-02-28T09:11:16.968000+00:00,38416.5,True,False,425,425,219,205,54,165,0,184,21,0,23,402,0,7,212,2110900.0,57.516393630000024,2177500.0,0.0,5347135.0,-5347135.0,Market,ImmediateOrCancel,nan,,FLAT,0.0,175.88753333333335,0.00977802310452236,FLAT,0.05411764705882353,0.2465753424657534
XBTUSD-000433,XBTUSD,XBt,LONG,2022-02-28T09:59:58.336000+00:00,38111.0,44300.0,1.16239213,44300.0,False,48.68946666666667,2022-02-28T17:58:14.297000+00:00,41224.5,True,False,9,9,4,4,0,2,2,4,0,0,5,4,0,4,0,111000.0,2.9168358,111000.0,0.0,105462.0,-105462.0,Limit,GoodTillCancel,nan,,FLAT,0.0,478.26601666666664,0.08169557345648237,FLAT,0.5555555555555556,0.0
XBTUSD-000434,XBTUSD,XBt,SHORT,2022-02-28T18:17:05.404000+00:00,41254.5,7500.0,0.1817985,7500.0,False,18.851783333333334,2022-03-03T15:43:57.512000+00:00,42494.5,True,False,216,216,110,105,6,104,0,78,27,0,104,112,0,52,58,744200.0,27.422529150000003,1202600.0,0.0,403118.8925,-403118.8925,Limit,GoodTillCancel,nan,,FLAT,0.0,4166.868466666667,-0.030057327079470175,FLAT,0.48148148148148145,0.05454545454545454
XBTUSD-000435,XBTUSD,XBt,LONG,2022-03-03T15:43:57.512000+00:00,42494.5,28900.0,0.6800892500000001,28900.0,True,0.0,2022-03-03T22:45:24.977000+00:00,42550.0,True,False,12,12,1,10,0,1,0,10,0,0,2,10,0,1,0,68900.0,1.62688125,68900.0,0.0,64681.1075,-64681.1075,Limit,GoodTillCancel,nan,XBTUSD-000434,FLAT,0.0,421.45775,0.0013060513713538668,FLAT,0.16666666666666666,0.0
XBTUSD-000436,XBTUSD,XBt,LONG,2022-03-04T00:52:48.070000+00:00,41556.0,36400.0,0.87592596,36400.0,False,127.38488333333333,2022-03-04T19:53:35.921000+00:00,39856.0,True,False,419,419,236,182,12,223,1,61,121,0,51,368,0,19,217,1874200.0,50.43432492999995,2070000.0,0.0,3425513.777777778,-3425513.777777778,Limit,GoodTillCancel,nan,,FLAT,0.0,1140.7975166666665,-0.04090865338338623,FLAT,0.12171837708830549,0.05084745762711865
XBTUSD-000437,XBTUSD,XBt,SHORT,2022-03-04T19:53:35.921000+00:00,39856.0,3200.0,0.08028896,3200.0,True,0.0,2022-03-05T03:06:27.100000+00:00,38995.0,True,False,34,34,11,22,2,9,0,22,0,0,0,34,0,0,11,94200.0,2.36307111,94200.0,0.0,238949.22222222222,-238949.22222222222,Market,ImmediateOrCancel,nan,XBTUSD-000436,FLAT,0.0,432.8529833333333,0.021602769971898805,FLAT,0.0,0.18181818181818182
XBTUSD-000438,XBTUSD,XBt,SHORT,2022-03-06T05:53:49.113000+00:00,39486.5,6000.0,0.1519506,6000.0,False,1607.3668833333334,2022-03-07T01:35:24.551000+00:00,38500.5,True,False,80,80,43,36,30,13,0,36,0,0,18,62,0,17,26,213000.0,8.7841592,344000.0,0.0,636483.0,-636483.0,Limit,GoodTillCancel,nan,,FLAT,0.0,1181.5906333333332,0.024970559558330052,FLAT,0.225,0.6976744186046512
XBTUSD-000439,XBTUSD,XBt,SHORT,2022-03-07T04:33:12.160000+00:00,37934.5,5300.0,0.13971436,5300.0,False,177.79348333333334,2022-03-09T08:13:15.940000+00:00,41842.0,True,False,248,248,142,105,6,135,1,10,95,0,70,178,0,62,80,811900.0,23.891112329999988,960000.0,0.0,1644533.0,-1644533.0,Limit,GoodTillCancel,nan,,FLAT,0.0,3100.063,-0.1030064980426788,FLAT,0.28225806451612906,0.04225352112676056
XBTUSD-000440,XBTUSD,XBt,LONG,2022-03-10T00:30:14.702000+00:00,41940.5,100.0,0.00238433,100.0,False,976.9793666666667,2022-03-10T12:11:14.102000+00:00,39047.5,True,False,163,163,35,127,3,32,0,0,127,0,23,140,0,23,12,742800.0,18.09521889,742800.0,0.0,933453.0,-933453.0,Limit,GoodTillCancel,nan,,FLAT,0.0,700.99,-0.06897867216652165,FLAT,0.1411042944785276,0.08571428571428572
XBTUSD-000441,XBTUSD,XBt,SHORT,2022-03-10T13:35:15.107000+00:00,39949.5,7900.0,0.19774964,7900.0,False,84.01675,2022-03-23T04:19:04.911000+00:00,41792.0,True,False,978,978,535,442,157,377,1,160,282,0,405,573,0,246,289,1204900.0,124.14057614999983,5118500.0,0.0,3623214.99252802,-3623214.99252802,Market,ImmediateOrCancel,nan,,FLAT,0.0,18163.830066666666,-0.0461207274183657,FLAT,0.41411042944785276,0.29345794392523367
XBTUSD-000442,XBTUSD,XBt,LONG,2022-03-23T04:19:04.911000+00:00,41792.0,27700.0,0.6628056,27700.0,True,0.0,2022-03-23T07:12:03.241000+00:00,42104.5,True,False,4,4,0,3,0,0,0,3,0,0,1,3,0,0,0,27700.0,0.6628056,27700.0,0.0,26265.007471980076,-26265.007471980076,Limit,GoodTillCancel,nan,XBTUSD-000441,FLAT,0.0,172.97216666666665,0.007477507656967752,FLAT,0.25,
XBTUSD-000443,XBTUSD,XBt,SHORT,2022-03-23T10:21:29.546000+00:00,42192.0,11600.0,0.27493392,11600.0,False,189.43841666666668,2022-03-23T11:35:32.861000+00:00,42018.0,True,False,11,11,4,6,0,2,2,6,0,0,2,9,0,2,2,90000.0,2.1312119999999997,90000.0,0.0,128442.0,-128442.0,Limit,GoodTillCancel,nan,,FLAT,0.0,74.05524999999999,0.004124004550625671,FLAT,0.18181818181818182,0.0
XBTUSD-000444,XBTUSD,XBt,SHORT,2022-03-23T12:57:54.250000+00:00,42394.5,13500.0,0.318438,13500.0,False,82.35648333333333,2022-04-01T00:05:21.130000+00:00,45567.0,True,False,335,335,142,192,8,133,1,6,186,0,139,196,0,74,68,930000.0,34.72871324999999,1550000.0,0.0,1379143.0,-1379143.0,Limit,GoodTillCancel,nan,,FLAT,0.0,12187.448,-0.07483282029508542,FLAT,0.41492537313432837,0.056338028169014086
XBTUSD-000445,XBTUSD,XBt,LONG,2022-04-01T01:53:35.251000+00:00,44999.0,60000.0,1.333362,60000.0,False,108.23535,2022-04-01T08:38:23.307000+00:00,45166.0,True,False,42,42,11,30,0,11,0,30,0,0,10,32,0,9,2,420000.0,9.426468,420000.0,0.0,403734.0,-403734.0,Limit,GoodTillCancel,nan,,FLAT,0.0,404.8009333333333,0.0037111935820794972,FLAT,0.23809523809523808,0.0
XBTUSD-000446,XBTUSD,XBt,LONG,2022-04-03T22:03:16.956000+00:00,47050.0,200.0,0.0042508,200.0,False,3684.89415,2022-04-05T01:15:53.038000+00:00,46493.5,True,False,38,38,13,24,0,12,1,11,13,0,9,29,0,9,4,80000.0,1.7312159999999999,80000.0,0.0,92527.0,-92527.0,Limit,GoodTillCancel,nan,,FLAT,0.0,1632.6013666666665,-0.011827842720510073,FLAT,0.23684210526315788,0.0
XBTUSD-000447,XBTUSD,XBt,LONG,2022-04-05T16:01:51.360000+00:00,45666.0,20000.0,0.437962,20000.0,False,885.9720333333333,2022-04-06T07:02:54.225000+00:00,45482.0,True,False,16,16,4,11,0,4,0,11,0,0,6,10,0,4,0,60000.0,1.327128,60000.0,0.0,26469.0,-26469.0,Limit,GoodTillCancel,nan,,FLAT,0.0,901.04775,-0.004029255901546014,FLAT,0.375,0.0
XBTUSD-000448,XBTUSD,XBt,LONG,2022-04-06T10:18:27.653000+00:00,45111.0,10000.0,0.221675,10000.0,False,195.55713333333333,2022-04-09T02:38:29.363000+00:00,42241.5,True,False,68,68,22,45,0,22,0,0,45,0,37,31,0,22,0,430000.0,9.772621,430000.0,0.0,155667.0,-155667.0,Limit,GoodTillCancel,nan,,FLAT,0.0,3860.0285,-0.06360976258562212,FLAT,0.5441176470588235,0.0
XBTUSD-000449,XBTUSD,XBt,SHORT,2022-04-17T23:11:53.717000+00:00,39909.5,10000.0,0.250567,10000.0,False,12753.405900000002,2022-04-18T09:08:59.235000+00:00,38888.0,True,False,59,59,22,36,15,7,0,36,0,0,9,50,0,9,13,110000.0,2.7682604,110000.0,0.0,189204.0,-189204.0,Limit,GoodTillCancel,nan,,FLAT,0.0,597.0919666666666,0.025595409614252218,FLAT,0.15254237288135594,0.6818181818181818
XBTUSD-000450,XBTUSD,XBt,SHORT,2022-04-18T17:09:55.362000+00:00,39745.5,9800.0,0.24656898,9800.0,False,480.93545,2022-04-19T14:52:52.589000+00:00,41600.0,True,False,62,62,20,41,0,19,1,0,41,0,17,45,0,17,3,260000.0,6.41277725,260000.0,0.0,278571.0,-278571.0,Limit,GoodTillCancel,nan,,FLAT,0.0,1302.9537833333334,-0.04665937024317213,FLAT,0.27419354838709675,0.0
XBTUSD-000451,XBTUSD,XBt,SHORT,2022-04-20T11:45:47.206000+00:00,42111.0,33600.0,0.79789248,33600.0,False,1252.9102833333334,2022-04-20T18:50:07.413000+00:00,41064.5,True,False,20,20,2,17,0,0,2,17,0,0,3,17,0,2,0,80000.0,1.899744,80000.0,0.0,78409.0,-78409.0,Limit,GoodTillCancel,nan,,FLAT,0.0,424.3367833333333,0.024850989052741523,FLAT,0.15,0.0
XBTUSD-000452,XBTUSD,XBt,SHORT,2022-04-21T11:37:47.073000+00:00,42555.0,52600.0,1.2360474,52600.0,False,1007.6610000000001,2022-04-21T18:18:01.523000+00:00,41517.5,True,False,7,7,3,3,0,0,3,3,0,0,4,3,0,3,0,80000.0,1.87992,80000.0,0.0,77546.0,-77546.0,Limit,GoodTillCancel,nan,,FLAT,0.0,400.24083333333334,0.024380213840911713,FLAT,0.5714285714285714,0.0
XBTUSD-000453,XBTUSD,XBt,LONG,2022-04-21T22:10:01.799000+00:00,40689.0,2900.0,0.07127243,2900.0,False,232.0046,2022-04-24T09:03:06.199000+00:00,39703.5,True,False,110,110,60,49,20,40,0,7,42,0,22,88,0,13,47,630000.0,15.821303369999999,630000.0,0.0,602526.0,-602526.0,Limit,GoodTillCancel,nan,,FLAT,0.0,3533.0733333333333,-0.02422030524220309,FLAT,0.2,0.3333333333333333
XBTUSD-000454,XBTUSD,XBt,SHORT,2022-04-25T00:32:44.493000+00:00,38943.0,4700.0,0.12068942,4700.0,False,929.6382333333333,2022-04-26T15:03:07.762000+00:00,39219.5,True,False,17,17,5,11,0,3,2,11,0,0,6,11,0,5,0,80000.0,2.039343,80000.0,0.0,132588.0,-132588.0,Limit,GoodTillCancel,nan,,FLAT,0.0,2310.387816666667,-0.007100120689212508,FLAT,0.35294117647058826,0.0
XBTUSD-000455,XBTUSD,XBt,SHORT,2022-04-28T14:33:06.427000+00:00,38996.5,4800.0,0.12308784,4800.0,False,2849.97775,2022-04-29T00:03:13.848000+00:00,39743.0,True,False,86,86,42,43,0,41,1,43,0,0,52,34,0,33,9,570000.0,18.567964999999997,740000.0,0.0,654908.0,-654908.0,Limit,GoodTillCancel,nan,,FLAT,0.0,570.1236833333334,-0.019142743579551924,FLAT,0.6046511627906976,0.0
XBTUSD-000456,XBTUSD,XBt,LONG,2022-04-29T09:06:03.812000+00:00,39222.0,100.0,0.00254959,100.0,False,542.8327333333333,2022-04-29T10:45:52.321000+00:00,38976.5,True,False,35,35,5,29,0,3,2,0,29,0,6,29,0,5,0,160000.0,4.085135999999999,160000.0,0.0,267044.0,-267044.0,Limit,GoodTillCancel,nan,,FLAT,0.0,99.80848333333333,-0.006259242261995812,FLAT,0.17142857142857143,0.0
XBTUSD-000457,XBTUSD,XBt,SHORT,2022-04-29T10:45:58.897000+00:00,38985.5,10000.0,0.256506,10000.0,False,0.10959999999999999,2022-05-07T22:06:46.565000+00:00,35139.5,True,False,143,143,87,55,75,12,0,55,0,0,36,107,0,23,64,432000.0,13.971818650000001,532000.0,0.0,1132095.0,-1132095.0,Limit,GoodTillCancel,nan,,FLAT,0.0,12200.794466666666,0.0986520629464801,FLAT,0.2517482517482518,0.8620689655172413
XBTUSD-000458,XBTUSD,XBt,SHORT,2022-05-07T23:12:29.264000+00:00,35354.0,5000.0,0.1414265,5000.0,False,65.71165,2022-05-08T06:15:49.269000+00:00,34575.5,True,False,5,5,2,2,0,2,0,2,0,0,2,3,0,2,0,25000.0,0.7027345,25000.0,0.0,59222.0,-59222.0,Limit,GoodTillCancel,nan,,FLAT,0.0,423.33341666666666,0.022020139163885233,FLAT,0.4,0.0
XBTUSD-000459,XBTUSD,XBt,SHORT,2022-05-08T07:56:47.073000+00:00,34614.5,5000.0,0.144448,5000.0,False,100.96340000000001,2022-05-13T12:19:42.923000+00:00,30550.5,True,False,324,324,166,157,149,17,0,114,43,0,96,228,0,63,103,291600.0,24.822076499999984,766600.0,0.0,1964981.0,-1964981.0,Limit,GoodTillCancel,nan,,FLAT,0.0,7462.930833333333,0.11740744485692411,FLAT,0.2962962962962963,0.8975903614457831
XBTUSD-000460,XBTUSD,XBt,SHORT,2022-05-14T03:56:57.170000+00:00,29478.5,2700.0,0.0915921,2700.0,False,937.2374500000001,2022-05-15T21:09:36.289000+00:00,30991.0,True,False,71,71,30,40,18,12,0,0,40,0,18,53,0,18,12,165000.0,6.13355472,180000.0,0.0,554348.0,-554348.0,Market,ImmediateOrCancel,nan,,FLAT,0.0,2472.6519833333336,-0.051308580830096595,FLAT,0.2535211267605634,0.6
XBTUSD-000461,XBTUSD,XBt,SHORT,2022-05-16T15:36:16.846000+00:00,29469.5,7400.0,0.25110716,7400.0,False,1106.67595,2022-05-18T16:25:32.095000+00:00,28840.5,True,False,72,72,34,37,23,7,4,11,26,0,0,72,0,0,34,195000.0,8.79233079,260000.0,0.0,1311487.0,-1311487.0,Market,ImmediateOrCancel,nan,,FLAT,0.0,2929.25415,0.021344101528699144,FLAT,0.0,0.6764705882352942
XBTUSD-000462,XBTUSD,XBt,SHORT,2022-05-19T03:19:04.900000+00:00,29065.5,100.0,0.00344051,100.0,False,653.54675,2022-05-21T09:48:51.262000+00:00,29254.0,True,False,31,31,15,15,5,10,0,15,0,0,6,25,0,5,10,110000.0,3.7308294899999996,110000.0,0.0,420285.0,-420285.0,Market,ImmediateOrCancel,nan,,FLAT,0.0,3269.7727,-0.006485352049680815,FLAT,0.1935483870967742,0.3333333333333333
XBTUSD-000463,XBTUSD,XBt,LONG,2022-06-07T03:22:43.245000+00:00,29498.5,11800.0,0.40002,11800.0,False,24093.866383333334,2022-06-10T21:51:08.356000+00:00,29291.0,True,False,92,92,29,62,4,24,1,47,15,0,53,39,0,28,1,280000.0,17.765823499999996,525000.0,0.0,159633.0,-159633.0,Limit,GoodTillCancel,nan,,FLAT,0.0,5428.418516666667,-0.007034255979117554,FLAT,0.5760869565217391,0.13793103448275862
XBTUSD-000464,XBTUSD,XBt,LONG,2022-06-12T02:29:36.272000+00:00,27777.0,5000.0,0.180005,5000.0,False,1718.4652666666666,2022-07-07T22:54:12.922000+00:00,21583.0,True,False,114,114,74,39,0,74,0,23,16,0,77,37,0,56,18,130000.0,11.58756692,235000.0,0.0,564656.0,-564656.0,Limit,GoodTillCancel,nan,,FLAT,0.0,37224.61083333333,-0.2229902437268243,FLAT,0.6754385964912281,0.0
XBTUSD-000465,XBTUSD,XBt,LONG,2022-07-08T09:09:57.181000+00:00,21333.0,1500.0,0.07031355,1500.0,False,615.7376499999999,2022-07-08T16:08:44.279000+00:00,21777.5,True,False,7,7,2,4,0,0,2,4,0,0,3,4,0,2,0,10000.0,0.46875700000000003,10000.0,0.0,29752.0,-29752.0,Limit,GoodTillCancel,nan,,FLAT,0.0,418.7849666666667,0.02083626306661035,FLAT,0.42857142857142855,0.0
XBTUSD-000466,XBTUSD,XBt,LONG,2022-07-08T16:43:03.326000+00:00,21555.0,3000.0,0.1391787,3000.0,False,34.31745,2022-07-15T15:35:44.426000+00:00,20805.5,True,False,12,12,8,3,1,7,0,3,0,0,7,5,0,6,2,28000.0,1.3893089,28000.0,0.0,111574.0,-111574.0,Limit,GoodTillCancel,nan,,FLAT,0.0,10012.685,-0.03477151472976103,FLAT,0.5833333333333334,0.125
XBTUSD-000467,XBTUSD,XBt,LONG,2022-07-15T15:59:00.608000+00:00,20777.0,1700.0,0.08182117,1700.0,False,23.2697,2022-07-30T13:08:16.540000+00:00,24666.0,True,False,84,84,36,47,15,20,1,44,3,0,56,28,0,35,1,66000.0,7.8574313,169000.0,0.0,138310.75,-138310.75,Limit,GoodTillCancel,nan,,FLAT,0.0,21429.265533333335,0.1871781296626076,FLAT,0.6666666666666666,0.4166666666666667
XBTUSD-000468,XBTUSD,XBt,SHORT,2022-07-30T13:08:16.540000+00:00,24666.0,2000.0,0.0810832,2000.0,True,0.0,2022-08-01T10:51:56.767000+00:00,22999.0,True,False,4,4,1,2,1,0,0,2,0,0,2,2,0,0,1,3000.0,0.12281159999999999,3000.0,0.0,8196.75,-8196.75,Limit,GoodTillCancel,nan,XBTUSD-000467,FLAT,0.0,2743.67045,0.0675829076461526,FLAT,0.5,1.0
XBTUSD-000469,XBTUSD,XBt,LONG,2022-08-01T10:51:56.767000+00:00,22999.0,1000.0,0.0434802,1000.0,True,0.0,2022-09-20T12:28:14.040000+00:00,19079.0,True,False,165,165,92,72,18,74,0,21,51,0,68,97,0,47,45,299800.0,18.950668670000006,389800.0,0.0,1408377.5,-1408377.5,Limit,GoodTillCancel,nan,XBTUSD-000468,FLAT,0.0,72096.28788333334,-0.17044219313883213,FLAT,0.4121212121212121,0.1956521739130435
XBTUSD-000470,XBTUSD,XBt,LONG,2022-09-21T18:02:14.194000+00:00,19198.0,700.0,0.03646216,700.0,False,1774.0025666666666,2022-09-22T08:01:33.986000+00:00,18927.0,True,False,15,15,9,5,0,7,2,5,0,0,10,5,0,9,0,62000.0,3.3043544,62000.0,0.0,212636.0,-212636.0,Limit,GoodTillCancel,nan,,FLAT,0.0,839.3298666666667,-0.014116053755599545,FLAT,0.6666666666666666,0.0
XBTUSD-000471,XBTUSD,XBt,LONG,2022-09-28T12:56:41.271000+00:00,19039.0,2000.0,0.1050476,2000.0,False,8935.121416666667,2022-10-01T21:58:43.509000+00:00,19279.0,True,False,71,71,31,39,17,14,0,16,23,0,35,36,0,19,12,212000.0,11.244554999999998,218000.0,0.0,352949.0,-352949.0,Limit,GoodTillCancel,nan,,FLAT,0.0,4862.0373,0.012605704081096736,FLAT,0.49295774647887325,0.5483870967741935
XBTUSD-000472,XBTUSD,XBt,LONG,2022-10-02T10:15:21.725000+00:00,19011.0,6000.0,0.3156066,6000.0,False,736.6369333333333,2022-10-02T15:35:31.948000+00:00,19124.5,True,False,2,2,0,1,0,0,0,1,0,0,1,1,0,0,0,6000.0,0.3156066,6000.0,0.0,20374.0,-20374.0,Limit,GoodTillCancel,nan,,FLAT,0.0,320.17038333333335,0.005970227762874147,FLAT,0.5,
XBTUSD-000473,XBTUSD,XBt,SHORT,2022-10-03T04:23:40.614000+00:00,19099.0,6000.0,0.3141528,6000.0,False,768.1444333333333,2022-10-03T17:22:48.404000+00:00,19568.0,True,False,14,14,7,6,0,7,0,0,6,0,7,7,0,7,0,30000.0,1.564632,30000.0,0.0,126040.4693877551,-126040.4693877551,Limit,GoodTillCancel,nan,,FLAT,0.0,779.1298333333333,-0.02455625949002571,FLAT,0.5,0.0
XBTUSD-000474,XBTUSD,XBt,LONG,2022-10-03T17:22:48.404000+00:00,19568.0,6000.0,0.30662280000000003,6000.0,True,0.0,2022-10-07T04:49:35.195000+00:00,19972.0,True,False,95,95,37,57,27,10,0,37,20,0,6,89,0,4,33,150000.0,13.37392993,266000.0,0.0,1757645.530612245,-1757645.530612245,Market,ImmediateOrCancel,nan,XBTUSD-000473,FLAT,0.0,5006.779850000001,0.02064595257563373,FLAT,0.06315789473684211,0.7297297297297297
XBTUSD-000475,XBTUSD,XBt,SHORT,2022-10-08T22:52:00.646000+00:00,19338.5,3000.0,0.1551309,3000.0,False,2522.4241833333335,2022-10-17T10:37:00.584000+00:00,19395.5,True,False,119,119,79,39,44,35,0,17,22,0,57,62,0,51,28,150400.0,11.845759959999999,228800.0,0.0,1013974.0,-1013974.0,Limit,GoodTillCancel,nan,,FLAT,0.0,12224.998966666666,-0.002947488171264556,FLAT,0.4789915966386555,0.5569620253164557
XBTUSD-000476,XBTUSD,XBt,SHORT,2022-10-17T11:13:45.875000+00:00,19466.0,3800.0,0.19521208,3800.0,False,36.754850000000005,2022-10-18T17:37:06.990000+00:00,19429.5,True,False,10,10,4,5,0,2,2,5,0,0,5,5,0,4,0,44000.0,2.246809,44000.0,0.0,147384.0,-147384.0,Limit,GoodTillCancel,nan,,FLAT,0.0,1823.3519166666667,0.0018750642145278773,FLAT,0.5,0.0
XBTUSD-000477,XBTUSD,XBt,SHORT,2022-10-19T06:02:17.253000+00:00,19234.5,8200.0,0.42631718,8200.0,False,745.17105,2022-10-19T17:47:03.955000+00:00,19151.0,True,False,17,17,13,3,1,5,7,3,0,0,0,17,0,0,13,40000.0,2.07959656,40000.0,0.0,312610.0,-312610.0,Market,ImmediateOrCancel,nan,,FLAT,0.0,704.7783666666667,0.0043411578153838,FLAT,0.0,0.07692307692307693
XBTUSD-000478,XBTUSD,XBt,SHORT,2022-10-20T18:13:51.214000+00:00,19010.0,6000.0,0.3156234,6000.0,False,1466.78765,2022-10-21T23:18:02.551000+00:00,19177.5,True,False,21,21,15,5,13,0,2,0,5,0,0,21,0,0,15,100000.0,5.264354,100000.0,0.0,785899.0,-785899.0,Limit,GoodTillCancel,nan,,FLAT,0.0,1744.18895,-0.008811152025249847,FLAT,0.0,0.8666666666666667
XBTUSD-000479,XBTUSD,XBt,SHORT,2022-10-22T06:54:42.803000+00:00,19135.5,21900.0,1.14446991,21900.0,False,456.67086666666665,2022-10-23T22:17:53.328000+00:00,19564.5,True,False,103,103,40,62,5,34,1,0,62,0,39,64,0,28,12,440000.0,22.746286,440000.0,0.0,1356515.0689655172,-1356515.0689655172,Limit,GoodTillCancel,nan,,FLAT,0.0,2363.1754166666665,-0.02241906404327043,FLAT,0.3786407766990291,0.125
XBTUSD-000480,XBTUSD,XBt,LONG,2022-10-23T22:17:53.328000+00:00,19564.5,8100.0,0.4140153,8100.0,True,0.0,2022-10-25T15:20:56.805000+00:00,19635.5,True,False,102,102,57,44,32,23,2,33,11,0,43,59,0,26,31,417100.0,21.39015734000001,417100.0,0.0,917462.9310344828,-917462.9310344828,Limit,GoodTillCancel,nan,XBTUSD-000479,FLAT,0.0,2463.0579500000003,0.003629021953027056,FLAT,0.4215686274509804,0.5614035087719298
XBTUSD-000481,XBTUSD,XBt,SHORT,2022-10-25T15:22:26.980000+00:00,19683.0,9500.0,0.48265035,9500.0,False,1.5029166666666667,2022-10-25T15:51:01.219000+00:00,19791.0,True,False,5,5,1,3,0,0,1,0,3,0,2,3,0,1,0,10300.0,0.52329459,10300.0,0.0,33799.232142857145,-33799.232142857145,Limit,GoodTillCancel,nan,,FLAT,0.0,28.57065,-0.005486968449931462,FLAT,0.4,0.0
XBTUSD-000482,XBTUSD,XBt,LONG,2022-10-25T15:51:01.219000+00:00,19791.0,2300.0,0.1162144,2300.0,True,0.0,2022-10-28T21:31:33.798000+00:00,20619.0,True,False,216,216,90,125,59,31,0,100,25,0,99,117,0,67,23,220500.0,32.575248280000004,659700.0,0.0,1920312.7678571427,-1920312.7678571427,Market,ImmediateOrCancel,nan,XBTUSD-000481,FLAT,0.0,4660.542983333334,0.04183719872669389,FLAT,0.4583333333333333,0.6555555555555556
XBTUSD-000483,XBTUSD,XBt,LONG,2022-10-29T05:02:02.923000+00:00,20680.5,2000.0,0.0967094,2000.0,False,450.48541666666665,2022-10-29T09:13:06.581000+00:00,20900.0,True,False,13,13,1,11,1,0,0,11,0,0,1,12,0,1,0,6000.0,0.2895874,6000.0,0.0,26850.0,-26850.0,Limit,GoodTillCancel,nan,,FLAT,0.0,251.06096666666664,0.010613863301177417,FLAT,0.07692307692307693,1.0
XBTUSD-000484,XBTUSD,XBt,LONG,2022-10-29T09:21:20.771000+00:00,20884.5,1900.0,0.09097656,1900.0,False,8.2365,2022-10-30T13:58:16.970000+00:00,20654.0,True,False,24,24,14,9,0,13,1,0,9,0,12,12,0,12,2,102000.0,4.9007973,102000.0,0.0,362185.0,-362185.0,Limit,GoodTillCancel,nan,,FLAT,0.0,1716.9366499999999,-0.011036893389834601,FLAT,0.5,0.0
XBTUSD-000485,XBTUSD,XBt,SHORT,2022-10-30T16:03:12.211000+00:00,20654.5,100.0,0.00484156,100.0,False,124.92068333333333,2022-10-31T01:43:23.036000+00:00,20488.0,True,False,7,7,4,2,0,0,4,2,0,0,2,5,0,0,4,5000.0,0.242078,5000.0,0.0,15721.0,-15721.0,Limit,GoodTillCancel,nan,,FLAT,0.0,580.1804166666666,0.00806119731777577,FLAT,0.2857142857142857,0.0
XBTUSD-000486,XBTUSD,XBt,LONG,2022-10-31T01:43:23.036000+00:00,20488.0,7000.0,0.3416637,7000.0,True,0.0,2022-10-31T15:55:20.622000+00:00,20430.0,True,False,53,53,27,25,23,4,0,0,25,0,18,35,0,12,15,100000.0,4.856697799999999,100000.0,0.0,442184.0,-442184.0,Limit,GoodTillCancel,nan,XBTUSD-000485,FLAT,0.0,851.9597666666667,-0.0028309254197579348,FLAT,0.33962264150943394,0.8518518518518519
XBTUSD-000487,XBTUSD,XBt,LONG,2022-10-31T16:42:56.429000+00:00,20333.0,9300.0,0.45738423,9300.0,False,47.59678333333333,2022-11-01T03:38:39.679000+00:00,20471.0,True,False,19,19,12,6,9,0,3,6,0,0,5,14,0,4,8,30000.0,1.4677925999999997,30000.0,0.0,161594.0,-161594.0,Limit,GoodTillCancel,nan,,FLAT,0.0,655.7208333333333,0.00678699650813952,FLAT,0.2631578947368421,0.75
XBTUSD-000488,XBTUSD,XBt,LONG,2022-11-01T05:04:56.002000+00:00,20519.5,44000.0,2.1443004,44000.0,False,86.27205000000001,2022-11-01T11:10:51.145000+00:00,20566.0,True,False,42,42,12,29,12,0,0,29,0,0,0,42,0,0,12,156000.0,7.5932379999999995,156000.0,0.0,1138394.0,-1138394.0,Limit,GoodTillCancel,nan,,FLAT,0.0,365.91905,0.002266137089110387,FLAT,0.0,1.0
XBTUSD-000489,XBTUSD,XBt,LONG,2022-11-01T11:18:22.968000+00:00,20509.0,2600.0,0.12677366,2600.0,False,7.530383333333333,2022-11-02T20:10:41.699000+00:00,20219.0,True,False,105,105,62,42,48,8,6,16,26,0,33,72,0,20,42,166400.0,11.568093040000003,236400.0,0.0,1015743.0,-1015743.0,Limit,GoodTillCancel,nan,,FLAT,0.0,1972.3121833333332,-0.014140133599882976,FLAT,0.3142857142857143,0.7741935483870968
XBTUSD-000490,XBTUSD,XBt,LONG,2022-11-04T06:03:25.430000+00:00,20493.5,5000.0,0.24398,5000.0,False,2032.72885,2022-11-04T21:21:22.514000+00:00,21088.0,True,False,157,157,73,83,66,4,3,83,0,0,58,99,0,38,35,510000.0,24.650030730000008,510000.0,0.0,1638998.0,-1638998.0,Limit,GoodTillCancel,nan,,FLAT,0.0,917.9514,0.029009198038402406,FLAT,0.36942675159235666,0.9041095890410958
XBTUSD-000491,XBTUSD,XBt,LONG,2022-11-04T21:52:09.842000+00:00,21133.0,3100.0,0.14669014,3100.0,False,30.7888,2022-11-09T01:30:00.598000+00:00,18367.0,True,False,271,271,104,166,70,33,1,50,116,0,59,212,0,22,82,855600.0,71.42120476000001,1504500.0,0.0,5993701.0,-5993701.0,Limit,GoodTillCancel,nan,,FLAT,0.0,5977.845933333333,-0.13088534519471917,FLAT,0.2177121771217712,0.6730769230769231
XBTUSD-000492,XBTUSD,XBt,SHORT,2022-11-09T03:42:56.959000+00:00,18147.5,500.0,0.027552,500.0,False,132.93935,2022-11-11T14:34:00.080000+00:00,16555.0,True,False,5,5,3,1,0,3,0,1,0,0,3,2,0,3,0,2000.0,0.10937365,2000.0,0.0,10309.0,-10309.0,Limit,GoodTillCancel,nan,,FLAT,0.0,3531.052016666667,0.08775313404050145,FLAT,0.6,0.0
XBTUSD-000493,XBTUSD,XBt,LONG,2022-11-11T14:34:16.131000+00:00,16564.0,1000.0,0.0603719,1000.0,False,0.2675166666666666,2022-11-12T00:22:42.956000+00:00,16868.0,True,False,62,62,43,18,33,10,0,18,0,0,17,45,0,17,26,321000.0,19.04272142,321000.0,0.0,1675985.0,-1675985.0,Limit,GoodTillCancel,nan,,FLAT,0.0,588.4470833333332,0.018353054817676906,FLAT,0.27419354838709675,0.7674418604651163
XBTUSD-000494,XBTUSD,XBt,SHORT,2022-11-12T04:23:45.704000+00:00,16759.5,4800.0,0.28640496,4800.0,False,241.04579999999999,2022-11-13T02:22:57.924000+00:00,16858.0,True,False,25,25,12,12,10,2,0,0,12,0,6,19,0,6,6,41000.0,2.44696874,41000.0,0.0,244662.0,-244662.0,Limit,GoodTillCancel,nan,,FLAT,0.0,1319.2036666666668,-0.00587726364151675,FLAT,0.24,0.8333333333333334
XBTUSD-000495,XBTUSD,XBt,LONG,2022-11-14T06:37:44.921000+00:00,15930.5,8400.0,0.52729068,8400.0,False,1694.7832833333334,2022-11-14T08:07:38.737000+00:00,16763.5,True,False,9,9,4,4,3,1,0,4,0,0,0,9,0,0,4,110000.0,6.903429920000001,110000.0,0.0,1009977.0,-1009977.0,Limit,GoodTillCancel,nan,,FLAT,0.0,89.89693333333334,0.05228963309375101,FLAT,0.0,0.75
XBTUSD-000496,XBTUSD,XBt,LONG,2022-11-14T08:38:46.477000+00:00,16669.5,900.0,0.05399082,900.0,False,31.129,2022-11-14T11:34:09.346000+00:00,16706.5,True,False,13,13,1,11,0,0,1,11,0,0,2,11,0,1,0,5000.0,0.299949,5000.0,0.0,19443.0,-19443.0,Limit,GoodTillCancel,nan,,FLAT,0.0,175.38115000000002,0.002219622664147103,FLAT,0.15384615384615385,0.0
XBTUSD-000497,XBTUSD,XBt,LONG,2022-11-14T13:51:11.596000+00:00,16504.5,10000.0,0.605895,10000.0,False,137.0375,2022-11-15T00:42:25.963000+00:00,16586.0,True,False,8,8,4,3,0,4,0,3,0,0,5,3,0,4,0,40000.0,2.445665,40000.0,0.0,156420.0,-156420.0,Limit,GoodTillCancel,nan,,FLAT,0.0,651.2394499999999,0.004938047199248619,FLAT,0.625,0.0
XBTUSD-000498,XBTUSD,XBt,LONG,2022-11-15T07:17:13.349000+00:00,16851.0,7800.0,0.46288086,7800.0,False,394.78976666666665,2022-11-15T08:03:59.859000+00:00,16792.0,True,False,32,32,20,11,13,7,0,0,11,0,7,25,0,7,13,100000.0,5.933723549999998,100000.0,0.0,678828.0,-678828.0,Limit,GoodTillCancel,nan,,FLAT,0.0,46.77516666666667,-0.003501275888671329,FLAT,0.21875,0.65
XBTUSD-000499,XBTUSD,XBt,LONG,2022-11-15T08:30:28.440000+00:00,16916.0,100.0,0.00591156,100.0,False,26.47635,2022-11-15T09:31:33.337000+00:00,16821.0,True,False,12,12,5,6,0,0,5,0,6,0,0,12,0,0,5,20000.0,1.182312,20000.0,0.0,177846.0,-177846.0,Limit,GoodTillCancel,nan,,FLAT,0.0,61.08161666666667,-0.005615984866398693,FLAT,0.0,0.0
XBTUSD-000500,XBTUSD,XBt,LONG,2022-11-15T11:04:20.933000+00:00,16909.5,1700.0,0.10053528,1700.0,False,92.79326666666665,2022-11-15T12:04:33.357000+00:00,16700.0,True,False,95,95,68,26,40,26,2,0,26,0,46,49,0,28,40,380000.0,22.459010300000006,380000.0,0.0,610744.0,-610744.0,Limit,GoodTillCancel,nan,,FLAT,0.0,60.20706666666667,-0.012389485200626882,FLAT,0.4842105263157895,0.5882352941176471
XBTUSD-000501,XBTUSD,XBt,SHORT,2022-11-15T12:04:58.431000+00:00,16701.5,10700.0,0.64066143,10700.0,False,0.41790000000000005,2022-11-15T12:14:59.164000+00:00,16793.0,True,False,35,35,11,23,5,6,0,0,23,0,12,23,0,1,10,240000.0,14.370607159999999,240000.0,0.0,964433.0,-964433.0,Limit,GoodTillCancel,nan,,FLAT,0.0,10.012216666666665,-0.005478549830853607,FLAT,0.34285714285714286,0.45454545454545453
XBTUSD-000502,XBTUSD,XBt,LONG,2022-11-15T13:10:09.404000+00:00,16852.5,5300.0,0.31449352,5300.0,False,55.17066666666666,2022-11-16T04:16:22.637000+00:00,16922.0,True,False,50,50,31,18,29,0,2,18,0,0,29,21,0,29,2,120000.0,7.120207950000001,120000.0,0.0,489401.0,-489401.0,Limit,GoodTillCancel,nan,,FLAT,0.0,906.22055,0.0041240172081293824,FLAT,0.58,0.9354838709677419
XBTUSD-000503,XBTUSD,XBt,SHORT,2022-11-16T08:17:46.729000+00:00,16791.5,19800.0,1.17916722,19800.0,False,241.40153333333333,2022-11-17T17:03:59.842000+00:00,16669.5,True,False,30,30,13,16,9,0,4,0,16,0,4,26,0,4,9,120000.0,7.20247756,120000.0,0.0,875246.0,-875246.0,Limit,GoodTillCancel,nan,,FLAT,0.0,1966.21855,0.007265580799809435,FLAT,0.13333333333333333,0.6923076923076923
XBTUSD-000504,XBTUSD,XBt,LONG,2022-11-17T17:04:43.322000+00:00,16670.5,4000.0,0.2399448,4000.0,False,0.7246666666666666,2022-11-18T03:53:16.766000+00:00,16863.0,True,False,22,22,16,5,6,6,4,5,0,0,3,19,0,3,13,120000.0,7.19802054,120000.0,0.0,800262.0,-800262.0,Limit,GoodTillCancel,nan,,FLAT,0.0,648.5574,0.011547344110854452,FLAT,0.13636363636363635,0.375
XBTUSD-000505,XBTUSD,XBt,LONG,2022-11-18T12:32:56.395000+00:00,16751.5,3300.0,0.19699713,3300.0,False,519.6604833333333,2022-11-20T11:57:36.351000+00:00,16498.0,True,False,31,31,15,15,2,12,1,0,15,0,1,30,0,1,14,120000.0,7.209376000000001,120000.0,0.0,1054897.0,-1054897.0,Limit,GoodTillCancel,nan,,FLAT,0.0,2844.665933333333,-0.015132973166582131,FLAT,0.03225806451612903,0.13333333333333333
XBTUSD-000506,XBTUSD,XBt,LONG,2022-11-21T02:09:25.506000+00:00,16048.5,1000.0,0.0623111,1000.0,False,851.81925,2022-11-21T15:45:46.281000+00:00,16087.0,True,False,29,29,21,7,21,0,0,0,7,0,10,19,0,9,12,141000.0,8.69705465,141000.0,0.0,769747.0,-769747.0,Limit,GoodTillCancel,nan,,FLAT,0.0,816.34625,0.0023989780976414465,FLAT,0.3448275862068966,1.0
XBTUSD-000507,XBTUSD,XBt,LONG,2022-11-23T10:57:18.589000+00:00,16589.0,10000.0,0.602809,10000.0,False,2591.5384666666664,2022-11-27T08:46:06.850000+00:00,16538.5,True,False,83,83,51,31,1,50,0,24,7,0,64,19,0,51,0,190000.0,17.033865,280000.0,0.0,739707.0,-739707.0,Limit,GoodTillCancel,nan,,FLAT,0.0,5628.80435,-0.0030441859063234933,FLAT,0.7710843373493976,0.0196078431372549
XBTUSD-000508,XBTUSD,XBt,LONG,2022-11-27T23:03:17.065000+00:00,16467.5,5000.0,0.3036285,5000.0,False,857.1702499999999,2022-12-01T09:10:32.554000+00:00,17093.5,True,False,38,38,7,30,0,7,0,24,6,0,13,25,0,7,0,140000.0,8.640053,140000.0,0.0,442923.0,-442923.0,Limit,GoodTillCancel,nan,,FLAT,0.0,4927.25815,0.03801427053286788,FLAT,0.34210526315789475,0.0
XBTUSD-000509,XBTUSD,XBt,LONG,2022-12-05T00:15:43.593000+00:00,17107.0,2000.0,0.1169112,2000.0,False,5225.183983333333,2022-12-06T01:16:10.424000+00:00,17065.5,True,False,61,61,44,16,23,14,7,13,3,0,44,17,0,36,8,350000.0,20.554135,350000.0,0.0,81146.0,-81146.0,Limit,GoodTillCancel,nan,,FLAT,0.0,1500.4471833333334,-0.002425907523236126,FLAT,0.7213114754098361,0.5227272727272727
XBTUSD-000510,XBTUSD,XBt,LONG,2022-12-08T20:05:22.009000+00:00,17275.0,4600.0,0.26628066,4600.0,False,4009.193083333333,2022-12-12T00:03:56.329000+00:00,17031.5,True,False,20,20,11,8,2,8,1,0,8,0,6,14,0,6,5,100000.0,5.811103500000001,100000.0,0.0,628316.0,-628316.0,Limit,GoodTillCancel,nan,,FLAT,0.0,4558.572,-0.014095513748191069,FLAT,0.3,0.18181818181818182
XBTUSD-000511,XBTUSD,XBt,SHORT,2022-12-12T00:05:21.459000+00:00,17017.5,5900.0,0.3467017,5900.0,False,1.4188333333333332,2022-12-13T10:07:26.917000+00:00,17458.0,True,False,114,114,69,44,28,23,18,20,24,0,18,96,0,14,55,395000.0,29.368197559999995,500000.0,0.0,3517042.0,-3517042.0,Market,ImmediateOrCancel,nan,,FLAT,0.0,2042.0909666666666,-0.025885118260614126,FLAT,0.15789473684210525,0.4057971014492754
XBTUSD-000512,XBTUSD,XBt,LONG,2022-12-13T10:12:18.809000+00:00,17418.0,3000.0,0.1722357,3000.0,False,4.864866666666667,2022-12-15T05:34:08.471000+00:00,17704.0,True,False,143,143,78,64,72,0,6,64,0,0,64,79,0,22,56,407900.0,33.64088799999998,590000.0,0.0,2301639.0,-2301639.0,Limit,GoodTillCancel,nan,,FLAT,0.0,2601.8277000000003,0.016419795613732857,FLAT,0.44755244755244755,0.9230769230769231
XBTUSD-000513,XBTUSD,XBt,SHORT,2022-12-15T13:22:53.904000+00:00,17552.5,20000.0,1.139438,20000.0,False,468.7572166666667,2022-12-20T15:22:36.847000+00:00,16995.5,True,False,19,19,9,9,9,0,0,9,0,0,3,16,0,3,6,60000.0,3.4323075400000005,60000.0,0.0,424935.0,-424935.0,Limit,GoodTillCancel,nan,,FLAT,0.0,7319.7157166666675,0.0317333713146275,FLAT,0.15789473684210525,1.0
XBTUSD-000514,XBTUSD,XBt,SHORT,2022-12-22T17:29:18.835000+00:00,16611.0,19900.0,1.19800189,19900.0,False,3006.6998000000003,2023-01-04T02:37:18.414000+00:00,16727.0,True,False,37,37,21,15,8,12,1,9,6,0,17,20,0,15,6,140000.0,10.183415,170000.0,0.0,764310.0,-764310.0,Limit,GoodTillCancel,nan,,FLAT,0.0,17827.992983333334,-0.0069833243031725,FLAT,0.4594594594594595,0.38095238095238093
XBTUSD-000515,XBTUSD,XBt,SHORT,2023-01-04T03:07:12.031000+00:00,16808.0,20000.0,1.18991,20000.0,False,29.893616666666667,2023-01-04T16:39:08.861000+00:00,16855.0,True,False,2,2,0,1,0,0,0,0,1,0,1,1,0,0,0,20000.0,1.18991,20000.0,0.0,77095.0,-77095.0,Limit,GoodTillCancel,nan,,FLAT,0.0,811.9471666666667,-0.0027962874821514383,FLAT,0.5,
XBTUSD-000516,XBTUSD,XBt,LONG,2023-01-07T02:56:57.362000+00:00,16931.0,120000.0,7.087596,120000.0,False,3497.80835,2023-01-11T15:36:37.037000+00:00,17335.0,True,False,19,19,4,14,4,0,0,14,0,0,1,18,0,1,3,200000.0,11.738584,200000.0,0.0,1547518.0,-1547518.0,Limit,GoodTillCancel,nan,,FLAT,0.0,6519.66125,0.02386155572618276,FLAT,0.05263157894736842,1.0
XBTUSD-000517,XBTUSD,XBt,LONG,2023-01-11T18:10:09.827000+00:00,17455.5,8000.0,0.458308,8000.0,False,153.5465,2023-01-14T00:44:13.487000+00:00,21218.5,True,False,48,48,10,37,4,5,1,37,0,0,7,41,0,0,10,200000.0,11.45757584,200000.0,0.0,1441173.25,-1441173.25,Limit,GoodTillCancel,nan,,FLAT,0.0,3274.061,0.21557675231302453,FLAT,0.14583333333333334,0.4
XBTUSD-000518,XBTUSD,XBt,SHORT,2023-01-14T00:44:13.487000+00:00,21218.5,9000.0,0.42415830000000004,9000.0,True,0.0,2023-01-18T03:15:28.671000+00:00,21325.5,True,False,16,16,7,8,4,3,0,2,6,0,7,9,0,4,3,59100.0,3.08230886,65100.0,0.0,239198.75,-239198.75,Limit,GoodTillCancel,nan,XBTUSD-000517,FLAT,0.0,5911.253066666667,-0.005042769281523141,FLAT,0.4375,0.5714285714285714
XBTUSD-000519,XBTUSD,XBt,LONG,2023-01-18T13:47:13.880000+00:00,21420.5,3700.0,0.17273191,3700.0,False,631.7534833333334,2023-01-20T20:07:36.039000+00:00,21826.0,True,False,97,97,61,35,1,60,0,33,2,0,86,11,0,56,5,260000.0,16.245764600000005,338000.0,0.0,810636.0,-810636.0,Limit,GoodTillCancel,nan,,FLAT,0.0,3260.3693166666667,0.018930463808034315,FLAT,0.8865979381443299,0.01639344262295082
XBTUSD-000520,XBTUSD,XBt,SHORT,2023-01-20T20:59:02.759000+00:00,22253.5,4000.0,0.1797472,4000.0,False,51.44533333333333,2023-01-22T21:35:06.404000+00:00,22524.0,True,False,13,13,7,5,0,7,0,5,0,0,7,6,0,7,0,28000.0,1.2330504,28000.0,0.0,127778.0,-127778.0,Limit,GoodTillCancel,nan,,FLAT,0.0,2916.0607499999996,-0.012155391286763795,FLAT,0.5384615384615384,0.0
XBTUSD-000521,XBTUSD,XBt,LONG,2023-01-23T08:02:35.608000+00:00,22666.0,5000.0,0.2205945,5000.0,False,627.4867333333333,2023-01-28T13:22:01.869000+00:00,22896.0,True,False,297,297,173,123,116,57,0,1,122,0,163,134,0,126,47,1317600.0,66.04148277000004,1528800.0,0.0,7591699.54887218,-7591699.54887218,Limit,GoodTillCancel,nan,,FLAT,0.0,7519.437683333334,0.010147357275213986,FLAT,0.5488215488215489,0.6705202312138728
XBTUSD-000522,XBTUSD,XBt,SHORT,2023-01-28T13:22:01.869000+00:00,22896.0,5400.0,0.23584931999999997,5400.0,True,0.0,2023-01-29T01:05:43.224000+00:00,23182.0,True,False,34,34,12,21,0,11,1,0,21,0,11,23,0,11,1,179300.0,7.79501668,179300.0,0.0,782009.4511278195,-782009.4511278195,Limit,GoodTillCancel,nan,XBTUSD-000521,FLAT,0.0,703.68925,-0.01249126484975549,FLAT,0.3235294117647059,0.0
XBTUSD-000523,XBTUSD,XBt,LONG,2023-01-29T01:07:11.596000+00:00,23210.0,2100.0,0.09047829,2100.0,False,1.4728666666666668,2023-01-29T16:36:44.281000+00:00,23471.0,True,False,195,195,120,74,115,4,1,74,0,0,122,73,0,98,22,1000000.0,43.03550263,1000000.0,0.0,3823843.0,-3823843.0,Limit,GoodTillCancel,nan,,FLAT,0.0,929.5447499999999,0.011245152951314008,FLAT,0.6256410256410256,0.9583333333333334
XBTUSD-000524,XBTUSD,XBt,SHORT,2023-01-29T16:37:07.866000+00:00,23477.5,13100.0,0.5579814,13100.0,False,0.39308333333333334,2023-01-29T16:43:48.829000+00:00,23538.0,True,False,16,16,8,7,0,8,0,0,7,0,9,7,0,8,0,63100.0,2.6855514,63100.0,0.0,254756.0,-254756.0,Limit,GoodTillCancel,nan,,FLAT,0.0,6.682716666666667,-0.0025769353636460046,FLAT,0.5625,0.0
XBTUSD-000525,XBTUSD,XBt,SHORT,2023-01-29T18:44:41.192000+00:00,23716.0,2000.0,0.0843312,2000.0,False,120.87271666666668,2023-01-29T23:34:59.552000+00:00,23759.0,True,False,123,123,50,72,1,46,3,69,3,0,44,79,0,25,25,750000.0,33.153765979999996,790000.0,0.0,2808718.0,-2808718.0,Limit,GoodTillCancel,nan,,FLAT,0.0,290.306,-0.001813121942991991,FLAT,0.35772357723577236,0.02
XBTUSD-000526,XBTUSD,XBt,SHORT,2023-01-30T00:22:48.258000+00:00,23704.0,1900.0,0.0801553,1900.0,False,47.81176666666667,2023-01-31T00:37:36.319000+00:00,22716.0,True,False,21,21,9,11,3,4,2,11,0,0,16,5,0,5,4,80000.0,3.37158574,80000.0,0.0,185091.0,-185091.0,Limit,GoodTillCancel,nan,,FLAT,0.0,1454.8010166666668,0.041680728990887594,FLAT,0.7619047619047619,0.3333333333333333
XBTUSD-000527,XBTUSD,XBt,LONG,2023-01-31T00:37:36.319000+00:00,22716.0,500.0,0.022010900000000003,500.0,True,0.0,2023-02-01T19:01:26.795000+00:00,23176.0,True,False,5,5,3,1,0,0,3,1,0,0,5,0,0,3,0,5000.0,0.220109,5000.0,0.0,8714.0,-8714.0,Limit,GoodTillCancel,nan,XBTUSD-000526,FLAT,0.0,2543.841266666667,0.020250044021834723,FLAT,1.0,0.0
XBTUSD-000528,XBTUSD,XBt,SHORT,2023-02-01T19:52:30.346000+00:00,23403.0,1600.0,0.06836736,1600.0,False,51.05918333333333,2023-02-02T00:44:30.039000+00:00,24139.0,True,False,6,6,3,2,0,2,1,0,2,0,4,2,0,3,0,25000.0,1.0528790000000001,25000.0,0.0,98729.0,-98729.0,Limit,GoodTillCancel,nan,,FLAT,0.0,291.99488333333335,-0.031448959535102405,FLAT,0.6666666666666666,0.0
XBTUSD-000529,XBTUSD,XBt,LONG,2023-02-02T15:52:22.733000+00:00,23833.5,5000.0,0.2097885,5000.0,False,907.8782333333334,2023-02-08T08:11:26.239000+00:00,23185.5,True,False,31,31,17,13,1,16,0,0,13,0,17,14,0,17,0,85000.0,3.649876,85000.0,0.0,359476.0,-359476.0,Limit,GoodTillCancel,nan,,FLAT,0.0,8179.058433333334,-0.027188621058593987,FLAT,0.5483870967741935,0.058823529411764705
XBTUSD-000530,XBTUSD,XBt,LONG,2023-02-09T03:05:47.797000+00:00,22532.0,5000.0,0.2219065,5000.0,False,1134.3593,2023-02-13T17:43:51.050000+00:00,21440.5,True,False,198,198,89,108,15,74,0,0,108,0,39,159,0,39,50,773700.0,49.60962929000002,1083700.0,0.0,6117494.0,-6117494.0,Limit,GoodTillCancel,nan,,FLAT,0.0,6638.054216666667,-0.04844221551571104,FLAT,0.19696969696969696,0.16853932584269662
XBTUSD-000531,XBTUSD,XBt,LONG,2023-02-13T18:31:49.901000+00:00,21604.0,200.0,0.00925754,200.0,False,47.980850000000004,2023-02-14T03:27:13.451000+00:00,21700.0,True,False,19,19,7,11,2,5,0,11,0,0,3,16,0,3,4,97900.0,4.53884604,97900.0,0.0,464519.0,-464519.0,Limit,GoodTillCancel,nan,,FLAT,0.0,535.3925,0.004443621551564636,FLAT,0.15789473684210525,0.2857142857142857
XBTUSD-000532,XBTUSD,XBt,LONG,2023-02-14T07:42:49.230000+00:00,21786.5,16000.0,0.7344,16000.0,False,255.59631666666667,2023-02-14T08:46:54.533000+00:00,21705.5,True,False,5,5,2,2,0,2,0,0,2,0,2,3,0,2,0,32000.0,1.4700656,32000.0,0.0,180363.0,-180363.0,Limit,GoodTillCancel,nan,,FLAT,0.0,64.08838333333333,-0.0037178986987354,FLAT,0.4,0.0
XBTUSD-000533,XBTUSD,XBt,LONG,2023-02-15T08:34:10.379000+00:00,22117.0,1000.0,0.0452141,1000.0,False,1427.2641,2023-02-15T11:43:57.240000+00:00,22463.0,True,False,13,13,5,7,0,0,5,7,0,0,1,12,0,1,4,16000.0,0.7234256000000001,16000.0,0.0,82555.0,-82555.0,Limit,GoodTillCancel,nan,,FLAT,0.0,189.7810166666667,0.01564407469367457,FLAT,0.07692307692307693,0.0
XBTUSD-000534,XBTUSD,XBt,LONG,2023-02-16T22:40:03.164000+00:00,23999.0,18000.0,0.7500312,18000.0,False,2096.0987333333333,2023-02-18T07:56:31.540000+00:00,24554.5,True,False,14,14,5,8,0,5,0,8,0,0,6,8,0,5,0,126000.0,5.356962,126000.0,0.0,495534.0,-495534.0,Limit,GoodTillCancel,nan,,FLAT,0.0,1996.4729333333335,0.023146797783240913,FLAT,0.42857142857142855,0.0
XBTUSD-000535,XBTUSD,XBt,LONG,2023-02-18T18:12:11.194000+00:00,24786.0,12200.0,0.49221388,12200.0,False,615.6609000000001,2023-02-18T19:44:14.618000+00:00,24622.0,True,False,14,14,3,10,2,1,0,0,10,0,0,14,0,0,3,36000.0,1.45240677,36000.0,0.0,218579.0,-218579.0,Market,ImmediateOrCancel,nan,,FLAT,0.0,92.05706666666667,-0.0066166384249173316,FLAT,0.0,0.6666666666666666
XBTUSD-000536,XBTUSD,XBt,LONG,2023-02-19T14:40:24.600000+00:00,24739.5,5500.0,0.2223166,5500.0,False,1136.1663666666668,2023-02-19T16:34:57.215000+00:00,24931.0,True,False,12,12,7,4,4,0,3,4,0,0,0,12,0,0,7,28000.0,1.1301626,28000.0,0.0,168988.0,-168988.0,Limit,GoodTillCancel,nan,,FLAT,0.0,114.54358333333333,0.007740657652741456,FLAT,0.0,0.5714285714285714
XBTUSD-000537,XBTUSD,XBt,LONG,2023-02-19T17:58:09.212000+00:00,24333.0,600.0,0.0246579,600.0,False,83.19995,2023-02-20T22:16:32.191000+00:00,24774.5,True,False,10,10,7,2,5,1,1,2,0,0,4,6,0,3,4,13000.0,0.5362458999999999,13000.0,0.0,58144.0,-58144.0,Limit,GoodTillCancel,nan,,FLAT,0.0,1698.3829833333334,0.018144084165536478,FLAT,0.4,0.7142857142857143
XBTUSD-000538,XBTUSD,XBt,LONG,2023-02-21T02:34:28.504000+00:00,25009.0,2100.0,0.08396976,2100.0,False,257.93855,2023-02-22T02:32:22.606000+00:00,23919.5,True,False,56,56,26,29,6,19,1,0,29,0,10,46,0,10,16,150000.0,5.9989856800000005,150000.0,0.0,748940.0,-748940.0,Limit,GoodTillCancel,nan,,FLAT,0.0,1437.9017,-0.043564316845935425,FLAT,0.17857142857142858,0.23076923076923078
XBTUSD-000539,XBTUSD,XBt,SHORT,2023-02-23T02:50:17.618000+00:00,24524.5,7300.0,0.29766188,7300.0,False,1457.9168666666667,2023-02-23T11:22:31.455000+00:00,24115.0,True,False,66,66,32,33,10,22,0,33,0,0,36,30,0,3,29,288000.0,11.740657050000003,288000.0,0.0,901602.6744186047,-901602.6744186047,Limit,GoodTillCancel,nan,,FLAT,0.0,512.2306166666666,0.016697588126159513,FLAT,0.5454545454545454,0.3125
XBTUSD-000540,XBTUSD,XBt,LONG,2023-02-23T11:22:31.455000+00:00,24115.0,4000.0,0.16587200000000002,4000.0,True,0.0,2023-02-26T18:58:05.557000+00:00,23482.5,True,False,28,28,18,9,8,10,0,9,0,0,13,15,0,10,8,87000.0,3.7624184000000005,87000.0,0.0,277073.32558139536,-277073.32558139536,Limit,GoodTillCancel,nan,XBTUSD-000539,FLAT,0.0,4775.568366666667,-0.02622848849263948,FLAT,0.4642857142857143,0.4444444444444444
XBTUSD-000541,XBTUSD,XBt,SHORT,2023-02-27T00:06:20.094000+00:00,23520.0,4900.0,0.2083333,4900.0,False,308.2422833333333,2023-02-27T13:25:34.582000+00:00,23493.5,True,False,11,11,3,7,0,0,3,7,0,0,0,11,0,0,3,24000.0,1.020408,24000.0,0.0,153139.0,-153139.0,Limit,GoodTillCancel,nan,,FLAT,0.0,799.2414666666666,0.001126700680272097,FLAT,0.0,0.0
XBTUSD-000542,XBTUSD,XBt,LONG,2023-02-27T16:13:02.820000+00:00,23333.0,20000.0,0.857156,20000.0,False,167.47063333333332,2023-02-28T02:08:56.009000+00:00,23380.0,True,False,10,10,3,6,0,3,0,6,0,0,4,6,0,3,0,40000.0,1.7225439999999999,40000.0,0.0,162760.0,-162760.0,Limit,GoodTillCancel,nan,,FLAT,0.0,595.8864833333333,0.0020143144902069476,FLAT,0.4,0.0
XBTUSD-000543,XBTUSD,XBt,LONG,2023-02-28T07:30:01.235000+00:00,23333.0,600.0,0.02571468,600.0,False,321.08709999999996,2023-03-03T10:08:30.947000+00:00,22356.0,True,False,106,106,27,78,2,22,3,70,8,0,96,10,0,27,0,545200.0,25.601698299999995,570200.0,0.0,1182707.0,-1182707.0,Limit,GoodTillCancel,nan,,FLAT,0.0,4478.4952,-0.0418720267432392,FLAT,0.9056603773584906,0.07407407407407407
XBTUSD-000544,XBTUSD,XBt,LONG,2023-03-03T10:50:20.982000+00:00,22344.0,900.0,0.04027923,900.0,False,41.83391666666667,2023-03-04T05:29:14.667000+00:00,22315.5,True,False,28,28,13,14,0,10,3,14,0,0,14,14,0,13,0,80000.0,3.596324,80000.0,0.0,340796.0,-340796.0,Limit,GoodTillCancel,nan,,FLAT,0.0,1118.89475,-0.0012755102040816757,FLAT,0.5,0.0
XBTUSD-000545,XBTUSD,XBt,LONG,2023-03-04T19:55:14.975000+00:00,22222.0,11700.0,0.52650585,11700.0,False,866.0051333333333,2023-03-07T08:08:23.035000+00:00,22385.5,True,False,6,6,2,3,0,0,2,3,0,0,3,3,0,2,0,15000.0,0.6750075000000001,15000.0,0.0,63755.0,-63755.0,Limit,GoodTillCancel,nan,,FLAT,0.0,3613.1343333333334,0.007357573575735854,FLAT,0.5,0.0
XBTUSD-000546,XBTUSD,XBt,LONG,2023-03-07T15:00:59.421000+00:00,22111.0,1900.0,0.08593016,1900.0,False,412.6064333333333,2023-03-08T03:23:58.862000+00:00,22081.0,True,False,17,17,3,13,0,1,2,13,0,0,4,13,0,3,0,55000.0,2.496496,55000.0,0.0,236731.0,-236731.0,Limit,GoodTillCancel,nan,,FLAT,0.0,742.9906833333333,-0.0013567907376419441,FLAT,0.23529411764705882,0.0
XBTUSD-000547,XBTUSD,XBt,LONG,2023-03-08T05:40:56.718000+00:00,21855.0,40000.0,1.830244,40000.0,False,136.96426666666667,2023-03-08T12:54:35.723000+00:00,21992.0,True,False,16,16,0,15,0,0,0,15,0,0,1,15,0,0,0,40000.0,1.830244,40000.0,0.0,173034.0,-173034.0,Limit,GoodTillCancel,nan,,FLAT,0.0,433.6500833333333,0.006268588423701704,FLAT,0.0625,
XBTUSD-000548,XBTUSD,XBt,LONG,2023-03-08T22:56:10.735000+00:00,21733.0,40000.0,1.84052,40000.0,False,601.5835333333333,2023-03-10T09:38:57.952000+00:00,19874.5,True,False,169,169,35,133,0,35,0,0,133,0,33,136,0,25,10,700000.0,33.24468795,700000.0,0.0,3239086.0,-3239086.0,Limit,GoodTillCancel,nan,,FLAT,0.0,2082.78695,-0.085515115262504,FLAT,0.1952662721893491,0.0
XBTUSD-000549,XBTUSD,XBt,SHORT,2023-03-10T10:26:38.738000+00:00,19844.5,2900.0,0.14613622,2900.0,False,47.679766666666666,2023-03-10T14:19:26.941000+00:00,19930.0,True,False,35,35,18,16,0,16,2,16,0,0,16,19,0,16,2,110000.0,5.4927779999999995,110000.0,0.0,551476.0,-551476.0,Limit,GoodTillCancel,nan,,FLAT,0.0,232.80338333333333,-0.004308498576431674,FLAT,0.45714285714285713,0.0
XBTUSD-000550,XBTUSD,XBt,LONG,2023-03-11T08:09:19.869000+00:00,19948.0,82600.0,4.14076278,82600.0,False,1069.8821333333333,2023-03-11T08:46:05.764000+00:00,20231.5,True,False,61,61,13,47,3,10,0,47,0,0,0,61,0,0,13,200000.0,10.02642344,200000.0,0.0,1497094.0,-1497094.0,Limit,GoodTillCancel,nan,,FLAT,0.0,36.764916666666664,0.014211951072789164,FLAT,0.0,0.23076923076923078
XBTUSD-000551,XBTUSD,XBt,LONG,2023-03-11T17:07:48.084000+00:00,20279.0,5000.0,0.2465605,5000.0,False,501.70533333333333,2023-03-11T18:36:48.881000+00:00,20403.0,True,False,31,31,15,15,6,0,9,15,0,0,4,27,0,4,11,60000.0,2.9583229600000003,60000.0,0.0,422623.0,-422623.0,Limit,GoodTillCancel,nan,,FLAT,0.0,89.01328333333332,0.006114699935894308,FLAT,0.12903225806451613,0.4
XBTUSD-000552,XBTUSD,XBt,LONG,2023-03-12T17:33:27.314000+00:00,20775.5,5100.0,0.24548136,5100.0,False,1376.64055,2023-03-12T22:24:58.864000+00:00,22065.0,True,False,40,40,21,18,11,10,0,18,0,0,1,39,0,1,20,390000.0,18.765110800000002,390000.0,0.0,2700852.0,-2700852.0,Limit,GoodTillCancel,nan,,FLAT,0.0,291.5258333333333,0.062068301605256115,FLAT,0.025,0.5238095238095238
XBTUSD-000553,XBTUSD,XBt,LONG,2023-03-12T22:35:26.578000+00:00,21888.0,7500.0,0.34265325,7500.0,False,10.461900000000002,2023-03-13T00:01:38.051000+00:00,22177.0,True,False,10,10,2,7,0,0,2,7,0,0,3,7,0,2,0,30000.0,1.370613,30000.0,0.0,128866.0,-128866.0,Limit,GoodTillCancel,nan,,FLAT,0.0,86.19121666666666,0.01320358187134496,FLAT,0.3,0.0
XBTUSD-000554,XBTUSD,XBt,LONG,2023-03-13T02:47:32.902000+00:00,22333.0,10000.0,0.447768,10000.0,False,165.91418333333334,2023-03-13T14:34:30.550000+00:00,23437.0,True,False,21,21,9,11,0,9,0,11,0,0,10,11,0,9,0,60000.0,2.7183450000000002,60000.0,0.0,246347.0,-246347.0,Limit,GoodTillCancel,nan,,FLAT,0.0,706.9608000000001,0.04943357363542744,FLAT,0.47619047619047616,0.0
XBTUSD-000555,XBTUSD,XBt,LONG,2023-03-13T15:01:34.046000+00:00,23642.0,5000.0,0.211488,5000.0,False,27.05826666666667,2023-03-13T15:09:25.280000+00:00,24435.0,True,False,3,3,0,2,0,0,0,2,0,0,0,3,0,0,0,5000.0,0.211488,5000.0,0.0,31207.0,-31207.0,Market,ImmediateOrCancel,nan,,FLAT,0.0,7.853899999999999,0.033542001522713916,FLAT,0.0,
XBTUSD-000556,XBTUSD,XBt,LONG,2023-03-14T19:15:17.702000+00:00,24578.0,500.0,0.0203434,500.0,False,1685.8737,2023-03-14T19:58:13.594000+00:00,24899.5,True,False,43,43,28,14,11,17,0,14,0,0,19,24,0,11,17,135000.0,5.515623139999999,135000.0,0.0,431155.0,-431155.0,Limit,GoodTillCancel,nan,,FLAT,0.0,42.93153333333333,0.013080803971031063,FLAT,0.4418604651162791,0.39285714285714285
XBTUSD-000557,XBTUSD,XBt,LONG,2023-03-14T20:21:02.459000+00:00,24970.5,10000.0,0.400473,10000.0,False,22.814416666666666,2023-03-16T13:15:50.658000+00:00,24705.5,True,False,531,531,205,325,87,118,0,190,135,0,232,299,0,145,60,1085300.0,97.72263713000004,2405300.0,0.0,6920843.0,-6920843.0,Limit,GoodTillCancel,nan,,FLAT,0.0,2454.8033166666664,-0.010612522776876743,FLAT,0.4369114877589454,0.424390243902439
XBTUSD-000558,XBTUSD,XBt,LONG,2023-03-17T01:33:51.114000+00:00,25307.0,800.0,0.03161184,800.0,False,738.0076,2023-03-17T08:57:56.510000+00:00,26038.5,True,False,38,38,17,20,15,2,0,20,0,0,8,30,0,8,9,90000.0,3.5260664699999995,90000.0,0.0,392184.0,-392184.0,Limit,GoodTillCancel,nan,,FLAT,0.0,444.08993333333336,0.028905046034694015,FLAT,0.21052631578947367,0.8823529411764706
XBTUSD-000559,XBTUSD,XBt,LONG,2023-03-17T19:32:00.109000+00:00,26865.0,2200.0,0.08189104,2200.0,False,634.0599833333333,2023-03-18T01:01:33.409000+00:00,27595.0,True,False,84,84,42,41,31,10,1,41,0,0,24,60,0,23,19,287700.0,10.53499752,287700.0,0.0,1103855.0,-1103855.0,Limit,GoodTillCancel,nan,,FLAT,0.0,329.555,0.02717290154476082,FLAT,0.2857142857142857,0.7380952380952381
XBTUSD-000560,XBTUSD,XBt,LONG,2023-03-18T15:29:01.704000+00:00,27333.0,5000.0,0.182929,5000.0,False,867.4715833333333,2023-03-18T19:55:23.207000+00:00,27420.0,True,False,10,10,3,6,0,3,0,6,0,0,4,6,0,3,0,30000.0,1.113351,30000.0,0.0,104318.0,-104318.0,Limit,GoodTillCancel,nan,,FLAT,0.0,266.35838333333334,0.0031829656459225752,FLAT,0.4,0.0
XBTUSD-000561,XBTUSD,XBt,LONG,2023-03-18T20:07:35.445000+00:00,27333.0,300.0,0.01097574,300.0,False,12.203966666666668,2023-03-19T16:38:52.326000+00:00,27968.0,True,False,61,61,28,32,21,3,4,32,0,0,32,29,0,19,9,135000.0,4.95491306,135000.0,0.0,367593.0,-367593.0,Limit,GoodTillCancel,nan,,FLAT,0.0,1231.28135,0.02323199063403214,FLAT,0.5245901639344263,0.75
XBTUSD-000562,XBTUSD,XBt,LONG,2023-03-20T02:44:03.856000+00:00,27342.5,15000.0,0.5485965,15000.0,False,605.1921666666666,2023-03-20T11:51:02.001000+00:00,28192.0,True,False,12,12,2,9,2,0,0,9,0,0,1,11,0,0,2,20000.0,0.7311449999999999,20000.0,0.0,77865.0,-77865.0,Limit,GoodTillCancel,nan,,FLAT,0.0,546.9690833333333,0.03106884886166217,FLAT,0.08333333333333333,1.0
XBTUSD-000563,XBTUSD,XBt,LONG,2023-03-22T19:09:03.041000+00:00,27222.0,5000.0,0.183675,5000.0,False,3318.0173333333337,2023-03-23T09:46:44.385000+00:00,27671.0,True,False,8,8,2,5,0,2,0,5,0,0,3,5,0,2,0,15000.0,0.555588,15000.0,0.0,51765.0,-51765.0,Limit,GoodTillCancel,nan,,FLAT,0.0,877.6890666666666,0.016494012196017982,FLAT,0.375,0.0
XBTUSD-000564,XBTUSD,XBt,LONG,2023-03-23T13:20:40.461000+00:00,26555.0,10000.0,0.376577,10000.0,False,213.9346,2023-03-23T13:25:15.864000+00:00,27405.5,True,False,6,6,2,3,0,2,0,3,0,0,3,3,0,2,0,50000.0,1.9118529999999998,50000.0,0.0,175104.0,-175104.0,Limit,GoodTillCancel,nan,,FLAT,0.0,4.590050000000001,0.03202786669177171,FLAT,0.5,0.0
XBTUSD-000565,XBTUSD,XBt,LONG,2023-03-23T13:49:11.880000+00:00,27333.0,5000.0,0.182929,5000.0,False,23.933600000000002,2023-03-26T04:30:11.726000+00:00,27518.5,True,False,24,24,8,15,0,8,0,15,0,0,9,15,0,8,0,40000.0,1.4720995000000001,40000.0,0.0,138442.0,-138442.0,Limit,GoodTillCancel,nan,,FLAT,0.0,3760.997433333333,0.006786668130099205,FLAT,0.375,0.0
XBTUSD-000566,XBTUSD,XBt,LONG,2023-03-27T15:00:23.483000+00:00,26779.5,5600.0,0.2091152,5600.0,False,2070.19595,2023-03-30T03:57:39.225000+00:00,28516.5,True,False,12,12,4,7,0,0,4,7,0,0,5,7,0,4,0,15000.0,0.56013,15000.0,0.0,50644.0,-50644.0,Limit,GoodTillCancel,nan,,FLAT,0.0,3657.262366666667,0.0648630482271888,FLAT,0.4166666666666667,0.0
XBTUSD-000567,XBTUSD,XBt,SHORT,2023-04-09T06:14:05.859000+00:00,27960.5,100.0,0.00357647,100.0,False,14536.4439,2023-04-09T21:41:23.905000+00:00,28366.5,True,False,26,26,18,7,11,6,1,0,7,0,9,17,0,9,9,75000.0,2.68849422,75000.0,0.0,304541.0,-304541.0,Limit,GoodTillCancel,nan,,FLAT,0.0,927.3007666666667,-0.014520484254573418,FLAT,0.34615384615384615,0.6111111111111112
XBTUSD-000568,XBTUSD,XBt,LONG,2023-04-10T17:10:28.196000+00:00,29245.5,15000.0,0.5128995,15000.0,False,1169.0715166666666,2023-04-12T11:38:07.369000+00:00,29975.0,True,False,53,53,20,32,18,2,0,32,0,0,20,33,0,15,5,70000.0,3.3733435000000003,100000.0,0.0,317219.0,-317219.0,Limit,GoodTillCancel,nan,,FLAT,0.0,2547.6528833333336,0.024944008479937052,FLAT,0.37735849056603776,0.9
XBTUSD-000569,XBTUSD,XBt,SHORT,2023-04-12T12:16:13.290000+00:00,29955.5,5000.0,0.1669145,5000.0,False,38.098683333333334,2023-04-12T15:26:35.238000+00:00,29932.5,True,False,24,24,15,8,2,13,0,8,0,0,8,16,0,8,7,55000.0,1.81611044,55000.0,0.0,201415.0,-201415.0,Limit,GoodTillCancel,nan,,FLAT,0.0,190.3658,0.0007678055782744941,FLAT,0.3333333333333333,0.13333333333333333
XBTUSD-000570,XBTUSD,XBt,SHORT,2023-04-12T18:45:20.126000+00:00,29950.0,100.0,0.0033389,100.0,False,198.74813333333336,2023-04-20T12:33:13.750000+00:00,28818.0,True,False,26,26,13,12,2,11,0,11,1,0,9,17,0,9,4,50000.0,1.8106497000000001,55000.0,0.0,191113.0,-191113.0,Limit,GoodTillCancel,nan,,FLAT,0.0,11147.893733333332,0.03779632721202009,FLAT,0.34615384615384615,0.15384615384615385
XBTUSD-000571,XBTUSD,XBt,SHORT,2023-04-20T23:32:14.098000+00:00,28191.5,2800.0,0.09932076,2800.0,False,659.0058,2023-04-21T20:09:43.551000+00:00,27270.0,True,False,16,16,6,9,2,2,2,9,0,0,9,7,0,4,2,35000.0,1.241775,35000.0,0.0,99950.0,-99950.0,Limit,GoodTillCancel,nan,,FLAT,0.0,1237.4908833333332,0.03268715747654438,FLAT,0.5625,0.3333333333333333
XBTUSD-000572,XBTUSD,XBt,LONG,2023-04-21T20:12:29.468000+00:00,27309.0,2000.0,0.073236,2000.0,False,2.7652833333333335,2023-04-22T21:17:23.226000+00:00,27583.0,True,False,111,111,42,68,5,36,1,68,0,0,73,38,0,39,3,240000.0,8.805076499999998,240000.0,0.0,564664.762962963,-564664.762962963,Limit,GoodTillCancel,nan,,FLAT,0.0,1504.8959666666667,0.010033322347943852,FLAT,0.6576576576576577,0.11904761904761904
XBTUSD-000573,XBTUSD,XBt,SHORT,2023-04-22T21:17:23.226000+00:00,27583.0,30200.0,1.09487684,30200.0,True,0.0,2023-04-22T21:18:23.774000+00:00,27583.5,True,False,8,8,0,7,0,0,0,1,6,0,2,6,0,0,0,30200.0,1.09487684,30200.0,0.0,74497.2237037037,-74497.2237037037,Limit,GoodTillCancel,nan,XBTUSD-000572,FLAT,0.0,1.0091333333333334,-1.812710727611133e-05,FLAT,0.25,
XBTUSD-000574,XBTUSD,XBt,LONG,2023-04-22T21:18:23.774000+00:00,27583.5,45200.0,1.6386627199999997,45200.0,True,0.0,2023-04-22T22:39:51.791000+00:00,27830.0,True,False,12,12,0,11,0,0,0,11,0,0,12,0,0,0,0,45200.0,1.6386627199999997,45200.0,0.0,65349.66039215686,-65349.66039215686,Limit,GoodTillCancel,nan,XBTUSD-000573,FLAT,0.0,81.46695,0.008936501894248439,FLAT,1.0,
XBTUSD-000575,XBTUSD,XBt,SHORT,2023-04-22T22:39:51.791000+00:00,27830.0,1500.0,0.0538986,1500.0,True,0.0,2023-04-24T23:41:03.033000+00:00,27539.5,True,False,14,14,6,7,0,3,3,7,0,0,9,5,0,6,0,39900.0,1.60645352,44800.0,0.0,134644.35294117648,-134644.35294117648,Limit,GoodTillCancel,nan,XBTUSD-000574,FLAT,0.0,2941.1873666666665,0.010438375853395576,FLAT,0.6428571428571429,0.0
XBTUSD-000576,XBTUSD,XBt,SHORT,2023-04-25T21:15:14.524000+00:00,28222.0,16900.0,0.59882277,16900.0,False,1294.1915166666665,2023-04-26T01:35:48.419000+00:00,28304.5,True,False,11,11,3,7,0,1,2,7,0,0,4,7,0,3,0,70000.0,2.4706535,70000.0,0.0,234895.0,-234895.0,Limit,GoodTillCancel,nan,,FLAT,0.0,260.56491666666665,-0.002923251364183921,FLAT,0.36363636363636365,0.0
XBTUSD-000577,XBTUSD,XBt,SHORT,2023-04-26T10:53:02.524000+00:00,29095.5,25100.0,0.86267696,25100.0,False,557.2350833333334,2023-04-26T19:23:54.825000+00:00,29220.0,True,False,55,55,27,27,8,19,0,27,0,0,16,39,0,15,12,175000.0,5.94566927,175000.0,0.0,636611.0,-636611.0,Limit,GoodTillCancel,nan,,FLAT,0.0,510.87168333333335,-0.004279012218384226,FLAT,0.2909090909090909,0.2962962962962963
XBTUSD-000578,XBTUSD,XBt,LONG,2023-04-26T19:39:05.375000+00:00,28481.0,5100.0,0.17906661,5100.0,False,15.175833333333333,2023-04-26T19:42:16.203000+00:00,28445.5,True,False,66,66,35,30,10,25,0,30,0,0,0,66,0,0,35,310000.0,10.919134519999997,310000.0,0.0,1636670.0,-1636670.0,Market,ImmediateOrCancel,nan,,FLAT,0.0,3.1804666666666668,-0.001246444998419971,FLAT,0.0,0.2857142857142857
XBTUSD-000579,XBTUSD,XBt,LONG,2023-04-26T19:43:06.086000+00:00,28264.5,3000.0,0.1061403,3000.0,False,0.8313833333333334,2023-04-26T19:53:16.183000+00:00,28059.0,True,False,63,63,23,39,11,12,0,0,39,0,9,54,0,9,14,245000.0,8.666868099999999,245000.0,0.0,1032971.0,-1032971.0,Market,ImmediateOrCancel,nan,,FLAT,0.0,10.168283333333333,-0.007270604468502917,FLAT,0.14285714285714285,0.4782608695652174
XBTUSD-000580,XBTUSD,XBt,SHORT,2023-04-26T19:56:32.681000+00:00,27976.5,33400.0,1.19385962,33400.0,False,3.2749666666666664,2023-04-26T19:57:59.239000+00:00,27902.0,True,False,23,23,9,13,0,9,0,13,0,0,0,23,0,0,9,35000.0,1.2510334100000002,35000.0,0.0,187889.0,-187889.0,Market,ImmediateOrCancel,nan,,FLAT,0.0,1.4426333333333334,0.002662949260986869,FLAT,0.0,0.0
XBTUSD-000581,XBTUSD,XBt,LONG,2023-04-26T19:58:11.019000+00:00,27905.5,4400.0,0.15767488,4400.0,False,0.19633333333333333,2023-04-26T20:02:00.195000+00:00,27287.5,True,False,72,72,28,43,24,4,0,0,43,0,0,72,0,0,28,145000.0,5.1924912,145000.0,0.0,787451.0,-787451.0,Market,ImmediateOrCancel,nan,,FLAT,0.0,3.8196,-0.022146171901596512,FLAT,0.0,0.8571428571428571
XBTUSD-000582,XBTUSD,XBt,SHORT,2023-04-26T20:28:29.280000+00:00,27644.0,3000.0,0.1085226,3000.0,False,26.484750000000002,2023-04-27T00:18:39.763000+00:00,28817.0,True,False,70,70,50,19,1,48,1,0,19,0,7,63,0,0,50,150000.0,5.409215530000003,150000.0,0.0,608668.0,-608668.0,Market,ImmediateOrCancel,nan,,FLAT,0.0,230.17471666666668,-0.04243235421791347,FLAT,0.1,0.02
XBTUSD-000583,XBTUSD,XBt,SHORT,2023-04-27T05:01:10.489000+00:00,29070.0,13500.0,0.46439595,13500.0,False,282.5121,2023-04-27T17:17:50.013000+00:00,29236.5,True,False,34,34,15,18,11,4,0,4,14,0,6,28,0,6,9,180300.0,6.20364539,180300.0,0.0,649309.0,-649309.0,Limit,GoodTillCancel,nan,,FLAT,0.0,736.6587333333333,-0.005727554179566496,FLAT,0.17647058823529413,0.7333333333333333
XBTUSD-000584,XBTUSD,XBt,LONG,2023-05-01T01:51:28.796000+00:00,28365.0,35000.0,1.2339145,35000.0,False,4833.646383333334,2023-05-03T14:41:01.255000+00:00,28242.0,True,False,30,30,16,13,0,16,0,13,0,0,17,13,0,16,0,156200.0,5.563900649999999,156200.0,0.0,526040.0,-526040.0,Limit,GoodTillCancel,nan,,FLAT,0.0,3649.5409833333333,-0.004336329984135356,FLAT,0.5666666666666667,0.0
XBTUSD-000585,XBTUSD,XBt,LONG,2023-05-03T21:53:48.748000+00:00,29009.5,5300.0,0.18269895,5300.0,False,432.79155,2023-05-06T14:06:28.358000+00:00,28780.5,True,False,23,23,14,8,6,7,1,0,8,0,11,12,0,11,3,78000.0,2.68613254,78000.0,0.0,279718.0,-279718.0,Limit,GoodTillCancel,nan,,FLAT,0.0,3852.6601666666666,-0.007893965769834033,FLAT,0.4782608695652174,0.42857142857142855
XBTUSD-000586,XBTUSD,XBt,LONG,2023-05-11T22:16:38.459000+00:00,27009.5,500.0,0.018512,500.0,False,7690.168350000001,2023-05-12T05:17:25.582000+00:00,26581.5,True,False,24,24,8,15,7,1,0,0,15,0,1,23,0,1,7,30000.0,1.1106179999999999,30000.0,0.0,156717.0,-156717.0,Limit,GoodTillCancel,nan,,FLAT,0.0,420.7853833333333,-0.0158462763101872,FLAT,0.041666666666666664,0.875
XBTUSD-000587,XBTUSD,XBt,LONG,2023-05-12T05:50:42.398000+00:00,26395.5,1200.0,0.04546224,1200.0,False,33.28026666666667,2023-05-19T14:53:59.445000+00:00,26803.5,True,False,49,49,25,23,24,0,1,23,0,0,10,39,0,7,18,165000.0,6.21516344,165000.0,0.0,719063.0,-719063.0,Limit,GoodTillCancel,nan,,FLAT,0.0,10623.284116666668,0.015457180201170706,FLAT,0.20408163265306123,0.96
XBTUSD-000588,XBTUSD,XBt,LONG,2023-05-19T15:21:56.098000+00:00,27121.0,3000.0,0.1106154,3000.0,False,27.944216666666666,2023-05-24T03:36:03.258000+00:00,26743.0,True,False,37,37,26,10,6,19,1,0,10,0,20,17,0,20,6,108000.0,4.019468999999999,108000.0,0.0,432222.0,-432222.0,Limit,GoodTillCancel,nan,,FLAT,0.0,6494.119333333333,-0.013937539176284042,FLAT,0.5405405405405406,0.23076923076923078
XBTUSD-000589,XBTUSD,XBt,SHORT,2023-05-24T13:49:34.106000+00:00,26530.0,6000.0,0.2261592,6000.0,False,613.5141333333333,2023-05-24T16:12:28.779000+00:00,26253.0,True,False,3,3,0,2,0,0,0,2,0,0,1,2,0,0,0,6000.0,0.2261592,6000.0,0.0,21663.0,-21663.0,Limit,GoodTillCancel,nan,,FLAT,0.0,142.9112166666667,0.010441010177157928,FLAT,0.3333333333333333,
XBTUSD-000590,XBTUSD,XBt,SHORT,2023-05-25T19:10:36.410000+00:00,26555.5,6000.0,0.225942,6000.0,False,1618.1271833333333,2023-05-28T01:01:09.549000+00:00,27109.5,True,False,9,9,3,5,0,3,0,0,5,0,4,5,0,3,0,24000.0,0.8981682,24000.0,0.0,84354.0,-84354.0,Limit,GoodTillCancel,nan,,FLAT,0.0,3230.5523166666667,-0.020861968330477598,FLAT,0.4444444444444444,0.0
XBTUSD-000591,XBTUSD,XBt,LONG,2023-05-28T22:11:50.205000+00:00,28120.0,6000.0,0.2133714,6000.0,False,1270.6776,2023-05-30T14:46:10.272000+00:00,27691.5,True,False,2,2,0,1,0,0,0,0,1,0,1,1,0,0,0,6000.0,0.2133714,6000.0,0.0,20517.0,-20517.0,Limit,GoodTillCancel,nan,,FLAT,0.0,2434.3344500000003,-0.015238264580369809,FLAT,0.5,
XBTUSD-000592,XBTUSD,XBt,SHORT,2023-05-30T14:46:18.293000+00:00,27709.5,9800.0,0.35366926,9800.0,False,0.13368333333333335,2023-06-01T15:30:25.978000+00:00,26893.5,True,False,15,15,7,7,5,2,0,7,0,0,0,15,0,0,7,64000.0,2.3130378200000004,64000.0,0.0,351952.0,-351952.0,Limit,GoodTillCancel,nan,,FLAT,0.0,2924.1280833333335,0.029448384128187066,FLAT,0.0,0.7142857142857143
XBTUSD-000593,XBTUSD,XBt,LONG,2023-06-02T02:42:25.194000+00:00,26956.5,13900.0,0.51564552,13900.0,False,671.9869333333334,2023-06-05T15:57:09.785000+00:00,26217.5,True,False,32,32,16,15,7,8,1,0,15,0,6,26,0,6,10,96000.0,3.544656,96000.0,0.0,443157.0,-443157.0,Limit,GoodTillCancel,nan,,FLAT,0.0,5114.743183333334,-0.027414538237530817,FLAT,0.1875,0.4375
XBTUSD-000594,XBTUSD,XBt,LONG,2023-06-05T16:02:32.313000+00:00,25775.0,12300.0,0.47720679,12300.0,False,5.375466666666667,2023-06-06T11:23:52.600000+00:00,25693.0,True,False,23,23,12,10,1,8,3,10,0,0,8,15,0,7,5,115500.0,4.4980175000000004,115500.0,0.0,496792.0,-496792.0,Limit,GoodTillCancel,nan,,FLAT,0.0,1161.3381166666666,-0.003181377303588695,FLAT,0.34782608695652173,0.08333333333333333
XBTUSD-000595,XBTUSD,XBt,LONG,2023-06-06T12:11:14.364000+00:00,25466.0,2300.0,0.0903164,2300.0,False,47.36273333333334,2023-06-06T17:03:14.170000+00:00,26312.0,True,False,11,11,4,6,3,0,1,6,0,0,2,9,0,1,3,32000.0,1.23960184,32000.0,0.0,149621.0,-149621.0,Limit,GoodTillCancel,nan,,FLAT,0.0,291.9967666666667,0.03322076494149062,FLAT,0.18181818181818182,0.75
XBTUSD-000596,XBTUSD,XBt,LONG,2023-06-06T17:28:15.676000+00:00,26670.0,100.0,0.00374953,100.0,False,25.025100000000002,2023-06-06T20:18:51.069000+00:00,27091.0,True,False,14,14,4,9,2,1,1,9,0,0,2,12,0,1,3,48000.0,1.79724,48000.0,0.0,234658.0,-234658.0,Limit,GoodTillCancel,nan,,FLAT,0.0,170.58988333333335,0.01578552680914891,FLAT,0.14285714285714285,0.5
XBTUSD-000597,XBTUSD,XBt,LONG,2023-06-07T14:55:09.003000+00:00,26333.0,5700.0,0.21645864,5700.0,False,1116.2989,2023-06-12T02:47:14.157000+00:00,25677.0,True,False,37,37,19,17,1,17,1,6,11,0,6,31,0,4,15,80000.0,4.95509692,128000.0,0.0,617826.0,-617826.0,Limit,GoodTillCancel,nan,,FLAT,0.0,6472.0859,-0.024911707743136002,FLAT,0.16216216216216217,0.05263157894736842
XBTUSD-000598,XBTUSD,XBt,LONG,2023-06-14T18:46:46.146000+00:00,25927.5,16000.0,0.6171056,16000.0,False,3839.53315,2023-06-14T20:57:56.843000+00:00,24884.0,True,False,11,11,5,5,1,4,0,0,5,0,6,5,0,4,1,80000.0,3.0909872,80000.0,0.0,267458.9347181009,-267458.9347181009,Limit,GoodTillCancel,nan,,FLAT,0.0,131.17828333333333,-0.04024684215601193,FLAT,0.5454545454545454,0.2
XBTUSD-000599,XBTUSD,XBt,SHORT,2023-06-14T20:57:56.843000+00:00,24884.0,36000.0,1.446714,36000.0,True,0.0,2023-06-14T21:23:48.119000+00:00,25096.0,True,False,15,15,0,14,0,0,0,0,14,0,1,14,0,0,0,36000.0,1.446714,36000.0,0.0,136521.06528189912,-136521.06528189912,Limit,GoodTillCancel,nan,XBTUSD-000598,FLAT,0.0,25.8546,-0.008519530622086435,FLAT,0.06666666666666667,
XBTUSD-000600,XBTUSD,XBt,SHORT,2023-06-15T05:26:32.239000+00:00,24970.5,15500.0,0.62073315,15500.0,False,482.7353333333333,2023-06-15T07:14:47.382000+00:00,24895.5,True,False,11,11,4,6,3,0,1,6,0,0,0,11,0,0,4,48000.0,1.9236176,48000.0,0.0,288855.0,-288855.0,Limit,GoodTillCancel,nan,,FLAT,0.0,108.25238333333333,0.0030035441821348874,FLAT,0.0,0.75
XBTUSD-000601,XBTUSD,XBt,LONG,2023-06-15T08:40:05.681000+00:00,24969.0,4800.0,0.19223856,4800.0,False,85.30498333333334,2023-06-15T16:01:39.038000+00:00,24921.0,True,False,9,9,2,6,0,0,2,0,6,0,1,8,0,1,1,16000.0,0.6407951999999999,16000.0,0.0,93563.0,-93563.0,Limit,GoodTillCancel,nan,,FLAT,0.0,441.55595,-0.0019223837558572932,FLAT,0.1111111111111111,0.0
XBTUSD-000602,XBTUSD,XBt,SHORT,2023-06-15T16:05:57.678000+00:00,24921.5,13200.0,0.5296632,13200.0,False,4.310666666666666,2023-06-16T01:44:56.768000+00:00,25548.0,True,False,4,4,1,2,0,0,1,0,2,0,2,2,0,1,0,16000.0,0.642016,16000.0,0.0,59809.0,-59809.0,Limit,GoodTillCancel,nan,,FLAT,0.0,578.9848333333333,-0.02513893625985597,FLAT,0.5,0.0
XBTUSD-000603,XBTUSD,XBt,LONG,2023-06-16T02:55:35.512000+00:00,25526.0,100.0,0.00391757,100.0,False,70.64573333333333,2023-06-18T01:28:21.418000+00:00,26448.5,True,False,14,14,9,4,6,2,1,4,0,0,2,12,0,2,7,64000.0,2.5065728,64000.0,0.0,357404.0,-357404.0,Limit,GoodTillCancel,nan,,FLAT,0.0,2792.7650999999996,0.03613962234584345,FLAT,0.14285714285714285,0.6666666666666666
XBTUSD-000604,XBTUSD,XBt,LONG,2023-06-19T22:17:43.272000+00:00,26761.5,1400.0,0.05231394,1400.0,False,2689.3642333333332,2023-06-27T05:23:59.099000+00:00,30319.0,True,False,44,44,24,19,15,3,6,19,0,0,12,32,0,12,12,56000.0,3.40370822,96000.0,0.0,359712.0,-359712.0,Limit,GoodTillCancel,nan,,FLAT,0.0,10506.263783333334,0.13293350522205416,FLAT,0.2727272727272727,0.625
XBTUSD-000605,XBTUSD,XBt,LONG,2023-06-28T08:02:21.505000+00:00,30209.0,100.0,0.00331027,100.0,False,1598.3734333333334,2023-06-28T20:15:39.605000+00:00,29973.5,True,False,37,37,21,15,6,9,6,12,3,0,9,28,0,9,12,160000.0,5.297904000000001,160000.0,0.0,648643.0,-648643.0,Limit,GoodTillCancel,nan,,FLAT,0.0,733.3016666666666,-0.007795690026151103,FLAT,0.24324324324324326,0.2857142857142857
XBTUSD-000606,XBTUSD,XBt,LONG,2023-06-30T03:36:25.066000+00:00,30849.0,400.0,0.0129664,400.0,False,1880.7576833333333,2023-07-03T13:34:16.365000+00:00,30612.5,True,False,41,41,23,17,3,20,0,0,17,0,6,35,0,6,17,140000.0,4.555517099999999,140000.0,0.0,543259.0,-543259.0,Limit,GoodTillCancel,nan,,FLAT,0.0,4917.854983333334,-0.0076663749230121425,FLAT,0.14634146341463414,0.13043478260869565
XBTUSD-000607,XBTUSD,XBt,LONG,2023-07-03T13:47:08.721000+00:00,30682.5,5600.0,0.18251464,5600.0,False,12.8726,2023-07-06T14:24:36.240000+00:00,30149.5,True,False,40,40,16,23,8,6,2,0,23,0,5,35,0,5,11,120000.0,5.845332000000001,180000.0,0.0,810967.0,-810967.0,Limit,GoodTillCancel,nan,,FLAT,0.0,4357.45865,-0.017371465819278065,FLAT,0.125,0.5
XBTUSD-000608,XBTUSD,XBt,LONG,2023-07-06T16:59:36.460000+00:00,30287.5,20000.0,0.660338,20000.0,False,155.00366666666665,2023-07-06T21:23:55.060000+00:00,30181.0,True,False,11,11,3,7,0,0,3,0,7,0,0,11,0,0,3,60000.0,1.981014,60000.0,0.0,297673.0,-297673.0,Limit,GoodTillCancel,nan,,FLAT,0.0,264.31,-0.0035163021048286724,FLAT,0.0,0.0
XBTUSD-000609,XBTUSD,XBt,SHORT,2023-07-08T19:20:39.068000+00:00,30143.0,5900.0,0.19573368,5900.0,False,2756.7334666666666,2023-07-10T15:45:03.839000+00:00,30287.0,True,False,14,14,11,2,7,0,4,0,2,0,0,14,0,0,11,53200.0,1.7665490400000001,53200.0,0.0,264223.0,-264223.0,Limit,GoodTillCancel,nan,,FLAT,0.0,2664.41285,-0.0047772285439404705,FLAT,0.0,0.6363636363636364
XBTUSD-000610,XBTUSD,XBt,LONG,2023-07-10T15:45:18.441000+00:00,30299.5,4400.0,0.14521672,4400.0,False,0.24336666666666668,2023-07-10T21:02:29.526000+00:00,30736.5,True,False,20,20,8,11,2,2,4,11,0,0,2,18,0,1,7,110000.0,3.63040985,110000.0,0.0,475489.0,-475489.0,Limit,GoodTillCancel,nan,,FLAT,0.0,317.18475,0.014422680242248243,FLAT,0.1,0.25
XBTUSD-000611,XBTUSD,XBt,LONG,2023-07-14T22:34:46.760000+00:00,30246.0,10000.0,0.330622,10000.0,False,5852.2872333333335,2023-07-15T16:24:44.443000+00:00,30253.5,True,False,14,14,6,7,2,0,4,0,7,0,0,14,0,0,6,50000.0,1.650951,50000.0,0.0,247764.0,-247764.0,Limit,GoodTillCancel,nan,,FLAT,0.0,1069.9613833333333,0.0002479666732790875,FLAT,0.0,0.3333333333333333
XBTUSD-000612,XBTUSD,XBt,SHORT,2023-07-17T18:26:43.871000+00:00,29979.5,300.0,0.01000683,300.0,False,3001.990466666667,2023-07-18T12:01:19.824000+00:00,29894.5,True,False,18,18,9,8,4,0,5,8,0,0,3,15,0,3,6,100000.0,3.34465,100000.0,0.0,428081.0,-428081.0,Limit,GoodTillCancel,nan,,FLAT,0.0,1054.5992166666667,0.0028352707683584333,FLAT,0.16666666666666666,0.4444444444444444
XBTUSD-000613,XBTUSD,XBt,SHORT,2023-07-18T12:13:25.564000+00:00,29850.5,36000.0,1.2060108,36000.0,False,12.095666666666666,2023-07-24T11:17:54.078000+00:00,29287.0,True,False,31,31,11,19,9,2,0,11,8,0,4,27,0,0,11,200000.0,8.71647886,260000.0,0.0,1204818.0,-1204818.0,Limit,GoodTillCancel,nan,,FLAT,0.0,8584.475233333334,0.018877405738597308,FLAT,0.12903225806451613,0.8181818181818182
XBTUSD-000614,XBTUSD,XBt,SHORT,2023-07-24T14:51:04.347000+00:00,29102.0,11900.0,0.40890661,11900.0,False,213.17115,2023-07-24T19:07:34.138000+00:00,29141.5,True,False,19,19,4,14,3,0,1,0,14,0,1,18,0,1,3,120000.0,4.12989,120000.0,0.0,561781.7777777778,-561781.7777777778,Limit,GoodTillCancel,nan,,FLAT,0.0,256.49651666666665,-0.0013572950312692456,FLAT,0.05263157894736842,0.75
XBTUSD-000615,XBTUSD,XBt,LONG,2023-07-24T19:07:34.138000+00:00,29141.5,12800.0,0.43923584,12800.0,True,0.0,2023-07-24T19:45:50.762000+00:00,29104.0,True,False,20,20,7,12,2,5,0,0,12,0,0,20,0,0,7,129100.0,4.43007499,129100.0,0.0,664947.2222222222,-664947.2222222222,Limit,GoodTillCancel,nan,XBTUSD-000614,FLAT,0.0,38.27706666666666,-0.001286824631539174,FLAT,0.0,0.2857142857142857
XBTUSD-000616,XBTUSD,XBt,SHORT,2023-07-29T06:21:05.251000+00:00,29337.0,27800.0,0.94760748,27800.0,False,6395.241483333333,2023-07-29T19:45:18.121000+00:00,29326.0,True,False,17,17,8,8,3,0,5,0,8,0,0,17,0,0,8,139000.0,4.73998062,139000.0,0.0,710974.0,-710974.0,Limit,GoodTillCancel,nan,,FLAT,0.0,804.2145,0.00037495313085866844,FLAT,0.0,0.375
XBTUSD-000617,XBTUSD,XBt,SHORT,2023-07-31T16:11:05.039000+00:00,29172.5,6600.0,0.22624074,6600.0,False,2665.781966666667,2023-08-01T03:26:14.703000+00:00,28860.5,True,False,15,15,4,10,3,0,1,3,7,0,4,11,0,2,2,84600.0,2.9000450900000003,84600.0,0.0,339803.57,-339803.57,Limit,GoodTillCancel,nan,,FLAT,0.0,675.1610666666667,0.010695003856371565,FLAT,0.26666666666666666,0.75
XBTUSD-000618,XBTUSD,XBt,LONG,2023-08-01T03:26:14.703000+00:00,28860.5,15400.0,0.53360076,15400.0,True,0.0,2023-08-01T04:58:52.096000+00:00,28838.5,True,False,8,8,0,7,0,0,0,0,7,0,1,7,0,0,0,15400.0,0.53360076,15400.0,0.0,50716.43,-50716.43,Limit,GoodTillCancel,nan,XBTUSD-000617,FLAT,0.0,92.62321666666666,-0.0007622875556556608,FLAT,0.125,
XBTUSD-000619,XBTUSD,XBt,SHORT,2023-08-06T06:03:30.497000+00:00,29064.5,4800.0,0.16514976,4800.0,False,7264.640016666667,2023-08-08T23:27:20.099000+00:00,29801.0,True,False,66,66,35,30,35,0,0,0,30,0,11,55,0,11,24,340800.0,11.77084546,340800.0,0.0,1596868.0,-1596868.0,Limit,GoodTillCancel,nan,,FLAT,0.0,3923.8267,-0.025340191642725607,FLAT,0.16666666666666666,1.0
XBTUSD-000620,XBTUSD,XBt,SHORT,2023-08-09T13:42:06.361000+00:00,29908.0,29400.0,0.98301546,29400.0,False,854.7710333333333,2023-08-10T00:26:34.661000+00:00,29594.5,True,False,14,14,9,4,5,4,0,4,0,0,3,11,0,3,6,139200.0,4.66143366,139200.0,0.0,574408.0,-574408.0,Limit,GoodTillCancel,nan,,FLAT,0.0,644.4716666666667,0.010482145245419239,FLAT,0.21428571428571427,0.5555555555555556
XBTUSD-000621,XBTUSD,XBt,SHORT,2023-08-10T11:45:11.453000+00:00,29461.5,29900.0,1.01488374,29900.0,False,678.6132,2023-08-14T04:24:03.876000+00:00,29397.0,True,False,30,30,15,14,11,0,4,14,0,0,0,30,0,0,15,139200.0,4.73271648,139200.0,0.0,710451.0,-710451.0,Limit,GoodTillCancel,nan,,FLAT,0.0,5318.873716666667,0.0021892978972557486,FLAT,0.0,0.7333333333333333
XBTUSD-000622,XBTUSD,XBt,SHORT,2023-08-14T12:25:15.047000+00:00,29322.5,34300.0,1.16975005,34300.0,False,481.1861833333333,2023-08-14T14:41:27.496000+00:00,29474.0,True,False,7,7,1,5,0,0,1,0,5,0,0,7,0,0,1,34800.0,1.1868018,34800.0,0.0,177557.0,-177557.0,Limit,GoodTillCancel,nan,,FLAT,0.0,136.20748333333333,-0.005166680876460106,FLAT,0.0,0.0
XBTUSD-000623,XBTUSD,XBt,LONG,2023-08-14T14:43:23.235000+00:00,29540.0,100.0,0.00338524,100.0,False,1.9289833333333335,2023-08-15T11:22:37.126000+00:00,29355.5,True,False,18,18,11,6,9,0,2,0,6,0,0,18,0,0,11,139200.0,4.71143075,139200.0,0.0,708990.0,-708990.0,Market,ImmediateOrCancel,nan,,FLAT,0.0,1239.2315166666667,-0.00624576844955993,FLAT,0.0,0.8181818181818182
XBTUSD-000624,XBTUSD,XBt,SHORT,2023-08-15T15:41:58.695000+00:00,29305.5,23900.0,0.81554687,23900.0,False,259.35948333333334,2023-08-28T17:15:21.488000+00:00,26163.5,True,False,116,116,78,37,48,23,7,37,0,0,42,74,0,33,45,278400.0,17.03096962999999,474500.0,0.0,2055640.794642857,-2055640.794642857,Limit,GoodTillCancel,nan,,FLAT,0.0,18813.379883333335,0.10721536912866181,FLAT,0.3620689655172414,0.6153846153846154
XBTUSD-000625,XBTUSD,XBt,LONG,2023-08-28T17:15:21.488000+00:00,26163.5,63400.0,2.4232240800000002,63400.0,True,0.0,2023-08-28T17:26:20.993000+00:00,26134.5,True,False,4,4,0,3,0,0,0,0,3,0,1,3,0,0,0,63400.0,2.4232240800000002,63400.0,0.0,230405.99107142858,-230405.99107142858,Limit,GoodTillCancel,nan,XBTUSD-000624,FLAT,0.0,10.99175,-0.0011084143940987001,FLAT,0.25,
XBTUSD-000626,XBTUSD,XBt,SHORT,2023-08-28T17:26:20.993000+00:00,26134.5,11700.0,0.44768411999999996,11700.0,True,0.0,2023-10-16T13:27:13.350000+00:00,28370.0,True,False,490,490,276,213,135,136,5,98,115,0,205,285,0,146,130,779900.0,94.31005934000004,2531400.0,0.0,8891976.214285715,-8891976.214285715,Limit,GoodTillCancel,nan,XBTUSD-000625,FLAT,0.0,70320.87261666666,-0.08553827316382567,FLAT,0.41836734693877553,0.4891304347826087
XBTUSD-000627,XBTUSD,XBt,LONG,2023-10-16T13:31:52.349000+00:00,29777.0,4400.0,0.1477652,4400.0,False,4.649983333333334,2023-10-16T14:07:13.145000+00:00,27907.5,True,False,32,32,17,14,0,16,1,0,14,0,11,21,0,10,7,290000.0,10.079934159999999,290000.0,0.0,1055830.0,-1055830.0,Limit,GoodTillCancel,nan,,FLAT,0.0,35.346599999999995,-0.06278335628169396,FLAT,0.34375,0.0
XBTUSD-000628,XBTUSD,XBt,SHORT,2023-10-16T14:58:29.508000+00:00,28199.5,30000.0,1.063848,30000.0,False,51.27271666666666,2023-10-17T17:01:07.011000+00:00,28614.5,True,False,187,187,101,85,59,42,0,38,47,0,99,88,0,52,49,830000.0,38.25533408,1090000.0,0.0,4194359.728723404,-4194359.728723404,Limit,GoodTillCancel,nan,,FLAT,0.0,1562.6250499999999,-0.014716572988882737,FLAT,0.5294117647058824,0.5841584158415841
XBTUSD-000629,XBTUSD,XBt,LONG,2023-10-17T17:01:07.011000+00:00,28614.5,16100.0,0.5626515300000001,16100.0,True,0.0,2023-11-17T12:23:12.626000+00:00,36293.5,True,False,730,730,383,346,323,54,6,340,6,0,318,412,0,183,200,1051900.0,103.39494731999986,3271900.0,0.0,10250741.616276598,-10250741.616276598,Limit,GoodTillCancel,nan,XBTUSD-000628,FLAT,0.0,44362.093583333335,0.2683604466267102,FLAT,0.43561643835616437,0.8433420365535248
XBT_USDT-000001,XBT_USDT,nan,LONG,2023-10-23T20:26:14.840000+00:00,31680.0,140000.0,0.0014,44.352,False,,,,False,False,7,7,6,0,6,0,0,0,0,0,0,7,0,0,6,14380000.0,0.1438,4556.774000000001,0.0,3417578.0,-3417578.0,Limit,GoodTillCancel,nan,,,,,,FLAT,0.0,1.0
XBTUSD-000630,XBTUSD,XBt,SHORT,2023-11-17T12:23:12.626000+00:00,36293.5,13900.0,0.38298809,13899.999999999998,True,0.0,2023-11-17T12:57:40.841000+00:00,36470.0,True,False,11,11,6,4,0,0,6,0,4,0,0,11,0,0,6,53900.0,1.4851120899999999,53900.0,0.0,222222.655,-222222.655,Limit,GoodTillCancel,nan,XBTUSD-000629,FLAT,0.0,34.47025,-0.004863129761527585,FLAT,0.0,0.0
XBTUSD-000631,XBTUSD,XBt,LONG,2023-11-17T23:03:53.761000+00:00,36577.5,1800.0,0.04921056,1800.0,False,606.2153333333333,2023-11-18T13:18:51.086000+00:00,36397.0,True,False,7,7,4,2,4,0,0,0,2,0,0,7,0,0,4,40000.0,1.09350215,40000.0,0.0,164433.0,-164433.0,Limit,GoodTillCancel,nan,,FLAT,0.0,854.9554166666666,-0.0049347276331077605,FLAT,0.0,1.0
XBTUSD-000632,XBTUSD,XBt,LONG,2023-11-18T16:09:04.794000+00:00,36717.5,200.0,0.005447,200.0,False,170.22846666666666,2023-11-19T01:42:36.236000+00:00,36454.5,True,False,13,13,4,8,0,0,4,0,8,0,0,13,0,0,4,40000.0,1.0894,40000.0,0.0,163993.0,-163993.0,Limit,GoodTillCancel,nan,,FLAT,0.0,573.5240333333334,-0.007162797031388335,FLAT,0.0,0.0
XBTUSD-000633,XBTUSD,XBt,LONG,2023-11-19T06:06:32.862000+00:00,36657.0,29500.0,0.80475705,29500.0,False,263.94376666666665,2023-11-20T03:56:48.606000+00:00,37115.5,True,False,7,7,1,5,1,0,0,5,0,0,0,7,0,0,1,40000.0,1.0911802499999999,40000.0,0.0,162662.0,-162662.0,Limit,GoodTillCancel,nan,,FLAT,0.0,1310.2624,0.012507842976784866,FLAT,0.0,1.0
XBTUSD-000634,XBTUSD,XBt,LONG,2023-11-20T14:53:05.348000+00:00,37327.5,19800.0,0.53044002,19800.0,False,656.2790333333334,2023-11-21T00:36:47.776000+00:00,37483.0,True,False,6,6,2,3,0,0,2,3,0,0,0,6,0,0,2,40000.0,1.071596,40000.0,0.0,160404.0,-160404.0,Limit,GoodTillCancel,nan,,FLAT,0.0,583.7071333333333,0.004165829482285277,FLAT,0.0,0.0
XBTUSD-000635,XBTUSD,XBt,SHORT,2023-11-21T05:34:26.792000+00:00,37376.0,5000.0,0.1337755,5000.0,False,297.65026666666665,2023-11-21T17:04:25.158000+00:00,37241.5,True,False,68,68,46,21,45,1,0,21,0,0,19,49,0,13,33,238500.0,7.118152560000001,265100.0,0.0,920997.0,-920997.0,Limit,GoodTillCancel,nan,,FLAT,0.0,689.9727666666666,0.0035985659246575707,FLAT,0.27941176470588236,0.9782608695652174
XBTUSD-000636,XBTUSD,XBt,LONG,2023-11-21T17:04:49.493000+00:00,37250.0,5000.0,0.134228,5000.0,False,0.40558333333333335,2023-11-23T01:58:34.631000+00:00,37444.0,True,False,108,108,20,87,5,12,3,75,12,0,17,91,0,5,15,530000.0,16.344346559999998,590000.0,0.0,2214021.0,-2214021.0,Limit,GoodTillCancel,nan,,FLAT,0.0,1973.7523,0.005208053691275083,FLAT,0.1574074074074074,0.25
XBTUSD-000637,XBTUSD,XBt,LONG,2023-11-23T02:32:06.319000+00:00,37364.5,3400.0,0.09099556,3400.0,False,33.52813333333334,2023-11-23T11:14:48.834000+00:00,37386.5,True,False,5,5,3,1,1,0,2,0,1,0,2,3,0,2,1,10000.0,0.26688599999999996,10000.0,0.0,31136.0,-31136.0,Limit,GoodTillCancel,nan,,FLAT,0.0,522.7085833333333,0.0005887941762903193,FLAT,0.4,0.3333333333333333
XBTUSD-000638,XBTUSD,XBt,LONG,2023-11-23T11:22:20.479000+00:00,37252.0,5000.0,0.134221,5000.0,False,7.527416666666666,2023-11-23T11:23:57.397000+00:00,37222.5,True,False,2,2,0,1,0,0,0,0,1,0,1,1,0,0,0,5000.0,0.134221,5000.0,0.0,12758.5,-12758.5,Limit,GoodTillCancel,nan,,FLAT,0.0,1.6153000000000002,-0.0007919037904005055,FLAT,0.5,
XBTUSD-000639,XBTUSD,XBt,SHORT,2023-11-23T11:23:57.397000+00:00,37222.5,15000.0,0.40298249999999997,15000.0,True,0.0,2023-11-23T11:24:03.602000+00:00,37152.0,True,False,2,2,0,1,0,0,0,1,0,0,1,1,0,0,0,15000.0,0.40298249999999997,15000.0,0.0,38297.5,-38297.5,Market,ImmediateOrCancel,nan,XBTUSD-000638,FLAT,0.0,0.10341666666666667,0.0018940157163006566,FLAT,0.5,
XBTUSD-000640,XBTUSD,XBt,SHORT,2023-11-23T11:25:38.989000+00:00,37223.0,15400.0,0.41372254,15400.0,False,1.5897833333333333,2023-11-24T08:03:56.113000+00:00,37543.5,True,False,8,8,5,2,0,4,1,1,1,0,4,4,0,2,3,25000.0,0.6712765000000002,25000.0,0.0,47984.40449438202,-47984.40449438202,Limit,GoodTillCancel,nan,,FLAT,0.0,1238.2854,-0.0086102678451494,FLAT,0.5,0.0
XBTUSD-000641,XBTUSD,XBt,LONG,2023-11-24T08:03:56.113000+00:00,37543.5,7800.0,0.20775924,7800.0,True,0.0,2023-11-25T15:21:08.245000+00:00,37622.5,True,False,44,44,26,17,15,0,11,7,10,0,2,42,0,2,24,165000.0,4.3714312500000005,165000.0,0.0,612492.595505618,-612492.595505618,Market,ImmediateOrCancel,nan,XBTUSD-000640,FLAT,0.0,1877.2022,0.0021042257647794216,FLAT,0.045454545454545456,0.5769230769230769
XBTUSD-000642,XBTUSD,XBt,LONG,2023-11-26T03:31:35.727000+00:00,37737.5,200.0,0.00529976,200.0,False,730.4580333333334,2023-11-26T03:31:50.301000+00:00,37737.0,True,False,6,6,4,1,0,0,4,0,1,0,0,6,0,0,4,15000.0,0.397482,15000.0,0.0,59619.0,-59619.0,Limit,GoodTillCancel,nan,,FLAT,0.0,0.2429,-1.3249420337868578e-05,FLAT,0.0,0.0
XBTUSD-000643,XBTUSD,XBt,LONG,2023-11-27T16:00:13.774000+00:00,36666.0,15000.0,0.409098,15000.0,False,2188.3912166666664,2023-11-29T00:09:52.302000+00:00,37682.5,True,False,7,7,0,6,0,0,0,6,0,0,1,6,0,0,0,15000.0,0.409098,15000.0,0.0,38033.0,-38033.0,Limit,GoodTillCancel,nan,,FLAT,0.0,1929.6421333333335,0.027723231331478804,FLAT,0.14285714285714285,
XBTUSD-000644,XBTUSD,XBt,LONG,2023-11-29T06:42:15.924000+00:00,38088.0,10000.0,0.26255,10000.0,False,392.39369999999997,2023-11-29T09:43:44.915000+00:00,38200.5,True,False,10,10,2,7,0,0,2,7,0,0,0,10,0,0,2,25000.0,0.656375,25000.0,0.0,98307.0,-98307.0,Limit,GoodTillCancel,nan,,FLAT,0.0,181.48318333333333,0.0029536862003780584,FLAT,0.0,0.0
XBTUSD-000645,XBTUSD,XBt,SHORT,2023-11-29T11:15:27.234000+00:00,38038.5,5000.0,0.131446,5000.0,False,91.70531666666668,2023-12-01T07:01:10.973000+00:00,38244.5,True,False,130,130,79,50,71,8,0,0,50,0,14,116,0,12,67,360700.0,9.55328793,360700.0,0.0,1317303.0,-1317303.0,Limit,GoodTillCancel,nan,,FLAT,0.0,2625.7289833333334,-0.005415565808325695,FLAT,0.1076923076923077,0.8987341772151899
XBTUSD-000646,XBTUSD,XBt,SHORT,2023-12-01T10:05:56.770000+00:00,38945.5,35000.0,0.8986915,35000.0,False,184.76328333333333,2023-12-01T16:46:56.129000+00:00,38755.0,True,False,68,68,49,18,48,1,0,0,18,0,7,61,0,7,42,245000.0,6.354011500000001,245000.0,0.0,922441.0,-922441.0,Limit,GoodTillCancel,nan,,FLAT,0.0,400.9893166666667,0.004891450873656722,FLAT,0.10294117647058823,0.9795918367346939
XBTUSD-000647,XBTUSD,XBt,SHORT,2023-12-02T16:43:30.082000+00:00,38775.5,15000.0,0.3868425,15000.0,False,1436.5658833333332,2023-12-11T20:07:29.547000+00:00,40616.0,True,False,281,281,181,99,0,181,0,19,80,0,104,177,0,75,106,641000.0,27.989592119999998,1187000.0,0.0,3075766.0,-3075766.0,Limit,GoodTillCancel,nan,,FLAT,0.0,13163.991083333332,-0.047465538806720664,FLAT,0.3701067615658363,0.0
XBTUSD-000648,XBTUSD,XBt,LONG,2023-12-11T20:07:29.547000+00:00,40616.0,2000.0,0.0492416,2000.0,True,0.0,2023-12-12T00:24:58.730000+00:00,41666.0,True,False,2,2,0,1,0,0,0,1,0,0,1,1,0,0,0,2000.0,0.0492416,2000.0,0.0,4653.0,-4653.0,Limit,GoodTillCancel,nan,XBTUSD-000647,FLAT,0.0,257.4863833333333,0.02585188103210556,FLAT,0.5,
XBTUSD-000649,XBTUSD,XBt,SHORT,2023-12-12T00:24:58.730000+00:00,41666.0,18000.0,0.4320072,18000.0,True,0.0,2023-12-12T18:15:09.633000+00:00,41150.5,True,False,5,5,1,3,1,0,0,3,0,0,1,4,0,0,1,28000.0,0.6721952,28000.0,0.0,77823.0,-77823.0,Limit,GoodTillCancel,nan,XBTUSD-000648,FLAT,0.0,1070.1817166666667,0.012372197955167308,FLAT,0.2,1.0
XBTUSD-000650,XBTUSD,XBt,LONG,2023-12-13T13:20:19.196000+00:00,41297.0,500.0,0.0121074,500.0,False,1145.1593833333332,2023-12-13T19:01:38.192000+00:00,42333.0,True,False,9,9,7,1,0,0,7,1,0,0,1,8,0,0,7,20000.0,0.48429600000000006,20000.0,0.0,45767.0,-45767.0,Limit,GoodTillCancel,nan,,FLAT,0.0,341.3166,0.025086568031576162,FLAT,0.1111111111111111,0.0
XBTUSD-000651,XBTUSD,XBt,SHORT,2023-12-13T19:36:50.783000+00:00,42666.0,30000.0,0.703137,30000.0,False,35.209849999999996,,,False,False,474,474,260,213,119,141,0,76,137,0,155,319,0,99,161,1070500.0,58.387810930000036,2512900.0,0.0,5970605.0,-5970605.0,Limit,GoodTillCancel,nan,,FLAT,0.0,,,FLAT,0.3270042194092827,0.4576923076923077
