policy_id,event_filter,sweep_threshold_atr,peer_max_atr,smt_gap_atr,confirm_mode,confirm_count,stop_buffer_atr,target_mode,start,end,calendar_days,cost_bps,risk_fraction,initial_nav,final_nav,total_return,geometric_daily_growth,maximum_drawdown,trades,wins,losses,win_rate,profit_factor,median_trade_return,mean_trade_return,return_without_top_10pct_winners,top_five_positive_return_share,h1_return,h2_return,median_required_leverage,p95_required_leverage,max_required_leverage,median_hold_hours,p95_hold_hours,funding_events,terminal_exits,bankrupt,fit_gate_pass
951df185862595e1,ALL,0.3,0.1,0.25,MIDPOINT,2,0.05,OPPOSITE_LIQUIDITY,2022-01-01T00:00:00+00:00,2022-12-31T23:59:59+00:00,365,18,0.01,10000.0,10370.043282666205,0.03700432826662059,9.955592268640068e-05,0.029282887452484307,12,6,6,0.5,1.627203867819888,-0.002512222001058579,0.003137631876503585,-0.020333447810162664,0.9517849709835284,-0.0026399228295753696,0.039749185879456084,1.032239607297863,1.579718864962462,1.619759593174686,2.4166666666666665,20.674999999999983,5,0,False,False
be87c565e01e9562,ALL,0.3,0.0,0.1,MIDPOINT,2,0.05,OPPOSITE_LIQUIDITY,2022-01-01T00:00:00+00:00,2022-12-31T23:59:59+00:00,365,18,0.01,10000.0,10370.043282666205,0.03700432826662059,9.955592268640068e-05,0.029282887452484307,12,6,6,0.5,1.627203867819888,-0.002512222001058579,0.003137631876503585,-0.020333447810162664,0.9517849709835284,-0.0026399228295753696,0.039749185879456084,1.032239607297863,1.579718864962462,1.619759593174686,2.4166666666666665,20.674999999999983,5,0,False,False
d60ed6332cbecc16,ALL,0.3,0.1,0.1,MIDPOINT,2,0.05,OPPOSITE_LIQUIDITY,2022-01-01T00:00:00+00:00,2022-12-31T23:59:59+00:00,365,18,0.01,10000.0,10370.043282666205,0.03700432826662059,9.955592268640068e-05,0.029282887452484307,12,6,6,0.5,1.627203867819888,-0.002512222001058579,0.003137631876503585,-0.020333447810162664,0.9517849709835284,-0.0026399228295753696,0.039749185879456084,1.032239607297863,1.579718864962462,1.619759593174686,2.4166666666666665,20.674999999999983,5,0,False,False
fd90152d286045df,ALL,0.3,0.0,0.25,MIDPOINT,2,0.05,OPPOSITE_LIQUIDITY,2022-01-01T00:00:00+00:00,2022-12-31T23:59:59+00:00,365,18,0.01,10000.0,10370.043282666205,0.03700432826662059,9.955592268640068e-05,0.029282887452484307,12,6,6,0.5,1.627203867819888,-0.002512222001058579,0.003137631876503585,-0.020333447810162664,0.9517849709835284,-0.0026399228295753696,0.039749185879456084,1.032239607297863,1.579718864962462,1.619759593174686,2.4166666666666665,20.674999999999983,5,0,False,False
90beedb90ae6f785,ALL,0.3,0.1,0.1,MIDPOINT,2,0.15,OPPOSITE_LIQUIDITY,2022-01-01T00:00:00+00:00,2022-12-31T23:59:59+00:00,365,18,0.01,10000.0,10347.415158592134,0.03474151585921326,9.35705483962046e-05,0.029297026528286696,12,6,6,0.5,1.5887916371112398,-0.002580300505964801,0.0029524013044554816,-0.021608873070773416,0.9519551356718092,-0.0036131118783813143,0.03849370981778022,1.0090000899789642,1.524137045237464,1.5455555549033309,2.4166666666666665,20.674999999999983,5,0,False,False
c2a91c5f5ec99f58,ALL,0.3,0.0,0.1,MIDPOINT,2,0.15,OPPOSITE_LIQUIDITY,2022-01-01T00:00:00+00:00,2022-12-31T23:59:59+00:00,365,18,0.01,10000.0,10347.415158592134,0.03474151585921326,9.35705483962046e-05,0.029297026528286696,12,6,6,0.5,1.5887916371112398,-0.002580300505964801,0.0029524013044554816,-0.021608873070773416,0.9519551356718092,-0.0036131118783813143,0.03849370981778022,1.0090000899789642,1.524137045237464,1.5455555549033309,2.4166666666666665,20.674999999999983,5,0,False,False
dcc0acdb14d24f51,ALL,0.3,0.0,0.25,MIDPOINT,2,0.15,OPPOSITE_LIQUIDITY,2022-01-01T00:00:00+00:00,2022-12-31T23:59:59+00:00,365,18,0.01,10000.0,10347.415158592134,0.03474151585921326,9.35705483962046e-05,0.029297026528286696,12,6,6,0.5,1.5887916371112398,-0.002580300505964801,0.0029524013044554816,-0.021608873070773416,0.9519551356718092,-0.0036131118783813143,0.03849370981778022,1.0090000899789642,1.524137045237464,1.5455555549033309,2.4166666666666665,20.674999999999983,5,0,False,False
e90213dde5ef26bf,ALL,0.3,0.1,0.25,MIDPOINT,2,0.15,OPPOSITE_LIQUIDITY,2022-01-01T00:00:00+00:00,2022-12-31T23:59:59+00:00,365,18,0.01,10000.0,10347.415158592134,0.03474151585921326,9.35705483962046e-05,0.029297026528286696,12,6,6,0.5,1.5887916371112398,-0.002580300505964801,0.0029524013044554816,-0.021608873070773416,0.9519551356718092,-0.0036131118783813143,0.03849370981778022,1.0090000899789642,1.524137045237464,1.5455555549033309,2.4166666666666665,20.674999999999983,5,0,False,False
3f9ef84d566c1138,ALL,0.15,0.1,0.25,MIDPOINT,2,0.05,OPPOSITE_LIQUIDITY,2022-01-01T00:00:00+00:00,2022-12-31T23:59:59+00:00,365,18,0.01,10000.0,10267.145065177305,0.026714506517730552,7.223248395327175e-05,0.03891496495153113,13,6,7,0.46153846153846156,1.389084804753524,-0.009676048081364939,0.002132995495152932,-0.03005432738665681,0.9517849709835283,-0.012536368903910411,0.03974918587945586,1.0305993706750496,1.5760787987613507,1.619759593174686,2.6666666666666665,19.4333333333333,5,0,False,False
7adc006180ff30a1,ALL,0.05,0.0,0.25,MIDPOINT,2,0.05,OPPOSITE_LIQUIDITY,2022-01-01T00:00:00+00:00,2022-12-31T23:59:59+00:00,365,18,0.01,10000.0,10267.145065177305,0.026714506517730552,7.223248395327175e-05,0.03891496495153113,13,6,7,0.46153846153846156,1.389084804753524,-0.009676048081364939,0.002132995495152932,-0.03005432738665681,0.9517849709835283,-0.012536368903910411,0.03974918587945586,1.0305993706750496,1.5760787987613507,1.619759593174686,2.6666666666666665,19.4333333333333,5,0,False,False
8fe70c345b753f86,ALL,0.05,0.1,0.25,MIDPOINT,2,0.05,OPPOSITE_LIQUIDITY,2022-01-01T00:00:00+00:00,2022-12-31T23:59:59+00:00,365,18,0.01,10000.0,10267.145065177305,0.026714506517730552,7.223248395327175e-05,0.03891496495153113,13,6,7,0.46153846153846156,1.389084804753524,-0.009676048081364939,0.002132995495152932,-0.03005432738665681,0.9517849709835283,-0.012536368903910411,0.03974918587945586,1.0305993706750496,1.5760787987613507,1.619759593174686,2.6666666666666665,19.4333333333333,5,0,False,False
ca686b06bfe75c86,ALL,0.15,0.0,0.25,MIDPOINT,2,0.05,OPPOSITE_LIQUIDITY,2022-01-01T00:00:00+00:00,2022-12-31T23:59:59+00:00,365,18,0.01,10000.0,10267.145065177305,0.026714506517730552,7.223248395327175e-05,0.03891496495153113,13,6,7,0.46153846153846156,1.389084804753524,-0.009676048081364939,0.002132995495152932,-0.03005432738665681,0.9517849709835283,-0.012536368903910411,0.03974918587945586,1.0305993706750496,1.5760787987613507,1.619759593174686,2.6666666666666665,19.4333333333333,5,0,False,False
2e5a4617288f3fa1,ALL,0.05,0.1,0.25,MIDPOINT,2,0.15,OPPOSITE_LIQUIDITY,2022-01-01T00:00:00+00:00,2022-12-31T23:59:59+00:00,365,18,0.01,10000.0,10244.7067606575,0.02447067606575004,6.623798982663409e-05,0.038932220028073616,13,6,7,0.46153846153846156,1.3563848493608457,-0.009690888889019166,0.001961755384274583,-0.031320379148397026,0.9519551356718092,-0.013503243803461018,0.03849370981778022,1.004596164700433,1.5221899079951127,1.5455555549033309,2.6666666666666665,19.4333333333333,5,0,False,False
78cf2fbef692e634,ALL,0.15,0.1,0.25,MIDPOINT,2,0.15,OPPOSITE_LIQUIDITY,2022-01-01T00:00:00+00:00,2022-12-31T23:59:59+00:00,365,18,0.01,10000.0,10244.7067606575,0.02447067606575004,6.623798982663409e-05,0.038932220028073616,13,6,7,0.46153846153846156,1.3563848493608457,-0.009690888889019166,0.001961755384274583,-0.031320379148397026,0.9519551356718092,-0.013503243803461018,0.03849370981778022,1.004596164700433,1.5221899079951127,1.5455555549033309,2.6666666666666665,19.4333333333333,5,0,False,False
924c1f9374c7af18,ALL,0.15,0.0,0.25,MIDPOINT,2,0.15,OPPOSITE_LIQUIDITY,2022-01-01T00:00:00+00:00,2022-12-31T23:59:59+00:00,365,18,0.01,10000.0,10244.7067606575,0.02447067606575004,6.623798982663409e-05,0.038932220028073616,13,6,7,0.46153846153846156,1.3563848493608457,-0.009690888889019166,0.001961755384274583,-0.031320379148397026,0.9519551356718092,-0.013503243803461018,0.03849370981778022,1.004596164700433,1.5221899079951127,1.5455555549033309,2.6666666666666665,19.4333333333333,5,0,False,False
d5cadf7564042d44,ALL,0.05,0.0,0.25,MIDPOINT,2,0.15,OPPOSITE_LIQUIDITY,2022-01-01T00:00:00+00:00,2022-12-31T23:59:59+00:00,365,18,0.01,10000.0,10244.7067606575,0.02447067606575004,6.623798982663409e-05,0.038932220028073616,13,6,7,0.46153846153846156,1.3563848493608457,-0.009690888889019166,0.001961755384274583,-0.031320379148397026,0.9519551356718092,-0.013503243803461018,0.03849370981778022,1.004596164700433,1.5221899079951127,1.5455555549033309,2.6666666666666665,19.4333333333333,5,0,False,False
251189f17c825e5e,ALL,0.05,0.0,0.1,MIDPOINT,2,0.05,PRE_RANGE_MID,2022-01-01T00:00:00+00:00,2022-12-31T23:59:59+00:00,365,18,0.01,10000.0,10105.358139983815,0.010535813998381549,2.871465634646242e-05,0.01937451240598309,8,5,3,0.625,1.3609559702479532,0.004018040401802258,0.001351454441783213,-0.0007165476120771785,1.0,-0.00318738895418047,0.013767084004047803,1.032239607297863,1.5611591906385465,1.619759593174686,2.375,19.187499999999986,3,0,False,False
355d5fde8df2c337,ALL,0.05,0.1,0.25,MIDPOINT,2,0.05,PRE_RANGE_MID,2022-01-01T00:00:00+00:00,2022-12-31T23:59:59+00:00,365,18,0.01,10000.0,10105.358139983815,0.010535813998381549,2.871465634646242e-05,0.01937451240598309,8,5,3,0.625,1.3609559702479532,0.004018040401802258,0.001351454441783213,-0.0007165476120771785,1.0,-0.00318738895418047,0.013767084004047803,1.032239607297863,1.5611591906385465,1.619759593174686,2.375,19.187499999999986,3,0,False,False
95a586ccd7031d2b,ALL,0.15,0.0,0.25,MIDPOINT,2,0.05,PRE_RANGE_MID,2022-01-01T00:00:00+00:00,2022-12-31T23:59:59+00:00,365,18,0.01,10000.0,10105.358139983815,0.010535813998381549,2.871465634646242e-05,0.01937451240598309,8,5,3,0.625,1.3609559702479532,0.004018040401802258,0.001351454441783213,-0.0007165476120771785,1.0,-0.00318738895418047,0.013767084004047803,1.032239607297863,1.5611591906385465,1.619759593174686,2.375,19.187499999999986,3,0,False,False
a9c577c26d02dc02,ALL,0.15,0.0,0.1,MIDPOINT,2,0.05,PRE_RANGE_MID,2022-01-01T00:00:00+00:00,2022-12-31T23:59:59+00:00,365,18,0.01,10000.0,10105.358139983815,0.010535813998381549,2.871465634646242e-05,0.01937451240598309,8,5,3,0.625,1.3609559702479532,0.004018040401802258,0.001351454441783213,-0.0007165476120771785,1.0,-0.00318738895418047,0.013767084004047803,1.032239607297863,1.5611591906385465,1.619759593174686,2.375,19.187499999999986,3,0,False,False
ab4e4100a9b01dca,ALL,0.05,0.0,0.25,MIDPOINT,2,0.05,PRE_RANGE_MID,2022-01-01T00:00:00+00:00,2022-12-31T23:59:59+00:00,365,18,0.01,10000.0,10105.358139983815,0.010535813998381549,2.871465634646242e-05,0.01937451240598309,8,5,3,0.625,1.3609559702479532,0.004018040401802258,0.001351454441783213,-0.0007165476120771785,1.0,-0.00318738895418047,0.013767084004047803,1.032239607297863,1.5611591906385465,1.619759593174686,2.375,19.187499999999986,3,0,False,False
bb41f5ec17901ad2,ALL,0.15,0.1,0.25,MIDPOINT,2,0.05,PRE_RANGE_MID,2022-01-01T00:00:00+00:00,2022-12-31T23:59:59+00:00,365,18,0.01,10000.0,10105.358139983815,0.010535813998381549,2.871465634646242e-05,0.01937451240598309,8,5,3,0.625,1.3609559702479532,0.004018040401802258,0.001351454441783213,-0.0007165476120771785,1.0,-0.00318738895418047,0.013767084004047803,1.032239607297863,1.5611591906385465,1.619759593174686,2.375,19.187499999999986,3,0,False,False
c388c3372bb826b0,ALL,0.05,0.1,0.1,MIDPOINT,2,0.05,PRE_RANGE_MID,2022-01-01T00:00:00+00:00,2022-12-31T23:59:59+00:00,365,18,0.01,10000.0,10105.358139983815,0.010535813998381549,2.871465634646242e-05,0.01937451240598309,8,5,3,0.625,1.3609559702479532,0.004018040401802258,0.001351454441783213,-0.0007165476120771785,1.0,-0.00318738895418047,0.013767084004047803,1.032239607297863,1.5611591906385465,1.619759593174686,2.375,19.187499999999986,3,0,False,False
f05b359491e0fce7,ALL,0.15,0.1,0.1,MIDPOINT,2,0.05,PRE_RANGE_MID,2022-01-01T00:00:00+00:00,2022-12-31T23:59:59+00:00,365,18,0.01,10000.0,10105.358139983815,0.010535813998381549,2.871465634646242e-05,0.01937451240598309,8,5,3,0.625,1.3609559702479532,0.004018040401802258,0.001351454441783213,-0.0007165476120771785,1.0,-0.00318738895418047,0.013767084004047803,1.032239607297863,1.5611591906385465,1.619759593174686,2.375,19.187499999999986,3,0,False,False
33868f2c2959a6ed,ALL,0.05,0.0,0.25,MIDPOINT,2,0.15,PRE_RANGE_MID,2022-01-01T00:00:00+00:00,2022-12-31T23:59:59+00:00,365,18,0.01,10000.0,10094.549680609252,0.009454968060925273,2.5782660077355857e-05,0.01939500785315107,8,5,3,0.625,1.3236590539243764,0.0038849463385273904,0.001216589561357718,-0.0016216013826225728,1.0,-0.0039609929302245606,0.013469312844100134,1.0090000899789642,1.493356218719628,1.5455555549033309,2.375,19.187499999999986,3,0,False,False
77e10dda3a4bb9da,ALL,0.05,0.0,0.1,MIDPOINT,2,0.15,PRE_RANGE_MID,2022-01-01T00:00:00+00:00,2022-12-31T23:59:59+00:00,365,18,0.01,10000.0,10094.549680609252,0.009454968060925273,2.5782660077355857e-05,0.01939500785315107,8,5,3,0.625,1.3236590539243764,0.0038849463385273904,0.001216589561357718,-0.0016216013826225728,1.0,-0.0039609929302245606,0.013469312844100134,1.0090000899789642,1.493356218719628,1.5455555549033309,2.375,19.187499999999986,3,0,False,False
7836fc34ac1b08a4,ALL,0.05,0.1,0.25,MIDPOINT,2,0.15,PRE_RANGE_MID,2022-01-01T00:00:00+00:00,2022-12-31T23:59:59+00:00,365,18,0.01,10000.0,10094.549680609252,0.009454968060925273,2.5782660077355857e-05,0.01939500785315107,8,5,3,0.625,1.3236590539243764,0.0038849463385273904,0.001216589561357718,-0.0016216013826225728,1.0,-0.0039609929302245606,0.013469312844100134,1.0090000899789642,1.493356218719628,1.5455555549033309,2.375,19.187499999999986,3,0,False,False
97752788ded07d71,ALL,0.05,0.1,0.1,MIDPOINT,2,0.15,PRE_RANGE_MID,2022-01-01T00:00:00+00:00,2022-12-31T23:59:59+00:00,365,18,0.01,10000.0,10094.549680609252,0.009454968060925273,2.5782660077355857e-05,0.01939500785315107,8,5,3,0.625,1.3236590539243764,0.0038849463385273904,0.001216589561357718,-0.0016216013826225728,1.0,-0.0039609929302245606,0.013469312844100134,1.0090000899789642,1.493356218719628,1.5455555549033309,2.375,19.187499999999986,3,0,False,False
c03735f0743561cb,ALL,0.15,0.0,0.25,MIDPOINT,2,0.15,PRE_RANGE_MID,2022-01-01T00:00:00+00:00,2022-12-31T23:59:59+00:00,365,18,0.01,10000.0,10094.549680609252,0.009454968060925273,2.5782660077355857e-05,0.01939500785315107,8,5,3,0.625,1.3236590539243764,0.0038849463385273904,0.001216589561357718,-0.0016216013826225728,1.0,-0.0039609929302245606,0.013469312844100134,1.0090000899789642,1.493356218719628,1.5455555549033309,2.375,19.187499999999986,3,0,False,False
c6bcb6ccd4859bcd,ALL,0.15,0.1,0.1,MIDPOINT,2,0.15,PRE_RANGE_MID,2022-01-01T00:00:00+00:00,2022-12-31T23:59:59+00:00,365,18,0.01,10000.0,10094.549680609252,0.009454968060925273,2.5782660077355857e-05,0.01939500785315107,8,5,3,0.625,1.3236590539243764,0.0038849463385273904,0.001216589561357718,-0.0016216013826225728,1.0,-0.0039609929302245606,0.013469312844100134,1.0090000899789642,1.493356218719628,1.5455555549033309,2.375,19.187499999999986,3,0,False,False
c972168df85820be,ALL,0.15,0.1,0.25,MIDPOINT,2,0.15,PRE_RANGE_MID,2022-01-01T00:00:00+00:00,2022-12-31T23:59:59+00:00,365,18,0.01,10000.0,10094.549680609252,0.009454968060925273,2.5782660077355857e-05,0.01939500785315107,8,5,3,0.625,1.3236590539243764,0.0038849463385273904,0.001216589561357718,-0.0016216013826225728,1.0,-0.0039609929302245606,0.013469312844100134,1.0090000899789642,1.493356218719628,1.5455555549033309,2.375,19.187499999999986,3,0,False,False
d561a10f9a06d6e1,ALL,0.15,0.0,0.1,MIDPOINT,2,0.15,PRE_RANGE_MID,2022-01-01T00:00:00+00:00,2022-12-31T23:59:59+00:00,365,18,0.01,10000.0,10094.549680609252,0.009454968060925273,2.5782660077355857e-05,0.01939500785315107,8,5,3,0.625,1.3236590539243764,0.0038849463385273904,0.001216589561357718,-0.0016216013826225728,1.0,-0.0039609929302245606,0.013469312844100134,1.0090000899789642,1.493356218719628,1.5455555549033309,2.375,19.187499999999986,3,0,False,False
00dafb7f271a5650,ALL,0.3,0.0,0.1,MIDPOINT,2,0.05,PRE_RANGE_MID,2022-01-01T00:00:00+00:00,2022-12-31T23:59:59+00:00,365,18,0.01,10000.0,10004.205186379708,0.0004205186379708792,1.1518643476815527e-06,0.01937451240598309,7,4,3,0.5714285714285714,1.0144555798788542,0.0030635149218517428,0.0001000845794410034,-0.01071920870498777,1.0000000000000002,-0.013165317336367166,0.01376708400404758,1.0338798439206764,1.5695306767151378,1.619759593174686,3.0,20.374999999999982,3,0,False,False
7bb5e6ad99c7fe2a,ALL,0.3,0.0,0.25,MIDPOINT,2,0.05,PRE_RANGE_MID,2022-01-01T00:00:00+00:00,2022-12-31T23:59:59+00:00,365,18,0.01,10000.0,10004.205186379708,0.0004205186379708792,1.1518643476815527e-06,0.01937451240598309,7,4,3,0.5714285714285714,1.0144555798788542,0.0030635149218517428,0.0001000845794410034,-0.01071920870498777,1.0000000000000002,-0.013165317336367166,0.01376708400404758,1.0338798439206764,1.5695306767151378,1.619759593174686,3.0,20.374999999999982,3,0,False,False
8eb5fa9e73904a6a,ALL,0.3,0.1,0.25,MIDPOINT,2,0.05,PRE_RANGE_MID,2022-01-01T00:00:00+00:00,2022-12-31T23:59:59+00:00,365,18,0.01,10000.0,10004.205186379708,0.0004205186379708792,1.1518643476815527e-06,0.01937451240598309,7,4,3,0.5714285714285714,1.0144555798788542,0.0030635149218517428,0.0001000845794410034,-0.01071920870498777,1.0000000000000002,-0.013165317336367166,0.01376708400404758,1.0338798439206764,1.5695306767151378,1.619759593174686,3.0,20.374999999999982,3,0,False,False
c0f4e2e190347516,ALL,0.3,0.1,0.1,MIDPOINT,2,0.05,PRE_RANGE_MID,2022-01-01T00:00:00+00:00,2022-12-31T23:59:59+00:00,365,18,0.01,10000.0,10004.205186379708,0.0004205186379708792,1.1518643476815527e-06,0.01937451240598309,7,4,3,0.5714285714285714,1.0144555798788542,0.0030635149218517428,0.0001000845794410034,-0.01071920870498777,1.0000000000000002,-0.013165317336367166,0.01376708400404758,1.0338798439206764,1.5695306767151378,1.619759593174686,3.0,20.374999999999982,3,0,False,False
56982a4ac8f0bac5,ALL,0.3,0.1,0.25,MIDPOINT,2,0.15,PRE_RANGE_MID,2022-01-01T00:00:00+00:00,2022-12-31T23:59:59+00:00,365,18,0.01,10000.0,9997.844626740152,-0.0002155373259847826,-5.905766954361624e-07,0.01939500785315107,7,4,3,0.5714285714285714,0.992597972529867,0.0029455683798136198,8.589471389522225e-06,-0.011185994037551827,1.0,-0.013502974383783894,0.013469312844100134,1.0134040152574955,1.5008132667458713,1.5455555549033309,3.0,20.374999999999982,3,0,False,False
7cfdb44a270c5800,ALL,0.3,0.0,0.25,MIDPOINT,2,0.15,PRE_RANGE_MID,2022-01-01T00:00:00+00:00,2022-12-31T23:59:59+00:00,365,18,0.01,10000.0,9997.844626740152,-0.0002155373259847826,-5.905766954361624e-07,0.01939500785315107,7,4,3,0.5714285714285714,0.992597972529867,0.0029455683798136198,8.589471389522225e-06,-0.011185994037551827,1.0,-0.013502974383783894,0.013469312844100134,1.0134040152574955,1.5008132667458713,1.5455555549033309,3.0,20.374999999999982,3,0,False,False
b119650b715a7f4b,ALL,0.3,0.1,0.1,MIDPOINT,2,0.15,PRE_RANGE_MID,2022-01-01T00:00:00+00:00,2022-12-31T23:59:59+00:00,365,18,0.01,10000.0,9997.844626740152,-0.0002155373259847826,-5.905766954361624e-07,0.01939500785315107,7,4,3,0.5714285714285714,0.992597972529867,0.0029455683798136198,8.589471389522225e-06,-0.011185994037551827,1.0,-0.013502974383783894,0.013469312844100134,1.0134040152574955,1.5008132667458713,1.5455555549033309,3.0,20.374999999999982,3,0,False,False
fce7058387f770d5,ALL,0.3,0.0,0.1,MIDPOINT,2,0.15,PRE_RANGE_MID,2022-01-01T00:00:00+00:00,2022-12-31T23:59:59+00:00,365,18,0.01,10000.0,9997.844626740152,-0.0002155373259847826,-5.905766954361624e-07,0.01939500785315107,7,4,3,0.5714285714285714,0.992597972529867,0.0029455683798136198,8.589471389522225e-06,-0.011185994037551827,1.0,-0.013502974383783894,0.013469312844100134,1.0134040152574955,1.5008132667458713,1.5455555549033309,3.0,20.374999999999982,3,0,False,False
07152725038eddbc,ALL,0.15,0.0,0.25,MICRO_BOS,2,0.05,PRE_RANGE_MID,2022-01-01T00:00:00+00:00,2022-12-31T23:59:59+00:00,365,18,0.01,10000.0,9971.114708858857,-0.002888529114114302,-7.925198637570574e-06,0.009798703223893646,2,1,1,0.5,0.7052131238069598,-0.001410074162867783,-0.001410074162867783,-0.009798703223893646,1.0,-0.002888529114114302,0.0,0.6657384675497173,0.9724093392334118,1.0064838805316,2.2916666666666665,2.8541666666666665,0,0,False,False
2f19070d4ddb2485,ALL,0.05,0.1,0.25,MICRO_BOS,2,0.05,PRE_RANGE_MID,2022-01-01T00:00:00+00:00,2022-12-31T23:59:59+00:00,365,18,0.01,10000.0,9971.114708858857,-0.002888529114114302,-7.925198637570574e-06,0.009798703223893646,2,1,1,0.5,0.7052131238069598,-0.001410074162867783,-0.001410074162867783,-0.009798703223893646,1.0,-0.002888529114114302,0.0,0.6657384675497173,0.9724093392334118,1.0064838805316,2.2916666666666665,2.8541666666666665,0,0,False,False
61dabf92d2b7c681,ALL,0.15,0.1,0.25,MICRO_BOS,2,0.05,PRE_RANGE_MID,2022-01-01T00:00:00+00:00,2022-12-31T23:59:59+00:00,365,18,0.01,10000.0,9971.114708858857,-0.002888529114114302,-7.925198637570574e-06,0.009798703223893646,2,1,1,0.5,0.7052131238069598,-0.001410074162867783,-0.001410074162867783,-0.009798703223893646,1.0,-0.002888529114114302,0.0,0.6657384675497173,0.9724093392334118,1.0064838805316,2.2916666666666665,2.8541666666666665,0,0,False,False
63432435aaa2dab2,ALL,0.05,0.0,0.1,MICRO_BOS,2,0.05,PRE_RANGE_MID,2022-01-01T00:00:00+00:00,2022-12-31T23:59:59+00:00,365,18,0.01,10000.0,9971.114708858857,-0.002888529114114302,-7.925198637570574e-06,0.009798703223893646,2,1,1,0.5,0.7052131238069598,-0.001410074162867783,-0.001410074162867783,-0.009798703223893646,1.0,-0.002888529114114302,0.0,0.6657384675497173,0.9724093392334118,1.0064838805316,2.2916666666666665,2.8541666666666665,0,0,False,False
6ff261b0fbab1a7b,ALL,0.05,0.0,0.25,MICRO_BOS,2,0.05,PRE_RANGE_MID,2022-01-01T00:00:00+00:00,2022-12-31T23:59:59+00:00,365,18,0.01,10000.0,9971.114708858857,-0.002888529114114302,-7.925198637570574e-06,0.009798703223893646,2,1,1,0.5,0.7052131238069598,-0.001410074162867783,-0.001410074162867783,-0.009798703223893646,1.0,-0.002888529114114302,0.0,0.6657384675497173,0.9724093392334118,1.0064838805316,2.2916666666666665,2.8541666666666665,0,0,False,False
9abc8318cf4148ce,ALL,0.05,0.1,0.1,MICRO_BOS,2,0.05,PRE_RANGE_MID,2022-01-01T00:00:00+00:00,2022-12-31T23:59:59+00:00,365,18,0.01,10000.0,9971.114708858857,-0.002888529114114302,-7.925198637570574e-06,0.009798703223893646,2,1,1,0.5,0.7052131238069598,-0.001410074162867783,-0.001410074162867783,-0.009798703223893646,1.0,-0.002888529114114302,0.0,0.6657384675497173,0.9724093392334118,1.0064838805316,2.2916666666666665,2.8541666666666665,0,0,False,False
b69939fa345f590f,ALL,0.15,0.1,0.1,MICRO_BOS,2,0.05,PRE_RANGE_MID,2022-01-01T00:00:00+00:00,2022-12-31T23:59:59+00:00,365,18,0.01,10000.0,9971.114708858857,-0.002888529114114302,-7.925198637570574e-06,0.009798703223893646,2,1,1,0.5,0.7052131238069598,-0.001410074162867783,-0.001410074162867783,-0.009798703223893646,1.0,-0.002888529114114302,0.0,0.6657384675497173,0.9724093392334118,1.0064838805316,2.2916666666666665,2.8541666666666665,0,0,False,False
d8697d973d815749,ALL,0.15,0.0,0.1,MICRO_BOS,2,0.05,PRE_RANGE_MID,2022-01-01T00:00:00+00:00,2022-12-31T23:59:59+00:00,365,18,0.01,10000.0,9971.114708858857,-0.002888529114114302,-7.925198637570574e-06,0.009798703223893646,2,1,1,0.5,0.7052131238069598,-0.001410074162867783,-0.001410074162867783,-0.009798703223893646,1.0,-0.002888529114114302,0.0,0.6657384675497173,0.9724093392334118,1.0064838805316,2.2916666666666665,2.8541666666666665,0,0,False,False
2d6b65e0c3c6d4d8,ALL,0.05,0.1,0.25,MICRO_BOS,2,0.15,PRE_RANGE_MID,2022-01-01T00:00:00+00:00,2022-12-31T23:59:59+00:00,365,18,0.01,10000.0,9968.51174846159,-0.0031488251538410728,-8.640491808709072e-06,0.00980425926622297,2,1,1,0.5,0.6788308970276629,-0.0015414637371695553,-0.0015414637371695553,-0.00980425926622297,1.0,-0.0031488251538410728,0.0,0.6458588893907108,0.9454191909358319,0.9787036688852899,2.2916666666666665,2.8541666666666665,0,0,False,False
918e41b06b2262a3,ALL,0.05,0.0,0.1,MICRO_BOS,2,0.15,PRE_RANGE_MID,2022-01-01T00:00:00+00:00,2022-12-31T23:59:59+00:00,365,18,0.01,10000.0,9968.51174846159,-0.0031488251538410728,-8.640491808709072e-06,0.00980425926622297,2,1,1,0.5,0.6788308970276629,-0.0015414637371695553,-0.0015414637371695553,-0.00980425926622297,1.0,-0.0031488251538410728,0.0,0.6458588893907108,0.9454191909358319,0.9787036688852899,2.2916666666666665,2.8541666666666665,0,0,False,False
990fd4afef4303f6,ALL,0.15,0.1,0.25,MICRO_BOS,2,0.15,PRE_RANGE_MID,2022-01-01T00:00:00+00:00,2022-12-31T23:59:59+00:00,365,18,0.01,10000.0,9968.51174846159,-0.0031488251538410728,-8.640491808709072e-06,0.00980425926622297,2,1,1,0.5,0.6788308970276629,-0.0015414637371695553,-0.0015414637371695553,-0.00980425926622297,1.0,-0.0031488251538410728,0.0,0.6458588893907108,0.9454191909358319,0.9787036688852899,2.2916666666666665,2.8541666666666665,0,0,False,False
996e9fbe6550c337,ALL,0.05,0.0,0.25,MICRO_BOS,2,0.15,PRE_RANGE_MID,2022-01-01T00:00:00+00:00,2022-12-31T23:59:59+00:00,365,18,0.01,10000.0,9968.51174846159,-0.0031488251538410728,-8.640491808709072e-06,0.00980425926622297,2,1,1,0.5,0.6788308970276629,-0.0015414637371695553,-0.0015414637371695553,-0.00980425926622297,1.0,-0.0031488251538410728,0.0,0.6458588893907108,0.9454191909358319,0.9787036688852899,2.2916666666666665,2.8541666666666665,0,0,False,False
a967bc7bff08135c,ALL,0.15,0.0,0.25,MICRO_BOS,2,0.15,PRE_RANGE_MID,2022-01-01T00:00:00+00:00,2022-12-31T23:59:59+00:00,365,18,0.01,10000.0,9968.51174846159,-0.0031488251538410728,-8.640491808709072e-06,0.00980425926622297,2,1,1,0.5,0.6788308970276629,-0.0015414637371695553,-0.0015414637371695553,-0.00980425926622297,1.0,-0.0031488251538410728,0.0,0.6458588893907108,0.9454191909358319,0.9787036688852899,2.2916666666666665,2.8541666666666665,0,0,False,False
ae501476368318d9,ALL,0.05,0.1,0.1,MICRO_BOS,2,0.15,PRE_RANGE_MID,2022-01-01T00:00:00+00:00,2022-12-31T23:59:59+00:00,365,18,0.01,10000.0,9968.51174846159,-0.0031488251538410728,-8.640491808709072e-06,0.00980425926622297,2,1,1,0.5,0.6788308970276629,-0.0015414637371695553,-0.0015414637371695553,-0.00980425926622297,1.0,-0.0031488251538410728,0.0,0.6458588893907108,0.9454191909358319,0.9787036688852899,2.2916666666666665,2.8541666666666665,0,0,False,False
b0a919825718e161,ALL,0.15,0.0,0.1,MICRO_BOS,2,0.15,PRE_RANGE_MID,2022-01-01T00:00:00+00:00,2022-12-31T23:59:59+00:00,365,18,0.01,10000.0,9968.51174846159,-0.0031488251538410728,-8.640491808709072e-06,0.00980425926622297,2,1,1,0.5,0.6788308970276629,-0.0015414637371695553,-0.0015414637371695553,-0.00980425926622297,1.0,-0.0031488251538410728,0.0,0.6458588893907108,0.9454191909358319,0.9787036688852899,2.2916666666666665,2.8541666666666665,0,0,False,False
d7357c660dd380f5,ALL,0.15,0.1,0.1,MICRO_BOS,2,0.15,PRE_RANGE_MID,2022-01-01T00:00:00+00:00,2022-12-31T23:59:59+00:00,365,18,0.01,10000.0,9968.51174846159,-0.0031488251538410728,-8.640491808709072e-06,0.00980425926622297,2,1,1,0.5,0.6788308970276629,-0.0015414637371695553,-0.0015414637371695553,-0.00980425926622297,1.0,-0.0031488251538410728,0.0,0.6458588893907108,0.9454191909358319,0.9787036688852899,2.2916666666666665,2.8541666666666665,0,0,False,False
33d7704b212f4600,ALL,0.15,0.1,0.25,MICRO_BOS,1,0.05,PRE_RANGE_MID,2022-01-01T00:00:00+00:00,2022-12-31T23:59:59+00:00,365,18,0.01,10000.0,9903.751109574114,-0.009624889042588625,-2.649693021306021e-05,0.009850330826880582,3,1,2,0.3333333333333333,0.5098595412442243,-0.009784428147314287,-0.003174571832005387,-0.01953837911999201,1.0,-0.009624889042588625,0.0,0.7483458655970303,1.0449079236454222,1.0778592634285769,1.75,3.0999999999999996,0,0,False,False
482c78045113e30a,ALL,0.05,0.0,0.25,MICRO_BOS,1,0.05,PRE_RANGE_MID,2022-01-01T00:00:00+00:00,2022-12-31T23:59:59+00:00,365,18,0.01,10000.0,9903.751109574114,-0.009624889042588625,-2.649693021306021e-05,0.009850330826880582,3,1,2,0.3333333333333333,0.5098595412442243,-0.009784428147314287,-0.003174571832005387,-0.01953837911999201,1.0,-0.009624889042588625,0.0,0.7483458655970303,1.0449079236454222,1.0778592634285769,1.75,3.0999999999999996,0,0,False,False
bfa70a61ef16ea26,ALL,0.15,0.0,0.25,MICRO_BOS,1,0.05,PRE_RANGE_MID,2022-01-01T00:00:00+00:00,2022-12-31T23:59:59+00:00,365,18,0.01,10000.0,9903.751109574114,-0.009624889042588625,-2.649693021306021e-05,0.009850330826880582,3,1,2,0.3333333333333333,0.5098595412442243,-0.009784428147314287,-0.003174571832005387,-0.01953837911999201,1.0,-0.009624889042588625,0.0,0.7483458655970303,1.0449079236454222,1.0778592634285769,1.75,3.0999999999999996,0,0,False,False
f3a8e4fbba6abde8,ALL,0.05,0.1,0.25,MICRO_BOS,1,0.05,PRE_RANGE_MID,2022-01-01T00:00:00+00:00,2022-12-31T23:59:59+00:00,365,18,0.01,10000.0,9903.751109574114,-0.009624889042588625,-2.649693021306021e-05,0.009850330826880582,3,1,2,0.3333333333333333,0.5098595412442243,-0.009784428147314287,-0.003174571832005387,-0.01953837911999201,1.0,-0.009624889042588625,0.0,0.7483458655970303,1.0449079236454222,1.0778592634285769,1.75,3.0999999999999996,0,0,False,False
10cf79e6de29a2b9,FRIDAY,0.05,0.1,0.25,MICRO_BOS,2,0.05,PRE_RANGE_MID,2022-01-01T00:00:00+00:00,2022-12-31T23:59:59+00:00,365,18,0.01,10000.0,9902.012967761064,-0.009798703223893646,-2.6977790737792162e-05,0.009798703223893646,1,0,1,0.0,0.0,-0.009798703223893592,-0.009798703223893592,-0.009798703223893646,0.0,-0.009798703223893646,0.0,1.0064838805316,1.0064838805316,1.0064838805316,2.9166666666666665,2.9166666666666665,0,0,False,False
1994623a4cff0cd4,ALL,0.3,0.0,0.25,MICRO_BOS,2,0.05,OPPOSITE_LIQUIDITY,2022-01-01T00:00:00+00:00,2022-12-31T23:59:59+00:00,365,18,0.01,10000.0,9902.012967761064,-0.009798703223893646,-2.6977790737792162e-05,0.009798703223893646,1,0,1,0.0,0.0,-0.009798703223893592,-0.009798703223893592,-0.009798703223893646,0.0,-0.009798703223893646,0.0,1.0064838805316,1.0064838805316,1.0064838805316,2.9166666666666665,2.9166666666666665,0,0,False,False
1dcea3711605da83,ALL,0.3,0.1,0.25,MICRO_BOS,2,0.05,PRE_RANGE_MID,2022-01-01T00:00:00+00:00,2022-12-31T23:59:59+00:00,365,18,0.01,10000.0,9902.012967761064,-0.009798703223893646,-2.6977790737792162e-05,0.009798703223893646,1,0,1,0.0,0.0,-0.009798703223893592,-0.009798703223893592,-0.009798703223893646,0.0,-0.009798703223893646,0.0,1.0064838805316,1.0064838805316,1.0064838805316,2.9166666666666665,2.9166666666666665,0,0,False,False
2da9a4c7700999f8,FRIDAY,0.15,0.0,0.25,MICRO_BOS,2,0.05,OPPOSITE_LIQUIDITY,2022-01-01T00:00:00+00:00,2022-12-31T23:59:59+00:00,365,18,0.01,10000.0,9902.012967761064,-0.009798703223893646,-2.6977790737792162e-05,0.009798703223893646,1,0,1,0.0,0.0,-0.009798703223893592,-0.009798703223893592,-0.009798703223893646,0.0,-0.009798703223893646,0.0,1.0064838805316,1.0064838805316,1.0064838805316,2.9166666666666665,2.9166666666666665,0,0,False,False
325318195c101c0e,FRIDAY,0.3,0.1,0.1,MICRO_BOS,2,0.05,OPPOSITE_LIQUIDITY,2022-01-01T00:00:00+00:00,2022-12-31T23:59:59+00:00,365,18,0.01,10000.0,9902.012967761064,-0.009798703223893646,-2.6977790737792162e-05,0.009798703223893646,1,0,1,0.0,0.0,-0.009798703223893592,-0.009798703223893592,-0.009798703223893646,0.0,-0.009798703223893646,0.0,1.0064838805316,1.0064838805316,1.0064838805316,2.9166666666666665,2.9166666666666665,0,0,False,False
4348e6d6fdcd0df3,FRIDAY,0.05,0.0,0.1,MICRO_BOS,2,0.05,PRE_RANGE_MID,2022-01-01T00:00:00+00:00,2022-12-31T23:59:59+00:00,365,18,0.01,10000.0,9902.012967761064,-0.009798703223893646,-2.6977790737792162e-05,0.009798703223893646,1,0,1,0.0,0.0,-0.009798703223893592,-0.009798703223893592,-0.009798703223893646,0.0,-0.009798703223893646,0.0,1.0064838805316,1.0064838805316,1.0064838805316,2.9166666666666665,2.9166666666666665,0,0,False,False
540e662762edeed2,ALL,0.3,0.1,0.25,MICRO_BOS,2,0.05,OPPOSITE_LIQUIDITY,2022-01-01T00:00:00+00:00,2022-12-31T23:59:59+00:00,365,18,0.01,10000.0,9902.012967761064,-0.009798703223893646,-2.6977790737792162e-05,0.009798703223893646,1,0,1,0.0,0.0,-0.009798703223893592,-0.009798703223893592,-0.009798703223893646,0.0,-0.009798703223893646,0.0,1.0064838805316,1.0064838805316,1.0064838805316,2.9166666666666665,2.9166666666666665,0,0,False,False
6d17218ecb38bd9f,FRIDAY,0.3,0.1,0.25,MICRO_BOS,2,0.05,PRE_RANGE_MID,2022-01-01T00:00:00+00:00,2022-12-31T23:59:59+00:00,365,18,0.01,10000.0,9902.012967761064,-0.009798703223893646,-2.6977790737792162e-05,0.009798703223893646,1,0,1,0.0,0.0,-0.009798703223893592,-0.009798703223893592,-0.009798703223893646,0.0,-0.009798703223893646,0.0,1.0064838805316,1.0064838805316,1.0064838805316,2.9166666666666665,2.9166666666666665,0,0,False,False
6fd8317e3f0cd1b4,FRIDAY,0.15,0.0,0.25,MICRO_BOS,2,0.05,PRE_RANGE_MID,2022-01-01T00:00:00+00:00,2022-12-31T23:59:59+00:00,365,18,0.01,10000.0,9902.012967761064,-0.009798703223893646,-2.6977790737792162e-05,0.009798703223893646,1,0,1,0.0,0.0,-0.009798703223893592,-0.009798703223893592,-0.009798703223893646,0.0,-0.009798703223893646,0.0,1.0064838805316,1.0064838805316,1.0064838805316,2.9166666666666665,2.9166666666666665,0,0,False,False
711b5b96d9d35118,FRIDAY,0.05,0.0,0.25,MICRO_BOS,2,0.05,PRE_RANGE_MID,2022-01-01T00:00:00+00:00,2022-12-31T23:59:59+00:00,365,18,0.01,10000.0,9902.012967761064,-0.009798703223893646,-2.6977790737792162e-05,0.009798703223893646,1,0,1,0.0,0.0,-0.009798703223893592,-0.009798703223893592,-0.009798703223893646,0.0,-0.009798703223893646,0.0,1.0064838805316,1.0064838805316,1.0064838805316,2.9166666666666665,2.9166666666666665,0,0,False,False
74be1adf92f3832b,FRIDAY,0.05,0.1,0.25,MICRO_BOS,2,0.05,OPPOSITE_LIQUIDITY,2022-01-01T00:00:00+00:00,2022-12-31T23:59:59+00:00,365,18,0.01,10000.0,9902.012967761064,-0.009798703223893646,-2.6977790737792162e-05,0.009798703223893646,1,0,1,0.0,0.0,-0.009798703223893592,-0.009798703223893592,-0.009798703223893646,0.0,-0.009798703223893646,0.0,1.0064838805316,1.0064838805316,1.0064838805316,2.9166666666666665,2.9166666666666665,0,0,False,False
7efe807dd512a321,FRIDAY,0.05,0.0,0.25,MICRO_BOS,2,0.05,OPPOSITE_LIQUIDITY,2022-01-01T00:00:00+00:00,2022-12-31T23:59:59+00:00,365,18,0.01,10000.0,9902.012967761064,-0.009798703223893646,-2.6977790737792162e-05,0.009798703223893646,1,0,1,0.0,0.0,-0.009798703223893592,-0.009798703223893592,-0.009798703223893646,0.0,-0.009798703223893646,0.0,1.0064838805316,1.0064838805316,1.0064838805316,2.9166666666666665,2.9166666666666665,0,0,False,False
80bdb602a400f918,ALL,0.3,0.1,0.1,MICRO_BOS,2,0.05,OPPOSITE_LIQUIDITY,2022-01-01T00:00:00+00:00,2022-12-31T23:59:59+00:00,365,18,0.01,10000.0,9902.012967761064,-0.009798703223893646,-2.6977790737792162e-05,0.009798703223893646,1,0,1,0.0,0.0,-0.009798703223893592,-0.009798703223893592,-0.009798703223893646,0.0,-0.009798703223893646,0.0,1.0064838805316,1.0064838805316,1.0064838805316,2.9166666666666665,2.9166666666666665,0,0,False,False
857863bb27fc7b0a,FRIDAY,0.15,0.1,0.25,MICRO_BOS,2,0.05,OPPOSITE_LIQUIDITY,2022-01-01T00:00:00+00:00,2022-12-31T23:59:59+00:00,365,18,0.01,10000.0,9902.012967761064,-0.009798703223893646,-2.6977790737792162e-05,0.009798703223893646,1,0,1,0.0,0.0,-0.009798703223893592,-0.009798703223893592,-0.009798703223893646,0.0,-0.009798703223893646,0.0,1.0064838805316,1.0064838805316,1.0064838805316,2.9166666666666665,2.9166666666666665,0,0,False,False
914b4df9a05dd02e,FRIDAY,0.3,0.0,0.25,MICRO_BOS,2,0.05,OPPOSITE_LIQUIDITY,2022-01-01T00:00:00+00:00,2022-12-31T23:59:59+00:00,365,18,0.01,10000.0,9902.012967761064,-0.009798703223893646,-2.6977790737792162e-05,0.009798703223893646,1,0,1,0.0,0.0,-0.009798703223893592,-0.009798703223893592,-0.009798703223893646,0.0,-0.009798703223893646,0.0,1.0064838805316,1.0064838805316,1.0064838805316,2.9166666666666665,2.9166666666666665,0,0,False,False
99aaada5e3b0e61c,FRIDAY,0.3,0.0,0.1,MICRO_BOS,2,0.05,OPPOSITE_LIQUIDITY,2022-01-01T00:00:00+00:00,2022-12-31T23:59:59+00:00,365,18,0.01,10000.0,9902.012967761064,-0.009798703223893646,-2.6977790737792162e-05,0.009798703223893646,1,0,1,0.0,0.0,-0.009798703223893592,-0.009798703223893592,-0.009798703223893646,0.0,-0.009798703223893646,0.0,1.0064838805316,1.0064838805316,1.0064838805316,2.9166666666666665,2.9166666666666665,0,0,False,False
a1b2007efdf2ed74,FRIDAY,0.15,0.1,0.1,MICRO_BOS,2,0.05,PRE_RANGE_MID,2022-01-01T00:00:00+00:00,2022-12-31T23:59:59+00:00,365,18,0.01,10000.0,9902.012967761064,-0.009798703223893646,-2.6977790737792162e-05,0.009798703223893646,1,0,1,0.0,0.0,-0.009798703223893592,-0.009798703223893592,-0.009798703223893646,0.0,-0.009798703223893646,0.0,1.0064838805316,1.0064838805316,1.0064838805316,2.9166666666666665,2.9166666666666665,0,0,False,False
a4e6cc67188171ca,FRIDAY,0.15,0.1,0.25,MICRO_BOS,2,0.05,PRE_RANGE_MID,2022-01-01T00:00:00+00:00,2022-12-31T23:59:59+00:00,365,18,0.01,10000.0,9902.012967761064,-0.009798703223893646,-2.6977790737792162e-05,0.009798703223893646,1,0,1,0.0,0.0,-0.009798703223893592,-0.009798703223893592,-0.009798703223893646,0.0,-0.009798703223893646,0.0,1.0064838805316,1.0064838805316,1.0064838805316,2.9166666666666665,2.9166666666666665,0,0,False,False
ac6681400db2aa22,ALL,0.3,0.1,0.1,MICRO_BOS,2,0.05,PRE_RANGE_MID,2022-01-01T00:00:00+00:00,2022-12-31T23:59:59+00:00,365,18,0.01,10000.0,9902.012967761064,-0.009798703223893646,-2.6977790737792162e-05,0.009798703223893646,1,0,1,0.0,0.0,-0.009798703223893592,-0.009798703223893592,-0.009798703223893646,0.0,-0.009798703223893646,0.0,1.0064838805316,1.0064838805316,1.0064838805316,2.9166666666666665,2.9166666666666665,0,0,False,False
ac801bdf01b05f9f,ALL,0.3,0.0,0.1,MICRO_BOS,2,0.05,OPPOSITE_LIQUIDITY,2022-01-01T00:00:00+00:00,2022-12-31T23:59:59+00:00,365,18,0.01,10000.0,9902.012967761064,-0.009798703223893646,-2.6977790737792162e-05,0.009798703223893646,1,0,1,0.0,0.0,-0.009798703223893592,-0.009798703223893592,-0.009798703223893646,0.0,-0.009798703223893646,0.0,1.0064838805316,1.0064838805316,1.0064838805316,2.9166666666666665,2.9166666666666665,0,0,False,False
aeffe5e51f4244fc,ALL,0.3,0.0,0.1,MICRO_BOS,2,0.05,PRE_RANGE_MID,2022-01-01T00:00:00+00:00,2022-12-31T23:59:59+00:00,365,18,0.01,10000.0,9902.012967761064,-0.009798703223893646,-2.6977790737792162e-05,0.009798703223893646,1,0,1,0.0,0.0,-0.009798703223893592,-0.009798703223893592,-0.009798703223893646,0.0,-0.009798703223893646,0.0,1.0064838805316,1.0064838805316,1.0064838805316,2.9166666666666665,2.9166666666666665,0,0,False,False
bed849ebde157235,ALL,0.3,0.0,0.25,MICRO_BOS,2,0.05,PRE_RANGE_MID,2022-01-01T00:00:00+00:00,2022-12-31T23:59:59+00:00,365,18,0.01,10000.0,9902.012967761064,-0.009798703223893646,-2.6977790737792162e-05,0.009798703223893646,1,0,1,0.0,0.0,-0.009798703223893592,-0.009798703223893592,-0.009798703223893646,0.0,-0.009798703223893646,0.0,1.0064838805316,1.0064838805316,1.0064838805316,2.9166666666666665,2.9166666666666665,0,0,False,False
c3ecbdb70743075d,FRIDAY,0.05,0.1,0.1,MICRO_BOS,2,0.05,PRE_RANGE_MID,2022-01-01T00:00:00+00:00,2022-12-31T23:59:59+00:00,365,18,0.01,10000.0,9902.012967761064,-0.009798703223893646,-2.6977790737792162e-05,0.009798703223893646,1,0,1,0.0,0.0,-0.009798703223893592,-0.009798703223893592,-0.009798703223893646,0.0,-0.009798703223893646,0.0,1.0064838805316,1.0064838805316,1.0064838805316,2.9166666666666665,2.9166666666666665,0,0,False,False
c4fe3b44b2c4a5b3,FRIDAY,0.3,0.0,0.1,MICRO_BOS,2,0.05,PRE_RANGE_MID,2022-01-01T00:00:00+00:00,2022-12-31T23:59:59+00:00,365,18,0.01,10000.0,9902.012967761064,-0.009798703223893646,-2.6977790737792162e-05,0.009798703223893646,1,0,1,0.0,0.0,-0.009798703223893592,-0.009798703223893592,-0.009798703223893646,0.0,-0.009798703223893646,0.0,1.0064838805316,1.0064838805316,1.0064838805316,2.9166666666666665,2.9166666666666665,0,0,False,False
ded2836ffb06aaf8,FRIDAY,0.3,0.1,0.1,MICRO_BOS,2,0.05,PRE_RANGE_MID,2022-01-01T00:00:00+00:00,2022-12-31T23:59:59+00:00,365,18,0.01,10000.0,9902.012967761064,-0.009798703223893646,-2.6977790737792162e-05,0.009798703223893646,1,0,1,0.0,0.0,-0.009798703223893592,-0.009798703223893592,-0.009798703223893646,0.0,-0.009798703223893646,0.0,1.0064838805316,1.0064838805316,1.0064838805316,2.9166666666666665,2.9166666666666665,0,0,False,False
ec8808776212d96b,FRIDAY,0.3,0.0,0.25,MICRO_BOS,2,0.05,PRE_RANGE_MID,2022-01-01T00:00:00+00:00,2022-12-31T23:59:59+00:00,365,18,0.01,10000.0,9902.012967761064,-0.009798703223893646,-2.6977790737792162e-05,0.009798703223893646,1,0,1,0.0,0.0,-0.009798703223893592,-0.009798703223893592,-0.009798703223893646,0.0,-0.009798703223893646,0.0,1.0064838805316,1.0064838805316,1.0064838805316,2.9166666666666665,2.9166666666666665,0,0,False,False
f604aca245633335,FRIDAY,0.3,0.1,0.25,MICRO_BOS,2,0.05,OPPOSITE_LIQUIDITY,2022-01-01T00:00:00+00:00,2022-12-31T23:59:59+00:00,365,18,0.01,10000.0,9902.012967761064,-0.009798703223893646,-2.6977790737792162e-05,0.009798703223893646,1,0,1,0.0,0.0,-0.009798703223893592,-0.009798703223893592,-0.009798703223893646,0.0,-0.009798703223893646,0.0,1.0064838805316,1.0064838805316,1.0064838805316,2.9166666666666665,2.9166666666666665,0,0,False,False
fc7206ad8e2f2a50,FRIDAY,0.15,0.0,0.1,MICRO_BOS,2,0.05,PRE_RANGE_MID,2022-01-01T00:00:00+00:00,2022-12-31T23:59:59+00:00,365,18,0.01,10000.0,9902.012967761064,-0.009798703223893646,-2.6977790737792162e-05,0.009798703223893646,1,0,1,0.0,0.0,-0.009798703223893592,-0.009798703223893592,-0.009798703223893646,0.0,-0.009798703223893646,0.0,1.0064838805316,1.0064838805316,1.0064838805316,2.9166666666666665,2.9166666666666665,0,0,False,False
08d779bab936307a,FRIDAY,0.3,0.1,0.1,MICRO_BOS,2,0.15,OPPOSITE_LIQUIDITY,2022-01-01T00:00:00+00:00,2022-12-31T23:59:59+00:00,365,18,0.01,10000.0,9901.95740733777,-0.00980425926622297,-2.6993163032007494e-05,0.00980425926622297,1,0,1,0.0,0.0,-0.009804259266222947,-0.009804259266222947,-0.00980425926622297,0.0,-0.00980425926622297,0.0,0.9787036688852899,0.9787036688852899,0.9787036688852899,2.9166666666666665,2.9166666666666665,0,0,False,False
1b906b7cd9464e4f,FRIDAY,0.05,0.1,0.25,MICRO_BOS,2,0.15,PRE_RANGE_MID,2022-01-01T00:00:00+00:00,2022-12-31T23:59:59+00:00,365,18,0.01,10000.0,9901.95740733777,-0.00980425926622297,-2.6993163032007494e-05,0.00980425926622297,1,0,1,0.0,0.0,-0.009804259266222947,-0.009804259266222947,-0.00980425926622297,0.0,-0.00980425926622297,0.0,0.9787036688852899,0.9787036688852899,0.9787036688852899,2.9166666666666665,2.9166666666666665,0,0,False,False
291fd1f499f9dfd2,FRIDAY,0.3,0.1,0.1,MICRO_BOS,2,0.15,PRE_RANGE_MID,2022-01-01T00:00:00+00:00,2022-12-31T23:59:59+00:00,365,18,0.01,10000.0,9901.95740733777,-0.00980425926622297,-2.6993163032007494e-05,0.00980425926622297,1,0,1,0.0,0.0,-0.009804259266222947,-0.009804259266222947,-0.00980425926622297,0.0,-0.00980425926622297,0.0,0.9787036688852899,0.9787036688852899,0.9787036688852899,2.9166666666666665,2.9166666666666665,0,0,False,False
2f14b2cf005a802e,ALL,0.3,0.0,0.1,MICRO_BOS,2,0.15,PRE_RANGE_MID,2022-01-01T00:00:00+00:00,2022-12-31T23:59:59+00:00,365,18,0.01,10000.0,9901.95740733777,-0.00980425926622297,-2.6993163032007494e-05,0.00980425926622297,1,0,1,0.0,0.0,-0.009804259266222947,-0.009804259266222947,-0.00980425926622297,0.0,-0.00980425926622297,0.0,0.9787036688852899,0.9787036688852899,0.9787036688852899,2.9166666666666665,2.9166666666666665,0,0,False,False
30b87d370054435a,FRIDAY,0.05,0.1,0.25,MICRO_BOS,2,0.15,OPPOSITE_LIQUIDITY,2022-01-01T00:00:00+00:00,2022-12-31T23:59:59+00:00,365,18,0.01,10000.0,9901.95740733777,-0.00980425926622297,-2.6993163032007494e-05,0.00980425926622297,1,0,1,0.0,0.0,-0.009804259266222947,-0.009804259266222947,-0.00980425926622297,0.0,-0.00980425926622297,0.0,0.9787036688852899,0.9787036688852899,0.9787036688852899,2.9166666666666665,2.9166666666666665,0,0,False,False
424cb1af01d661f4,FRIDAY,0.05,0.1,0.1,MICRO_BOS,2,0.15,PRE_RANGE_MID,2022-01-01T00:00:00+00:00,2022-12-31T23:59:59+00:00,365,18,0.01,10000.0,9901.95740733777,-0.00980425926622297,-2.6993163032007494e-05,0.00980425926622297,1,0,1,0.0,0.0,-0.009804259266222947,-0.009804259266222947,-0.00980425926622297,0.0,-0.00980425926622297,0.0,0.9787036688852899,0.9787036688852899,0.9787036688852899,2.9166666666666665,2.9166666666666665,0,0,False,False
42a9aaf16730bbaa,FRIDAY,0.3,0.1,0.25,MICRO_BOS,2,0.15,PRE_RANGE_MID,2022-01-01T00:00:00+00:00,2022-12-31T23:59:59+00:00,365,18,0.01,10000.0,9901.95740733777,-0.00980425926622297,-2.6993163032007494e-05,0.00980425926622297,1,0,1,0.0,0.0,-0.009804259266222947,-0.009804259266222947,-0.00980425926622297,0.0,-0.00980425926622297,0.0,0.9787036688852899,0.9787036688852899,0.9787036688852899,2.9166666666666665,2.9166666666666665,0,0,False,False
4df6772025ffc274,FRIDAY,0.3,0.1,0.25,MICRO_BOS,2,0.15,OPPOSITE_LIQUIDITY,2022-01-01T00:00:00+00:00,2022-12-31T23:59:59+00:00,365,18,0.01,10000.0,9901.95740733777,-0.00980425926622297,-2.6993163032007494e-05,0.00980425926622297,1,0,1,0.0,0.0,-0.009804259266222947,-0.009804259266222947,-0.00980425926622297,0.0,-0.00980425926622297,0.0,0.9787036688852899,0.9787036688852899,0.9787036688852899,2.9166666666666665,2.9166666666666665,0,0,False,False
56eded7b4d0c7447,FRIDAY,0.15,0.0,0.25,MICRO_BOS,2,0.15,PRE_RANGE_MID,2022-01-01T00:00:00+00:00,2022-12-31T23:59:59+00:00,365,18,0.01,10000.0,9901.95740733777,-0.00980425926622297,-2.6993163032007494e-05,0.00980425926622297,1,0,1,0.0,0.0,-0.009804259266222947,-0.009804259266222947,-0.00980425926622297,0.0,-0.00980425926622297,0.0,0.9787036688852899,0.9787036688852899,0.9787036688852899,2.9166666666666665,2.9166666666666665,0,0,False,False
5c8aecb5358a68bc,ALL,0.3,0.1,0.1,MICRO_BOS,2,0.15,PRE_RANGE_MID,2022-01-01T00:00:00+00:00,2022-12-31T23:59:59+00:00,365,18,0.01,10000.0,9901.95740733777,-0.00980425926622297,-2.6993163032007494e-05,0.00980425926622297,1,0,1,0.0,0.0,-0.009804259266222947,-0.009804259266222947,-0.00980425926622297,0.0,-0.00980425926622297,0.0,0.9787036688852899,0.9787036688852899,0.9787036688852899,2.9166666666666665,2.9166666666666665,0,0,False,False
71aa4d47dd1e53ae,FRIDAY,0.3,0.0,0.1,MICRO_BOS,2,0.15,OPPOSITE_LIQUIDITY,2022-01-01T00:00:00+00:00,2022-12-31T23:59:59+00:00,365,18,0.01,10000.0,9901.95740733777,-0.00980425926622297,-2.6993163032007494e-05,0.00980425926622297,1,0,1,0.0,0.0,-0.009804259266222947,-0.009804259266222947,-0.00980425926622297,0.0,-0.00980425926622297,0.0,0.9787036688852899,0.9787036688852899,0.9787036688852899,2.9166666666666665,2.9166666666666665,0,0,False,False
72b3886996410f21,FRIDAY,0.15,0.1,0.25,MICRO_BOS,2,0.15,PRE_RANGE_MID,2022-01-01T00:00:00+00:00,2022-12-31T23:59:59+00:00,365,18,0.01,10000.0,9901.95740733777,-0.00980425926622297,-2.6993163032007494e-05,0.00980425926622297,1,0,1,0.0,0.0,-0.009804259266222947,-0.009804259266222947,-0.00980425926622297,0.0,-0.00980425926622297,0.0,0.9787036688852899,0.9787036688852899,0.9787036688852899,2.9166666666666665,2.9166666666666665,0,0,False,False
8daad4552e17c33a,ALL,0.3,0.0,0.1,MICRO_BOS,2,0.15,OPPOSITE_LIQUIDITY,2022-01-01T00:00:00+00:00,2022-12-31T23:59:59+00:00,365,18,0.01,10000.0,9901.95740733777,-0.00980425926622297,-2.6993163032007494e-05,0.00980425926622297,1,0,1,0.0,0.0,-0.009804259266222947,-0.009804259266222947,-0.00980425926622297,0.0,-0.00980425926622297,0.0,0.9787036688852899,0.9787036688852899,0.9787036688852899,2.9166666666666665,2.9166666666666665,0,0,False,False
91b0ab0f32735d23,FRIDAY,0.15,0.0,0.1,MICRO_BOS,2,0.15,PRE_RANGE_MID,2022-01-01T00:00:00+00:00,2022-12-31T23:59:59+00:00,365,18,0.01,10000.0,9901.95740733777,-0.00980425926622297,-2.6993163032007494e-05,0.00980425926622297,1,0,1,0.0,0.0,-0.009804259266222947,-0.009804259266222947,-0.00980425926622297,0.0,-0.00980425926622297,0.0,0.9787036688852899,0.9787036688852899,0.9787036688852899,2.9166666666666665,2.9166666666666665,0,0,False,False
94234b5eafade20c,ALL,0.3,0.0,0.25,MICRO_BOS,2,0.15,PRE_RANGE_MID,2022-01-01T00:00:00+00:00,2022-12-31T23:59:59+00:00,365,18,0.01,10000.0,9901.95740733777,-0.00980425926622297,-2.6993163032007494e-05,0.00980425926622297,1,0,1,0.0,0.0,-0.009804259266222947,-0.009804259266222947,-0.00980425926622297,0.0,-0.00980425926622297,0.0,0.9787036688852899,0.9787036688852899,0.9787036688852899,2.9166666666666665,2.9166666666666665,0,0,False,False
9fea5e89f2c2d19d,FRIDAY,0.15,0.1,0.1,MICRO_BOS,2,0.15,PRE_RANGE_MID,2022-01-01T00:00:00+00:00,2022-12-31T23:59:59+00:00,365,18,0.01,10000.0,9901.95740733777,-0.00980425926622297,-2.6993163032007494e-05,0.00980425926622297,1,0,1,0.0,0.0,-0.009804259266222947,-0.009804259266222947,-0.00980425926622297,0.0,-0.00980425926622297,0.0,0.9787036688852899,0.9787036688852899,0.9787036688852899,2.9166666666666665,2.9166666666666665,0,0,False,False
a3c3a88b2a61edc7,FRIDAY,0.3,0.0,0.1,MICRO_BOS,2,0.15,PRE_RANGE_MID,2022-01-01T00:00:00+00:00,2022-12-31T23:59:59+00:00,365,18,0.01,10000.0,9901.95740733777,-0.00980425926622297,-2.6993163032007494e-05,0.00980425926622297,1,0,1,0.0,0.0,-0.009804259266222947,-0.009804259266222947,-0.00980425926622297,0.0,-0.00980425926622297,0.0,0.9787036688852899,0.9787036688852899,0.9787036688852899,2.9166666666666665,2.9166666666666665,0,0,False,False
a42c247ebf971a6f,ALL,0.3,0.1,0.1,MICRO_BOS,2,0.15,OPPOSITE_LIQUIDITY,2022-01-01T00:00:00+00:00,2022-12-31T23:59:59+00:00,365,18,0.01,10000.0,9901.95740733777,-0.00980425926622297,-2.6993163032007494e-05,0.00980425926622297,1,0,1,0.0,0.0,-0.009804259266222947,-0.009804259266222947,-0.00980425926622297,0.0,-0.00980425926622297,0.0,0.9787036688852899,0.9787036688852899,0.9787036688852899,2.9166666666666665,2.9166666666666665,0,0,False,False
a57099200ed0d1b0,FRIDAY,0.15,0.1,0.25,MICRO_BOS,2,0.15,OPPOSITE_LIQUIDITY,2022-01-01T00:00:00+00:00,2022-12-31T23:59:59+00:00,365,18,0.01,10000.0,9901.95740733777,-0.00980425926622297,-2.6993163032007494e-05,0.00980425926622297,1,0,1,0.0,0.0,-0.009804259266222947,-0.009804259266222947,-0.00980425926622297,0.0,-0.00980425926622297,0.0,0.9787036688852899,0.9787036688852899,0.9787036688852899,2.9166666666666665,2.9166666666666665,0,0,False,False
a9b2ccdf9a1b7515,FRIDAY,0.15,0.0,0.25,MICRO_BOS,2,0.15,OPPOSITE_LIQUIDITY,2022-01-01T00:00:00+00:00,2022-12-31T23:59:59+00:00,365,18,0.01,10000.0,9901.95740733777,-0.00980425926622297,-2.6993163032007494e-05,0.00980425926622297,1,0,1,0.0,0.0,-0.009804259266222947,-0.009804259266222947,-0.00980425926622297,0.0,-0.00980425926622297,0.0,0.9787036688852899,0.9787036688852899,0.9787036688852899,2.9166666666666665,2.9166666666666665,0,0,False,False
ac8c25dcb2f604ac,FRIDAY,0.05,0.0,0.1,MICRO_BOS,2,0.15,PRE_RANGE_MID,2022-01-01T00:00:00+00:00,2022-12-31T23:59:59+00:00,365,18,0.01,10000.0,9901.95740733777,-0.00980425926622297,-2.6993163032007494e-05,0.00980425926622297,1,0,1,0.0,0.0,-0.009804259266222947,-0.009804259266222947,-0.00980425926622297,0.0,-0.00980425926622297,0.0,0.9787036688852899,0.9787036688852899,0.9787036688852899,2.9166666666666665,2.9166666666666665,0,0,False,False
b45ea9a2d6191f49,FRIDAY,0.3,0.0,0.25,MICRO_BOS,2,0.15,PRE_RANGE_MID,2022-01-01T00:00:00+00:00,2022-12-31T23:59:59+00:00,365,18,0.01,10000.0,9901.95740733777,-0.00980425926622297,-2.6993163032007494e-05,0.00980425926622297,1,0,1,0.0,0.0,-0.009804259266222947,-0.009804259266222947,-0.00980425926622297,0.0,-0.00980425926622297,0.0,0.9787036688852899,0.9787036688852899,0.9787036688852899,2.9166666666666665,2.9166666666666665,0,0,False,False
bd21a68a17d51cb0,FRIDAY,0.05,0.0,0.25,MICRO_BOS,2,0.15,OPPOSITE_LIQUIDITY,2022-01-01T00:00:00+00:00,2022-12-31T23:59:59+00:00,365,18,0.01,10000.0,9901.95740733777,-0.00980425926622297,-2.6993163032007494e-05,0.00980425926622297,1,0,1,0.0,0.0,-0.009804259266222947,-0.009804259266222947,-0.00980425926622297,0.0,-0.00980425926622297,0.0,0.9787036688852899,0.9787036688852899,0.9787036688852899,2.9166666666666665,2.9166666666666665,0,0,False,False
dc93e107d1209e4d,ALL,0.3,0.0,0.25,MICRO_BOS,2,0.15,OPPOSITE_LIQUIDITY,2022-01-01T00:00:00+00:00,2022-12-31T23:59:59+00:00,365,18,0.01,10000.0,9901.95740733777,-0.00980425926622297,-2.6993163032007494e-05,0.00980425926622297,1,0,1,0.0,0.0,-0.009804259266222947,-0.009804259266222947,-0.00980425926622297,0.0,-0.00980425926622297,0.0,0.9787036688852899,0.9787036688852899,0.9787036688852899,2.9166666666666665,2.9166666666666665,0,0,False,False
e466d3ca049e0567,ALL,0.3,0.1,0.25,MICRO_BOS,2,0.15,OPPOSITE_LIQUIDITY,2022-01-01T00:00:00+00:00,2022-12-31T23:59:59+00:00,365,18,0.01,10000.0,9901.95740733777,-0.00980425926622297,-2.6993163032007494e-05,0.00980425926622297,1,0,1,0.0,0.0,-0.009804259266222947,-0.009804259266222947,-0.00980425926622297,0.0,-0.00980425926622297,0.0,0.9787036688852899,0.9787036688852899,0.9787036688852899,2.9166666666666665,2.9166666666666665,0,0,False,False
f7a11f68d9789bbb,FRIDAY,0.3,0.0,0.25,MICRO_BOS,2,0.15,OPPOSITE_LIQUIDITY,2022-01-01T00:00:00+00:00,2022-12-31T23:59:59+00:00,365,18,0.01,10000.0,9901.95740733777,-0.00980425926622297,-2.6993163032007494e-05,0.00980425926622297,1,0,1,0.0,0.0,-0.009804259266222947,-0.009804259266222947,-0.00980425926622297,0.0,-0.00980425926622297,0.0,0.9787036688852899,0.9787036688852899,0.9787036688852899,2.9166666666666665,2.9166666666666665,0,0,False,False
f9a35deac76699f3,ALL,0.3,0.1,0.25,MICRO_BOS,2,0.15,PRE_RANGE_MID,2022-01-01T00:00:00+00:00,2022-12-31T23:59:59+00:00,365,18,0.01,10000.0,9901.95740733777,-0.00980425926622297,-2.6993163032007494e-05,0.00980425926622297,1,0,1,0.0,0.0,-0.009804259266222947,-0.009804259266222947,-0.00980425926622297,0.0,-0.00980425926622297,0.0,0.9787036688852899,0.9787036688852899,0.9787036688852899,2.9166666666666665,2.9166666666666665,0,0,False,False
f9e1adf2c1c7b2e3,FRIDAY,0.05,0.0,0.25,MICRO_BOS,2,0.15,PRE_RANGE_MID,2022-01-01T00:00:00+00:00,2022-12-31T23:59:59+00:00,365,18,0.01,10000.0,9901.95740733777,-0.00980425926622297,-2.6993163032007494e-05,0.00980425926622297,1,0,1,0.0,0.0,-0.009804259266222947,-0.009804259266222947,-0.00980425926622297,0.0,-0.00980425926622297,0.0,0.9787036688852899,0.9787036688852899,0.9787036688852899,2.9166666666666665,2.9166666666666665,0,0,False,False
9388c6055fb0b351,ALL,0.05,0.0,0.25,MICRO_BOS,1,0.15,PRE_RANGE_MID,2022-01-01T00:00:00+00:00,2022-12-31T23:59:59+00:00,365,18,0.01,10000.0,9899.335041129647,-0.010066495887035343,-2.7718809448629145e-05,0.010066495887035343,3,1,2,0.3333333333333333,0.48756367371942805,-0.009790783674212664,-0.0033246306283079958,-0.019549987065048402,1.0,-0.010066495887035343,0.0,0.7215079907678181,1.0136242651200593,1.046081628936975,1.75,3.0999999999999996,0,0,False,False
b8e158be958314d5,ALL,0.15,0.0,0.25,MICRO_BOS,1,0.15,PRE_RANGE_MID,2022-01-01T00:00:00+00:00,2022-12-31T23:59:59+00:00,365,18,0.01,10000.0,9899.335041129647,-0.010066495887035343,-2.7718809448629145e-05,0.010066495887035343,3,1,2,0.3333333333333333,0.48756367371942805,-0.009790783674212664,-0.0033246306283079958,-0.019549987065048402,1.0,-0.010066495887035343,0.0,0.7215079907678181,1.0136242651200593,1.046081628936975,1.75,3.0999999999999996,0,0,False,False
d1a39d53720f7327,ALL,0.15,0.1,0.25,MICRO_BOS,1,0.15,PRE_RANGE_MID,2022-01-01T00:00:00+00:00,2022-12-31T23:59:59+00:00,365,18,0.01,10000.0,9899.335041129647,-0.010066495887035343,-2.7718809448629145e-05,0.010066495887035343,3,1,2,0.3333333333333333,0.48756367371942805,-0.009790783674212664,-0.0033246306283079958,-0.019549987065048402,1.0,-0.010066495887035343,0.0,0.7215079907678181,1.0136242651200593,1.046081628936975,1.75,3.0999999999999996,0,0,False,False
fa1a161cfbf81f42,ALL,0.05,0.1,0.25,MICRO_BOS,1,0.15,PRE_RANGE_MID,2022-01-01T00:00:00+00:00,2022-12-31T23:59:59+00:00,365,18,0.01,10000.0,9899.335041129647,-0.010066495887035343,-2.7718809448629145e-05,0.010066495887035343,3,1,2,0.3333333333333333,0.48756367371942805,-0.009790783674212664,-0.0033246306283079958,-0.019549987065048402,1.0,-0.010066495887035343,0.0,0.7215079907678181,1.0136242651200593,1.046081628936975,1.75,3.0999999999999996,0,0,False,False
918dda8034218afa,ALL,0.15,0.0,0.1,MIDPOINT,2,0.05,OPPOSITE_LIQUIDITY,2022-01-01T00:00:00+00:00,2022-12-31T23:59:59+00:00,365,18,0.01,10000.0,9875.7113894442,-0.012428861055579943,-3.426446875198774e-05,0.03891496495153157,17,6,11,0.35294117647058826,0.8833989948387896,-0.009676048081364939,-0.0006443200148156511,-0.06703338996756503,0.9517849709835284,-0.022198225231250812,0.009991149973092694,1.077406685777728,2.0086542151506497,2.0223772858517775,2.4166666666666665,14.46666666666665,5,0,False,False
e29bb6e5c2e9d821,ALL,0.15,0.1,0.1,MIDPOINT,2,0.05,OPPOSITE_LIQUIDITY,2022-01-01T00:00:00+00:00,2022-12-31T23:59:59+00:00,365,18,0.01,10000.0,9875.7113894442,-0.012428861055579943,-3.426446875198774e-05,0.03891496495153157,17,6,11,0.35294117647058826,0.8833989948387896,-0.009676048081364939,-0.0006443200148156511,-0.06703338996756503,0.9517849709835284,-0.022198225231250812,0.009991149973092694,1.077406685777728,2.0086542151506497,2.0223772858517775,2.4166666666666665,14.46666666666665,5,0,False,False
2e78f9350ed1c0bd,ALL,0.15,0.1,0.1,MIDPOINT,2,0.15,OPPOSITE_LIQUIDITY,2022-01-01T00:00:00+00:00,2022-12-31T23:59:59+00:00,365,18,0.01,10000.0,9853.80654927396,-0.014619345072603984,-4.034784562112481e-05,0.03893222002807384,17,6,11,0.35294117647058826,0.8628186552306142,-0.009690888889019166,-0.0007771719225947091,-0.068281619465003,0.9519551356718092,-0.023162285176869357,0.008745506008449144,1.0437246106670581,1.9443494535183443,1.9881154824768879,2.4166666666666665,14.46666666666665,5,0,False,False
8b9eebe2dfc1a8e4,ALL,0.15,0.0,0.1,MIDPOINT,2,0.15,OPPOSITE_LIQUIDITY,2022-01-01T00:00:00+00:00,2022-12-31T23:59:59+00:00,365,18,0.01,10000.0,9853.80654927396,-0.014619345072603984,-4.034784562112481e-05,0.03893222002807384,17,6,11,0.35294117647058826,0.8628186552306142,-0.009690888889019166,-0.0007771719225947091,-0.068281619465003,0.9519551356718092,-0.023162285176869357,0.008745506008449144,1.0437246106670581,1.9443494535183443,1.9881154824768879,2.4166666666666665,14.46666666666665,5,0,False,False
0c1bd42baa1f7724,ALL,0.15,0.1,0.1,MICRO_BOS,1,0.05,PRE_RANGE_MID,2022-01-01T00:00:00+00:00,2022-12-31T23:59:59+00:00,365,18,0.01,10000.0,9807.051123141408,-0.019294887685859297,-5.337792787885043e-05,0.019452869054622846,4,1,3,0.25,0.33942525969873005,-0.009774201987268276,-0.004821922830809606,-0.02911158268578351,1.0,-0.019294887685859297,0.0,0.9131025645128036,1.1647816238196895,1.1801208638887095,2.125,3.1374999999999997,0,0,False,False
11a52e2f8f5ffc60,ALL,0.15,0.0,0.1,MICRO_BOS,1,0.05,PRE_RANGE_MID,2022-01-01T00:00:00+00:00,2022-12-31T23:59:59+00:00,365,18,0.01,10000.0,9807.051123141408,-0.019294887685859297,-5.337792787885043e-05,0.019452869054622846,4,1,3,0.25,0.33942525969873005,-0.009774201987268276,-0.004821922830809606,-0.02911158268578351,1.0,-0.019294887685859297,0.0,0.9131025645128036,1.1647816238196895,1.1801208638887095,2.125,3.1374999999999997,0,0,False,False
55e4c2a838c3b328,FRIDAY,0.05,0.0,0.1,MICRO_BOS,2,0.05,OPPOSITE_LIQUIDITY,2022-01-01T00:00:00+00:00,2022-12-31T23:59:59+00:00,365,18,0.01,10000.0,9805.929941754079,-0.019407005824592094,-5.369114547471021e-05,0.019407005824592094,2,0,2,0.0,0.0,-0.009751043198284435,-0.009751043198284435,-0.019407005824592205,0.0,-0.009798703223893646,-0.009703383172675273,1.2447840085777078,1.4592541238192047,1.4830841366238154,4.75,6.3999999999999995,0,0,False,False
725978a4416813b8,FRIDAY,0.15,0.0,0.1,MICRO_BOS,2,0.05,OPPOSITE_LIQUIDITY,2022-01-01T00:00:00+00:00,2022-12-31T23:59:59+00:00,365,18,0.01,10000.0,9805.929941754079,-0.019407005824592094,-5.369114547471021e-05,0.019407005824592094,2,0,2,0.0,0.0,-0.009751043198284435,-0.009751043198284435,-0.019407005824592205,0.0,-0.009798703223893646,-0.009703383172675273,1.2447840085777078,1.4592541238192047,1.4830841366238154,4.75,6.3999999999999995,0,0,False,False
82eb035a71ce1cf8,FRIDAY,0.05,0.1,0.1,MICRO_BOS,2,0.05,OPPOSITE_LIQUIDITY,2022-01-01T00:00:00+00:00,2022-12-31T23:59:59+00:00,365,18,0.01,10000.0,9805.929941754079,-0.019407005824592094,-5.369114547471021e-05,0.019407005824592094,2,0,2,0.0,0.0,-0.009751043198284435,-0.009751043198284435,-0.019407005824592205,0.0,-0.009798703223893646,-0.009703383172675273,1.2447840085777078,1.4592541238192047,1.4830841366238154,4.75,6.3999999999999995,0,0,False,False
fcc230de1f70be7f,FRIDAY,0.15,0.1,0.1,MICRO_BOS,2,0.05,OPPOSITE_LIQUIDITY,2022-01-01T00:00:00+00:00,2022-12-31T23:59:59+00:00,365,18,0.01,10000.0,9805.929941754079,-0.019407005824592094,-5.369114547471021e-05,0.019407005824592094,2,0,2,0.0,0.0,-0.009751043198284435,-0.009751043198284435,-0.019407005824592205,0.0,-0.009798703223893646,-0.009703383172675273,1.2447840085777078,1.4592541238192047,1.4830841366238154,4.75,6.3999999999999995,0,0,False,False
683115f353b973a0,FRIDAY,0.05,0.1,0.1,MICRO_BOS,2,0.15,OPPOSITE_LIQUIDITY,2022-01-01T00:00:00+00:00,2022-12-31T23:59:59+00:00,365,18,0.01,10000.0,9805.831261587027,-0.01941687384129731,-5.371871486026247e-05,0.01941687384129731,2,0,2,0.0,0.0,-0.009756025776893516,-0.009756025776893516,-0.0194168738412972,0.0,-0.00980425926622297,-0.009707792287564132,1.219871115532572,1.4369218175151262,1.4610385621798543,4.75,6.3999999999999995,0,0,False,False
8cff365fb021ae9e,FRIDAY,0.15,0.1,0.1,MICRO_BOS,2,0.15,OPPOSITE_LIQUIDITY,2022-01-01T00:00:00+00:00,2022-12-31T23:59:59+00:00,365,18,0.01,10000.0,9805.831261587027,-0.01941687384129731,-5.371871486026247e-05,0.01941687384129731,2,0,2,0.0,0.0,-0.009756025776893516,-0.009756025776893516,-0.0194168738412972,0.0,-0.00980425926622297,-0.009707792287564132,1.219871115532572,1.4369218175151262,1.4610385621798543,4.75,6.3999999999999995,0,0,False,False
8ddad928f090ad99,FRIDAY,0.05,0.0,0.1,MICRO_BOS,2,0.15,OPPOSITE_LIQUIDITY,2022-01-01T00:00:00+00:00,2022-12-31T23:59:59+00:00,365,18,0.01,10000.0,9805.831261587027,-0.01941687384129731,-5.371871486026247e-05,0.01941687384129731,2,0,2,0.0,0.0,-0.009756025776893516,-0.009756025776893516,-0.0194168738412972,0.0,-0.00980425926622297,-0.009707792287564132,1.219871115532572,1.4369218175151262,1.4610385621798543,4.75,6.3999999999999995,0,0,False,False
b7bb63e6af908471,FRIDAY,0.15,0.0,0.1,MICRO_BOS,2,0.15,OPPOSITE_LIQUIDITY,2022-01-01T00:00:00+00:00,2022-12-31T23:59:59+00:00,365,18,0.01,10000.0,9805.831261587027,-0.01941687384129731,-5.371871486026247e-05,0.01941687384129731,2,0,2,0.0,0.0,-0.009756025776893516,-0.009756025776893516,-0.0194168738412972,0.0,-0.00980425926622297,-0.009707792287564132,1.219871115532572,1.4369218175151262,1.4610385621798543,4.75,6.3999999999999995,0,0,False,False
0f4a0208384c4e59,FRIDAY,0.05,0.0,0.25,MIDPOINT,2,0.05,OPPOSITE_LIQUIDITY,2022-01-01T00:00:00+00:00,2022-12-31T23:59:59+00:00,365,18,0.01,10000.0,9805.05199765693,-0.01949480023430694,-5.39364362880379e-05,0.01949480023430694,2,0,2,0.0,0.0,-0.00979537479856274,-0.00979537479856274,-0.01949480023430694,0.0,-0.01949480023430694,0.0,1.0231260071859498,1.0328044602472037,1.0338798439206764,1.5416666666666667,2.8541666666666665,0,0,False,False
1735bc670ae42e07,FRIDAY,0.3,0.1,0.25,MIDPOINT,2,0.05,PRE_RANGE_MID,2022-01-01T00:00:00+00:00,2022-12-31T23:59:59+00:00,365,18,0.01,10000.0,9805.05199765693,-0.01949480023430694,-5.39364362880379e-05,0.01949480023430694,2,0,2,0.0,0.0,-0.00979537479856274,-0.00979537479856274,-0.01949480023430694,0.0,-0.01949480023430694,0.0,1.0231260071859498,1.0328044602472037,1.0338798439206764,1.5416666666666667,2.8541666666666665,0,0,False,False
1c209363890c421e,FRIDAY,0.3,0.0,0.25,MIDPOINT,2,0.05,OPPOSITE_LIQUIDITY,2022-01-01T00:00:00+00:00,2022-12-31T23:59:59+00:00,365,18,0.01,10000.0,9805.05199765693,-0.01949480023430694,-5.39364362880379e-05,0.01949480023430694,2,0,2,0.0,0.0,-0.00979537479856274,-0.00979537479856274,-0.01949480023430694,0.0,-0.01949480023430694,0.0,1.0231260071859498,1.0328044602472037,1.0338798439206764,1.5416666666666667,2.8541666666666665,0,0,False,False
241320d2c7c3ab5f,FRIDAY,0.3,0.1,0.1,MIDPOINT,2,0.05,OPPOSITE_LIQUIDITY,2022-01-01T00:00:00+00:00,2022-12-31T23:59:59+00:00,365,18,0.01,10000.0,9805.05199765693,-0.01949480023430694,-5.39364362880379e-05,0.01949480023430694,2,0,2,0.0,0.0,-0.00979537479856274,-0.00979537479856274,-0.01949480023430694,0.0,-0.01949480023430694,0.0,1.0231260071859498,1.0328044602472037,1.0338798439206764,1.5416666666666667,2.8541666666666665,0,0,False,False
38a0d735fd035a19,FRIDAY,0.05,0.0,0.1,MIDPOINT,2,0.05,PRE_RANGE_MID,2022-01-01T00:00:00+00:00,2022-12-31T23:59:59+00:00,365,18,0.01,10000.0,9805.05199765693,-0.01949480023430694,-5.39364362880379e-05,0.01949480023430694,2,0,2,0.0,0.0,-0.00979537479856274,-0.00979537479856274,-0.01949480023430694,0.0,-0.01949480023430694,0.0,1.0231260071859498,1.0328044602472037,1.0338798439206764,1.5416666666666667,2.8541666666666665,0,0,False,False
585d622622290d20,FRIDAY,0.05,0.1,0.1,MIDPOINT,2,0.05,PRE_RANGE_MID,2022-01-01T00:00:00+00:00,2022-12-31T23:59:59+00:00,365,18,0.01,10000.0,9805.05199765693,-0.01949480023430694,-5.39364362880379e-05,0.01949480023430694,2,0,2,0.0,0.0,-0.00979537479856274,-0.00979537479856274,-0.01949480023430694,0.0,-0.01949480023430694,0.0,1.0231260071859498,1.0328044602472037,1.0338798439206764,1.5416666666666667,2.8541666666666665,0,0,False,False
5897fc43b7260c46,FRIDAY,0.3,0.0,0.1,MIDPOINT,2,0.05,OPPOSITE_LIQUIDITY,2022-01-01T00:00:00+00:00,2022-12-31T23:59:59+00:00,365,18,0.01,10000.0,9805.05199765693,-0.01949480023430694,-5.39364362880379e-05,0.01949480023430694,2,0,2,0.0,0.0,-0.00979537479856274,-0.00979537479856274,-0.01949480023430694,0.0,-0.01949480023430694,0.0,1.0231260071859498,1.0328044602472037,1.0338798439206764,1.5416666666666667,2.8541666666666665,0,0,False,False
5a80cea8cbf21996,FRIDAY,0.3,0.1,0.1,MIDPOINT,2,0.05,PRE_RANGE_MID,2022-01-01T00:00:00+00:00,2022-12-31T23:59:59+00:00,365,18,0.01,10000.0,9805.05199765693,-0.01949480023430694,-5.39364362880379e-05,0.01949480023430694,2,0,2,0.0,0.0,-0.00979537479856274,-0.00979537479856274,-0.01949480023430694,0.0,-0.01949480023430694,0.0,1.0231260071859498,1.0328044602472037,1.0338798439206764,1.5416666666666667,2.8541666666666665,0,0,False,False
5d63e99c346ddcad,FRIDAY,0.3,0.0,0.25,MIDPOINT,2,0.05,PRE_RANGE_MID,2022-01-01T00:00:00+00:00,2022-12-31T23:59:59+00:00,365,18,0.01,10000.0,9805.05199765693,-0.01949480023430694,-5.39364362880379e-05,0.01949480023430694,2,0,2,0.0,0.0,-0.00979537479856274,-0.00979537479856274,-0.01949480023430694,0.0,-0.01949480023430694,0.0,1.0231260071859498,1.0328044602472037,1.0338798439206764,1.5416666666666667,2.8541666666666665,0,0,False,False
80f6656496387c3d,FRIDAY,0.15,0.0,0.25,MIDPOINT,2,0.05,PRE_RANGE_MID,2022-01-01T00:00:00+00:00,2022-12-31T23:59:59+00:00,365,18,0.01,10000.0,9805.05199765693,-0.01949480023430694,-5.39364362880379e-05,0.01949480023430694,2,0,2,0.0,0.0,-0.00979537479856274,-0.00979537479856274,-0.01949480023430694,0.0,-0.01949480023430694,0.0,1.0231260071859498,1.0328044602472037,1.0338798439206764,1.5416666666666667,2.8541666666666665,0,0,False,False
a0760f5c97cc67b2,FRIDAY,0.3,0.1,0.25,MIDPOINT,2,0.05,OPPOSITE_LIQUIDITY,2022-01-01T00:00:00+00:00,2022-12-31T23:59:59+00:00,365,18,0.01,10000.0,9805.05199765693,-0.01949480023430694,-5.39364362880379e-05,0.01949480023430694,2,0,2,0.0,0.0,-0.00979537479856274,-0.00979537479856274,-0.01949480023430694,0.0,-0.01949480023430694,0.0,1.0231260071859498,1.0328044602472037,1.0338798439206764,1.5416666666666667,2.8541666666666665,0,0,False,False
a75e674839b6d2ae,FRIDAY,0.05,0.1,0.25,MIDPOINT,2,0.05,OPPOSITE_LIQUIDITY,2022-01-01T00:00:00+00:00,2022-12-31T23:59:59+00:00,365,18,0.01,10000.0,9805.05199765693,-0.01949480023430694,-5.39364362880379e-05,0.01949480023430694,2,0,2,0.0,0.0,-0.00979537479856274,-0.00979537479856274,-0.01949480023430694,0.0,-0.01949480023430694,0.0,1.0231260071859498,1.0328044602472037,1.0338798439206764,1.5416666666666667,2.8541666666666665,0,0,False,False
a82f3704eb69c567,FRIDAY,0.15,0.0,0.25,MIDPOINT,2,0.05,OPPOSITE_LIQUIDITY,2022-01-01T00:00:00+00:00,2022-12-31T23:59:59+00:00,365,18,0.01,10000.0,9805.05199765693,-0.01949480023430694,-5.39364362880379e-05,0.01949480023430694,2,0,2,0.0,0.0,-0.00979537479856274,-0.00979537479856274,-0.01949480023430694,0.0,-0.01949480023430694,0.0,1.0231260071859498,1.0328044602472037,1.0338798439206764,1.5416666666666667,2.8541666666666665,0,0,False,False
a91b8dd6ccf1f0a1,FRIDAY,0.15,0.1,0.1,MIDPOINT,2,0.05,PRE_RANGE_MID,2022-01-01T00:00:00+00:00,2022-12-31T23:59:59+00:00,365,18,0.01,10000.0,9805.05199765693,-0.01949480023430694,-5.39364362880379e-05,0.01949480023430694,2,0,2,0.0,0.0,-0.00979537479856274,-0.00979537479856274,-0.01949480023430694,0.0,-0.01949480023430694,0.0,1.0231260071859498,1.0328044602472037,1.0338798439206764,1.5416666666666667,2.8541666666666665,0,0,False,False
b9dee3582da670e5,FRIDAY,0.15,0.1,0.25,MIDPOINT,2,0.05,OPPOSITE_LIQUIDITY,2022-01-01T00:00:00+00:00,2022-12-31T23:59:59+00:00,365,18,0.01,10000.0,9805.05199765693,-0.01949480023430694,-5.39364362880379e-05,0.01949480023430694,2,0,2,0.0,0.0,-0.00979537479856274,-0.00979537479856274,-0.01949480023430694,0.0,-0.01949480023430694,0.0,1.0231260071859498,1.0328044602472037,1.0338798439206764,1.5416666666666667,2.8541666666666665,0,0,False,False
c98db8589cab9b61,FRIDAY,0.3,0.0,0.1,MIDPOINT,2,0.05,PRE_RANGE_MID,2022-01-01T00:00:00+00:00,2022-12-31T23:59:59+00:00,365,18,0.01,10000.0,9805.05199765693,-0.01949480023430694,-5.39364362880379e-05,0.01949480023430694,2,0,2,0.0,0.0,-0.00979537479856274,-0.00979537479856274,-0.01949480023430694,0.0,-0.01949480023430694,0.0,1.0231260071859498,1.0328044602472037,1.0338798439206764,1.5416666666666667,2.8541666666666665,0,0,False,False
caa6ec63d30a4e79,FRIDAY,0.15,0.0,0.1,MIDPOINT,2,0.05,PRE_RANGE_MID,2022-01-01T00:00:00+00:00,2022-12-31T23:59:59+00:00,365,18,0.01,10000.0,9805.05199765693,-0.01949480023430694,-5.39364362880379e-05,0.01949480023430694,2,0,2,0.0,0.0,-0.00979537479856274,-0.00979537479856274,-0.01949480023430694,0.0,-0.01949480023430694,0.0,1.0231260071859498,1.0328044602472037,1.0338798439206764,1.5416666666666667,2.8541666666666665,0,0,False,False
d446083cf024e26c,FRIDAY,0.05,0.1,0.25,MIDPOINT,2,0.05,PRE_RANGE_MID,2022-01-01T00:00:00+00:00,2022-12-31T23:59:59+00:00,365,18,0.01,10000.0,9805.05199765693,-0.01949480023430694,-5.39364362880379e-05,0.01949480023430694,2,0,2,0.0,0.0,-0.00979537479856274,-0.00979537479856274,-0.01949480023430694,0.0,-0.01949480023430694,0.0,1.0231260071859498,1.0328044602472037,1.0338798439206764,1.5416666666666667,2.8541666666666665,0,0,False,False
e093b4b38f9e6bfc,FRIDAY,0.05,0.0,0.25,MIDPOINT,2,0.05,PRE_RANGE_MID,2022-01-01T00:00:00+00:00,2022-12-31T23:59:59+00:00,365,18,0.01,10000.0,9805.05199765693,-0.01949480023430694,-5.39364362880379e-05,0.01949480023430694,2,0,2,0.0,0.0,-0.00979537479856274,-0.00979537479856274,-0.01949480023430694,0.0,-0.01949480023430694,0.0,1.0231260071859498,1.0328044602472037,1.0338798439206764,1.5416666666666667,2.8541666666666665,0,0,False,False
fec6d0b1192b667e,FRIDAY,0.15,0.1,0.25,MIDPOINT,2,0.05,PRE_RANGE_MID,2022-01-01T00:00:00+00:00,2022-12-31T23:59:59+00:00,365,18,0.01,10000.0,9805.05199765693,-0.01949480023430694,-5.39364362880379e-05,0.01949480023430694,2,0,2,0.0,0.0,-0.00979537479856274,-0.00979537479856274,-0.01949480023430694,0.0,-0.01949480023430694,0.0,1.0231260071859498,1.0328044602472037,1.0338798439206764,1.5416666666666667,2.8541666666666665,0,0,False,False
099a3e7449ba615a,FRIDAY,0.15,0.0,0.1,MIDPOINT,2,0.15,PRE_RANGE_MID,2022-01-01T00:00:00+00:00,2022-12-31T23:59:59+00:00,365,18,0.01,10000.0,9804.898265067424,-0.019510173493257565,-5.397939024209819e-05,0.019510173493257565,2,0,2,0.0,0.0,-0.009803137490731348,-0.009803137490731348,-0.019510173493257454,0.0,-0.019510173493257565,0.0,0.9843125463433183,1.0025678028647214,1.004596164700433,1.5416666666666667,2.8541666666666665,0,0,False,False
1590411dcb64b531,FRIDAY,0.3,0.1,0.1,MIDPOINT,2,0.15,OPPOSITE_LIQUIDITY,2022-01-01T00:00:00+00:00,2022-12-31T23:59:59+00:00,365,18,0.01,10000.0,9804.898265067424,-0.019510173493257565,-5.397939024209819e-05,0.019510173493257565,2,0,2,0.0,0.0,-0.009803137490731348,-0.009803137490731348,-0.019510173493257454,0.0,-0.019510173493257565,0.0,0.9843125463433183,1.0025678028647214,1.004596164700433,1.5416666666666667,2.8541666666666665,0,0,False,False
18a5bbe881a0800e,FRIDAY,0.15,0.1,0.25,MIDPOINT,2,0.15,PRE_RANGE_MID,2022-01-01T00:00:00+00:00,2022-12-31T23:59:59+00:00,365,18,0.01,10000.0,9804.898265067424,-0.019510173493257565,-5.397939024209819e-05,0.019510173493257565,2,0,2,0.0,0.0,-0.009803137490731348,-0.009803137490731348,-0.019510173493257454,0.0,-0.019510173493257565,0.0,0.9843125463433183,1.0025678028647214,1.004596164700433,1.5416666666666667,2.8541666666666665,0,0,False,False
20b604f79452e277,FRIDAY,0.05,0.1,0.25,MIDPOINT,2,0.15,PRE_RANGE_MID,2022-01-01T00:00:00+00:00,2022-12-31T23:59:59+00:00,365,18,0.01,10000.0,9804.898265067424,-0.019510173493257565,-5.397939024209819e-05,0.019510173493257565,2,0,2,0.0,0.0,-0.009803137490731348,-0.009803137490731348,-0.019510173493257454,0.0,-0.019510173493257565,0.0,0.9843125463433183,1.0025678028647214,1.004596164700433,1.5416666666666667,2.8541666666666665,0,0,False,False
28a668d04062754f,FRIDAY,0.3,0.1,0.25,MIDPOINT,2,0.15,OPPOSITE_LIQUIDITY,2022-01-01T00:00:00+00:00,2022-12-31T23:59:59+00:00,365,18,0.01,10000.0,9804.898265067424,-0.019510173493257565,-5.397939024209819e-05,0.019510173493257565,2,0,2,0.0,0.0,-0.009803137490731348,-0.009803137490731348,-0.019510173493257454,0.0,-0.019510173493257565,0.0,0.9843125463433183,1.0025678028647214,1.004596164700433,1.5416666666666667,2.8541666666666665,0,0,False,False
3d098d780dc6133f,FRIDAY,0.3,0.0,0.25,MIDPOINT,2,0.15,PRE_RANGE_MID,2022-01-01T00:00:00+00:00,2022-12-31T23:59:59+00:00,365,18,0.01,10000.0,9804.898265067424,-0.019510173493257565,-5.397939024209819e-05,0.019510173493257565,2,0,2,0.0,0.0,-0.009803137490731348,-0.009803137490731348,-0.019510173493257454,0.0,-0.019510173493257565,0.0,0.9843125463433183,1.0025678028647214,1.004596164700433,1.5416666666666667,2.8541666666666665,0,0,False,False
47fe910546350b9e,FRIDAY,0.3,0.0,0.25,MIDPOINT,2,0.15,OPPOSITE_LIQUIDITY,2022-01-01T00:00:00+00:00,2022-12-31T23:59:59+00:00,365,18,0.01,10000.0,9804.898265067424,-0.019510173493257565,-5.397939024209819e-05,0.019510173493257565,2,0,2,0.0,0.0,-0.009803137490731348,-0.009803137490731348,-0.019510173493257454,0.0,-0.019510173493257565,0.0,0.9843125463433183,1.0025678028647214,1.004596164700433,1.5416666666666667,2.8541666666666665,0,0,False,False
7158e83713c3dd2c,FRIDAY,0.3,0.1,0.1,MIDPOINT,2,0.15,PRE_RANGE_MID,2022-01-01T00:00:00+00:00,2022-12-31T23:59:59+00:00,365,18,0.01,10000.0,9804.898265067424,-0.019510173493257565,-5.397939024209819e-05,0.019510173493257565,2,0,2,0.0,0.0,-0.009803137490731348,-0.009803137490731348,-0.019510173493257454,0.0,-0.019510173493257565,0.0,0.9843125463433183,1.0025678028647214,1.004596164700433,1.5416666666666667,2.8541666666666665,0,0,False,False
a240b44be2f52389,FRIDAY,0.15,0.1,0.1,MIDPOINT,2,0.15,PRE_RANGE_MID,2022-01-01T00:00:00+00:00,2022-12-31T23:59:59+00:00,365,18,0.01,10000.0,9804.898265067424,-0.019510173493257565,-5.397939024209819e-05,0.019510173493257565,2,0,2,0.0,0.0,-0.009803137490731348,-0.009803137490731348,-0.019510173493257454,0.0,-0.019510173493257565,0.0,0.9843125463433183,1.0025678028647214,1.004596164700433,1.5416666666666667,2.8541666666666665,0,0,False,False
a950746d90c1c802,FRIDAY,0.05,0.0,0.25,MIDPOINT,2,0.15,OPPOSITE_LIQUIDITY,2022-01-01T00:00:00+00:00,2022-12-31T23:59:59+00:00,365,18,0.01,10000.0,9804.898265067424,-0.019510173493257565,-5.397939024209819e-05,0.019510173493257565,2,0,2,0.0,0.0,-0.009803137490731348,-0.009803137490731348,-0.019510173493257454,0.0,-0.019510173493257565,0.0,0.9843125463433183,1.0025678028647214,1.004596164700433,1.5416666666666667,2.8541666666666665,0,0,False,False
ba67fc77d0a90e6d,FRIDAY,0.3,0.1,0.25,MIDPOINT,2,0.15,PRE_RANGE_MID,2022-01-01T00:00:00+00:00,2022-12-31T23:59:59+00:00,365,18,0.01,10000.0,9804.898265067424,-0.019510173493257565,-5.397939024209819e-05,0.019510173493257565,2,0,2,0.0,0.0,-0.009803137490731348,-0.009803137490731348,-0.019510173493257454,0.0,-0.019510173493257565,0.0,0.9843125463433183,1.0025678028647214,1.004596164700433,1.5416666666666667,2.8541666666666665,0,0,False,False
bc00f250b9d0eb15,FRIDAY,0.05,0.0,0.25,MIDPOINT,2,0.15,PRE_RANGE_MID,2022-01-01T00:00:00+00:00,2022-12-31T23:59:59+00:00,365,18,0.01,10000.0,9804.898265067424,-0.019510173493257565,-5.397939024209819e-05,0.019510173493257565,2,0,2,0.0,0.0,-0.009803137490731348,-0.009803137490731348,-0.019510173493257454,0.0,-0.019510173493257565,0.0,0.9843125463433183,1.0025678028647214,1.004596164700433,1.5416666666666667,2.8541666666666665,0,0,False,False
c13bc5e975c17b2f,FRIDAY,0.3,0.0,0.1,MIDPOINT,2,0.15,OPPOSITE_LIQUIDITY,2022-01-01T00:00:00+00:00,2022-12-31T23:59:59+00:00,365,18,0.01,10000.0,9804.898265067424,-0.019510173493257565,-5.397939024209819e-05,0.019510173493257565,2,0,2,0.0,0.0,-0.009803137490731348,-0.009803137490731348,-0.019510173493257454,0.0,-0.019510173493257565,0.0,0.9843125463433183,1.0025678028647214,1.004596164700433,1.5416666666666667,2.8541666666666665,0,0,False,False
c3729831cf0d5199,FRIDAY,0.05,0.1,0.1,MIDPOINT,2,0.15,PRE_RANGE_MID,2022-01-01T00:00:00+00:00,2022-12-31T23:59:59+00:00,365,18,0.01,10000.0,9804.898265067424,-0.019510173493257565,-5.397939024209819e-05,0.019510173493257565,2,0,2,0.0,0.0,-0.009803137490731348,-0.009803137490731348,-0.019510173493257454,0.0,-0.019510173493257565,0.0,0.9843125463433183,1.0025678028647214,1.004596164700433,1.5416666666666667,2.8541666666666665,0,0,False,False
c9e7550f1798de0a,FRIDAY,0.15,0.0,0.25,MIDPOINT,2,0.15,PRE_RANGE_MID,2022-01-01T00:00:00+00:00,2022-12-31T23:59:59+00:00,365,18,0.01,10000.0,9804.898265067424,-0.019510173493257565,-5.397939024209819e-05,0.019510173493257565,2,0,2,0.0,0.0,-0.009803137490731348,-0.009803137490731348,-0.019510173493257454,0.0,-0.019510173493257565,0.0,0.9843125463433183,1.0025678028647214,1.004596164700433,1.5416666666666667,2.8541666666666665,0,0,False,False
d51d7cdcb7856584,FRIDAY,0.15,0.1,0.25,MIDPOINT,2,0.15,OPPOSITE_LIQUIDITY,2022-01-01T00:00:00+00:00,2022-12-31T23:59:59+00:00,365,18,0.01,10000.0,9804.898265067424,-0.019510173493257565,-5.397939024209819e-05,0.019510173493257565,2,0,2,0.0,0.0,-0.009803137490731348,-0.009803137490731348,-0.019510173493257454,0.0,-0.019510173493257565,0.0,0.9843125463433183,1.0025678028647214,1.004596164700433,1.5416666666666667,2.8541666666666665,0,0,False,False
e892f5e18985345b,FRIDAY,0.15,0.0,0.25,MIDPOINT,2,0.15,OPPOSITE_LIQUIDITY,2022-01-01T00:00:00+00:00,2022-12-31T23:59:59+00:00,365,18,0.01,10000.0,9804.898265067424,-0.019510173493257565,-5.397939024209819e-05,0.019510173493257565,2,0,2,0.0,0.0,-0.009803137490731348,-0.009803137490731348,-0.019510173493257454,0.0,-0.019510173493257565,0.0,0.9843125463433183,1.0025678028647214,1.004596164700433,1.5416666666666667,2.8541666666666665,0,0,False,False
edd2cd778cabe379,FRIDAY,0.05,0.0,0.1,MIDPOINT,2,0.15,PRE_RANGE_MID,2022-01-01T00:00:00+00:00,2022-12-31T23:59:59+00:00,365,18,0.01,10000.0,9804.898265067424,-0.019510173493257565,-5.397939024209819e-05,0.019510173493257565,2,0,2,0.0,0.0,-0.009803137490731348,-0.009803137490731348,-0.019510173493257454,0.0,-0.019510173493257565,0.0,0.9843125463433183,1.0025678028647214,1.004596164700433,1.5416666666666667,2.8541666666666665,0,0,False,False
f929a9b03d07dbab,FRIDAY,0.3,0.0,0.1,MIDPOINT,2,0.15,PRE_RANGE_MID,2022-01-01T00:00:00+00:00,2022-12-31T23:59:59+00:00,365,18,0.01,10000.0,9804.898265067424,-0.019510173493257565,-5.397939024209819e-05,0.019510173493257565,2,0,2,0.0,0.0,-0.009803137490731348,-0.009803137490731348,-0.019510173493257454,0.0,-0.019510173493257565,0.0,0.9843125463433183,1.0025678028647214,1.004596164700433,1.5416666666666667,2.8541666666666665,0,0,False,False
fb39e34e54d8a3f3,FRIDAY,0.05,0.1,0.25,MIDPOINT,2,0.15,OPPOSITE_LIQUIDITY,2022-01-01T00:00:00+00:00,2022-12-31T23:59:59+00:00,365,18,0.01,10000.0,9804.898265067424,-0.019510173493257565,-5.397939024209819e-05,0.019510173493257565,2,0,2,0.0,0.0,-0.009803137490731348,-0.009803137490731348,-0.019510173493257454,0.0,-0.019510173493257565,0.0,0.9843125463433183,1.0025678028647214,1.004596164700433,1.5416666666666667,2.8541666666666665,0,0,False,False
23e598585967c875,FRIDAY,0.05,0.0,0.25,MICRO_BOS,1,0.05,PRE_RANGE_MID,2022-01-01T00:00:00+00:00,2022-12-31T23:59:59+00:00,365,18,0.01,10000.0,9804.61620880008,-0.01953837911999201,-5.405820047010845e-05,0.01953837911999201,2,0,2,0.0,0.0,-0.009817379487097423,-0.009817379487097423,-0.01953837911999201,0.0,-0.01953837911999201,0.0,0.9131025645128036,1.0613835935369995,1.0778592634285769,1.8333333333333333,3.1083333333333334,0,0,False,False
255fe2a907099ef0,FRIDAY,0.15,0.0,0.25,MIDPOINT,1,0.05,PRE_RANGE_MID,2022-01-01T00:00:00+00:00,2022-12-31T23:59:59+00:00,365,18,0.01,10000.0,9804.61620880008,-0.01953837911999201,-5.405820047010845e-05,0.01953837911999201,2,0,2,0.0,0.0,-0.009817379487097423,-0.009817379487097423,-0.01953837911999201,0.0,-0.01953837911999201,0.0,0.9131025645128036,1.0613835935369995,1.0778592634285769,1.8333333333333333,3.1083333333333334,0,0,False,False
29c445a3b1ee3fbd,FRIDAY,0.3,0.1,0.25,MIDPOINT,1,0.05,PRE_RANGE_MID,2022-01-01T00:00:00+00:00,2022-12-31T23:59:59+00:00,365,18,0.01,10000.0,9804.61620880008,-0.01953837911999201,-5.405820047010845e-05,0.01953837911999201,2,0,2,0.0,0.0,-0.009817379487097423,-0.009817379487097423,-0.01953837911999201,0.0,-0.01953837911999201,0.0,0.9131025645128036,1.0613835935369995,1.0778592634285769,1.8333333333333333,3.1083333333333334,0,0,False,False
2d95532a3361a886,FRIDAY,0.3,0.0,0.1,MICRO_BOS,1,0.05,PRE_RANGE_MID,2022-01-01T00:00:00+00:00,2022-12-31T23:59:59+00:00,365,18,0.01,10000.0,9804.61620880008,-0.01953837911999201,-5.405820047010845e-05,0.01953837911999201,2,0,2,0.0,0.0,-0.009817379487097423,-0.009817379487097423,-0.01953837911999201,0.0,-0.01953837911999201,0.0,0.9131025645128036,1.0613835935369995,1.0778592634285769,1.8333333333333333,3.1083333333333334,0,0,False,False
2e9a56c2dda8e273,FRIDAY,0.15,0.1,0.1,MICRO_BOS,1,0.05,PRE_RANGE_MID,2022-01-01T00:00:00+00:00,2022-12-31T23:59:59+00:00,365,18,0.01,10000.0,9804.61620880008,-0.01953837911999201,-5.405820047010845e-05,0.01953837911999201,2,0,2,0.0,0.0,-0.009817379487097423,-0.009817379487097423,-0.01953837911999201,0.0,-0.01953837911999201,0.0,0.9131025645128036,1.0613835935369995,1.0778592634285769,1.8333333333333333,3.1083333333333334,0,0,False,False
2f0bd317cfe0a106,FRIDAY,0.05,0.0,0.1,MICRO_BOS,1,0.05,PRE_RANGE_MID,2022-01-01T00:00:00+00:00,2022-12-31T23:59:59+00:00,365,18,0.01,10000.0,9804.61620880008,-0.01953837911999201,-5.405820047010845e-05,0.01953837911999201,2,0,2,0.0,0.0,-0.009817379487097423,-0.009817379487097423,-0.01953837911999201,0.0,-0.01953837911999201,0.0,0.9131025645128036,1.0613835935369995,1.0778592634285769,1.8333333333333333,3.1083333333333334,0,0,False,False
3b9ecd80b4ae0dfc,ALL,0.3,0.1,0.25,MICRO_BOS,1,0.05,PRE_RANGE_MID,2022-01-01T00:00:00+00:00,2022-12-31T23:59:59+00:00,365,18,0.01,10000.0,9804.61620880008,-0.01953837911999201,-5.405820047010845e-05,0.01953837911999201,2,0,2,0.0,0.0,-0.009817379487097423,-0.009817379487097423,-0.01953837911999201,0.0,-0.01953837911999201,0.0,0.9131025645128036,1.0613835935369995,1.0778592634285769,1.8333333333333333,3.1083333333333334,0,0,False,False
56617316c9341d44,FRIDAY,0.3,0.1,0.1,MICRO_BOS,1,0.05,PRE_RANGE_MID,2022-01-01T00:00:00+00:00,2022-12-31T23:59:59+00:00,365,18,0.01,10000.0,9804.61620880008,-0.01953837911999201,-5.405820047010845e-05,0.01953837911999201,2,0,2,0.0,0.0,-0.009817379487097423,-0.009817379487097423,-0.01953837911999201,0.0,-0.01953837911999201,0.0,0.9131025645128036,1.0613835935369995,1.0778592634285769,1.8333333333333333,3.1083333333333334,0,0,False,False
5a17b2cb59daae5f,FRIDAY,0.3,0.0,0.25,MIDPOINT,1,0.05,PRE_RANGE_MID,2022-01-01T00:00:00+00:00,2022-12-31T23:59:59+00:00,365,18,0.01,10000.0,9804.61620880008,-0.01953837911999201,-5.405820047010845e-05,0.01953837911999201,2,0,2,0.0,0.0,-0.009817379487097423,-0.009817379487097423,-0.01953837911999201,0.0,-0.01953837911999201,0.0,0.9131025645128036,1.0613835935369995,1.0778592634285769,1.8333333333333333,3.1083333333333334,0,0,False,False
5bab0d43418f6596,FRIDAY,0.15,0.0,0.1,MICRO_BOS,1,0.05,PRE_RANGE_MID,2022-01-01T00:00:00+00:00,2022-12-31T23:59:59+00:00,365,18,0.01,10000.0,9804.61620880008,-0.01953837911999201,-5.405820047010845e-05,0.01953837911999201,2,0,2,0.0,0.0,-0.009817379487097423,-0.009817379487097423,-0.01953837911999201,0.0,-0.01953837911999201,0.0,0.9131025645128036,1.0613835935369995,1.0778592634285769,1.8333333333333333,3.1083333333333334,0,0,False,False
66c90e339c7d8c36,FRIDAY,0.3,0.0,0.1,MIDPOINT,1,0.05,PRE_RANGE_MID,2022-01-01T00:00:00+00:00,2022-12-31T23:59:59+00:00,365,18,0.01,10000.0,9804.61620880008,-0.01953837911999201,-5.405820047010845e-05,0.01953837911999201,2,0,2,0.0,0.0,-0.009817379487097423,-0.009817379487097423,-0.01953837911999201,0.0,-0.01953837911999201,0.0,0.9131025645128036,1.0613835935369995,1.0778592634285769,1.8333333333333333,3.1083333333333334,0,0,False,False
689e90e9fe6d9631,FRIDAY,0.15,0.1,0.1,MIDPOINT,1,0.05,PRE_RANGE_MID,2022-01-01T00:00:00+00:00,2022-12-31T23:59:59+00:00,365,18,0.01,10000.0,9804.61620880008,-0.01953837911999201,-5.405820047010845e-05,0.01953837911999201,2,0,2,0.0,0.0,-0.009817379487097423,-0.009817379487097423,-0.01953837911999201,0.0,-0.01953837911999201,0.0,0.9131025645128036,1.0613835935369995,1.0778592634285769,1.8333333333333333,3.1083333333333334,0,0,False,False
6d1c0bb0a7f8ad85,FRIDAY,0.3,0.1,0.25,MICRO_BOS,1,0.05,PRE_RANGE_MID,2022-01-01T00:00:00+00:00,2022-12-31T23:59:59+00:00,365,18,0.01,10000.0,9804.61620880008,-0.01953837911999201,-5.405820047010845e-05,0.01953837911999201,2,0,2,0.0,0.0,-0.009817379487097423,-0.009817379487097423,-0.01953837911999201,0.0,-0.01953837911999201,0.0,0.9131025645128036,1.0613835935369995,1.0778592634285769,1.8333333333333333,3.1083333333333334,0,0,False,False
93f2e3abcea1e4d0,FRIDAY,0.05,0.0,0.1,MIDPOINT,1,0.05,PRE_RANGE_MID,2022-01-01T00:00:00+00:00,2022-12-31T23:59:59+00:00,365,18,0.01,10000.0,9804.61620880008,-0.01953837911999201,-5.405820047010845e-05,0.01953837911999201,2,0,2,0.0,0.0,-0.009817379487097423,-0.009817379487097423,-0.01953837911999201,0.0,-0.01953837911999201,0.0,0.9131025645128036,1.0613835935369995,1.0778592634285769,1.8333333333333333,3.1083333333333334,0,0,False,False
9e0c7dd47458156f,ALL,0.3,0.1,0.1,MICRO_BOS,1,0.05,PRE_RANGE_MID,2022-01-01T00:00:00+00:00,2022-12-31T23:59:59+00:00,365,18,0.01,10000.0,9804.61620880008,-0.01953837911999201,-5.405820047010845e-05,0.01953837911999201,2,0,2,0.0,0.0,-0.009817379487097423,-0.009817379487097423,-0.01953837911999201,0.0,-0.01953837911999201,0.0,0.9131025645128036,1.0613835935369995,1.0778592634285769,1.8333333333333333,3.1083333333333334,0,0,False,False
a45d974b1dd49cf1,FRIDAY,0.05,0.1,0.25,MIDPOINT,1,0.05,PRE_RANGE_MID,2022-01-01T00:00:00+00:00,2022-12-31T23:59:59+00:00,365,18,0.01,10000.0,9804.61620880008,-0.01953837911999201,-5.405820047010845e-05,0.01953837911999201,2,0,2,0.0,0.0,-0.009817379487097423,-0.009817379487097423,-0.01953837911999201,0.0,-0.01953837911999201,0.0,0.9131025645128036,1.0613835935369995,1.0778592634285769,1.8333333333333333,3.1083333333333334,0,0,False,False
b1eae9d060054f28,FRIDAY,0.05,0.0,0.25,MIDPOINT,1,0.05,PRE_RANGE_MID,2022-01-01T00:00:00+00:00,2022-12-31T23:59:59+00:00,365,18,0.01,10000.0,9804.61620880008,-0.01953837911999201,-5.405820047010845e-05,0.01953837911999201,2,0,2,0.0,0.0,-0.009817379487097423,-0.009817379487097423,-0.01953837911999201,0.0,-0.01953837911999201,0.0,0.9131025645128036,1.0613835935369995,1.0778592634285769,1.8333333333333333,3.1083333333333334,0,0,False,False
bceb592398d90e63,FRIDAY,0.05,0.1,0.25,MICRO_BOS,1,0.05,PRE_RANGE_MID,2022-01-01T00:00:00+00:00,2022-12-31T23:59:59+00:00,365,18,0.01,10000.0,9804.61620880008,-0.01953837911999201,-5.405820047010845e-05,0.01953837911999201,2,0,2,0.0,0.0,-0.009817379487097423,-0.009817379487097423,-0.01953837911999201,0.0,-0.01953837911999201,0.0,0.9131025645128036,1.0613835935369995,1.0778592634285769,1.8333333333333333,3.1083333333333334,0,0,False,False
c14ef1e3661840f4,FRIDAY,0.15,0.0,0.1,MIDPOINT,1,0.05,PRE_RANGE_MID,2022-01-01T00:00:00+00:00,2022-12-31T23:59:59+00:00,365,18,0.01,10000.0,9804.61620880008,-0.01953837911999201,-5.405820047010845e-05,0.01953837911999201,2,0,2,0.0,0.0,-0.009817379487097423,-0.009817379487097423,-0.01953837911999201,0.0,-0.01953837911999201,0.0,0.9131025645128036,1.0613835935369995,1.0778592634285769,1.8333333333333333,3.1083333333333334,0,0,False,False
c4cf56e9c17f8671,FRIDAY,0.15,0.1,0.25,MICRO_BOS,1,0.05,PRE_RANGE_MID,2022-01-01T00:00:00+00:00,2022-12-31T23:59:59+00:00,365,18,0.01,10000.0,9804.61620880008,-0.01953837911999201,-5.405820047010845e-05,0.01953837911999201,2,0,2,0.0,0.0,-0.009817379487097423,-0.009817379487097423,-0.01953837911999201,0.0,-0.01953837911999201,0.0,0.9131025645128036,1.0613835935369995,1.0778592634285769,1.8333333333333333,3.1083333333333334,0,0,False,False
da8392a8b33ede00,FRIDAY,0.3,0.1,0.1,MIDPOINT,1,0.05,PRE_RANGE_MID,2022-01-01T00:00:00+00:00,2022-12-31T23:59:59+00:00,365,18,0.01,10000.0,9804.61620880008,-0.01953837911999201,-5.405820047010845e-05,0.01953837911999201,2,0,2,0.0,0.0,-0.009817379487097423,-0.009817379487097423,-0.01953837911999201,0.0,-0.01953837911999201,0.0,0.9131025645128036,1.0613835935369995,1.0778592634285769,1.8333333333333333,3.1083333333333334,0,0,False,False
db27446b754303d7,FRIDAY,0.15,0.1,0.25,MIDPOINT,1,0.05,PRE_RANGE_MID,2022-01-01T00:00:00+00:00,2022-12-31T23:59:59+00:00,365,18,0.01,10000.0,9804.61620880008,-0.01953837911999201,-5.405820047010845e-05,0.01953837911999201,2,0,2,0.0,0.0,-0.009817379487097423,-0.009817379487097423,-0.01953837911999201,0.0,-0.01953837911999201,0.0,0.9131025645128036,1.0613835935369995,1.0778592634285769,1.8333333333333333,3.1083333333333334,0,0,False,False
dec1d490f9d1c026,FRIDAY,0.05,0.1,0.1,MIDPOINT,1,0.05,PRE_RANGE_MID,2022-01-01T00:00:00+00:00,2022-12-31T23:59:59+00:00,365,18,0.01,10000.0,9804.61620880008,-0.01953837911999201,-5.405820047010845e-05,0.01953837911999201,2,0,2,0.0,0.0,-0.009817379487097423,-0.009817379487097423,-0.01953837911999201,0.0,-0.01953837911999201,0.0,0.9131025645128036,1.0613835935369995,1.0778592634285769,1.8333333333333333,3.1083333333333334,0,0,False,False
e566176e97e5de07,FRIDAY,0.05,0.1,0.1,MICRO_BOS,1,0.05,PRE_RANGE_MID,2022-01-01T00:00:00+00:00,2022-12-31T23:59:59+00:00,365,18,0.01,10000.0,9804.61620880008,-0.01953837911999201,-5.405820047010845e-05,0.01953837911999201,2,0,2,0.0,0.0,-0.009817379487097423,-0.009817379487097423,-0.01953837911999201,0.0,-0.01953837911999201,0.0,0.9131025645128036,1.0613835935369995,1.0778592634285769,1.8333333333333333,3.1083333333333334,0,0,False,False
e74bf020f099d35a,FRIDAY,0.15,0.0,0.25,MICRO_BOS,1,0.05,PRE_RANGE_MID,2022-01-01T00:00:00+00:00,2022-12-31T23:59:59+00:00,365,18,0.01,10000.0,9804.61620880008,-0.01953837911999201,-5.405820047010845e-05,0.01953837911999201,2,0,2,0.0,0.0,-0.009817379487097423,-0.009817379487097423,-0.01953837911999201,0.0,-0.01953837911999201,0.0,0.9131025645128036,1.0613835935369995,1.0778592634285769,1.8333333333333333,3.1083333333333334,0,0,False,False
e98d6764cd417e34,ALL,0.3,0.0,0.1,MICRO_BOS,1,0.05,PRE_RANGE_MID,2022-01-01T00:00:00+00:00,2022-12-31T23:59:59+00:00,365,18,0.01,10000.0,9804.61620880008,-0.01953837911999201,-5.405820047010845e-05,0.01953837911999201,2,0,2,0.0,0.0,-0.009817379487097423,-0.009817379487097423,-0.01953837911999201,0.0,-0.01953837911999201,0.0,0.9131025645128036,1.0613835935369995,1.0778592634285769,1.8333333333333333,3.1083333333333334,0,0,False,False
ed191c1e7d83b82e,FRIDAY,0.3,0.0,0.25,MICRO_BOS,1,0.05,PRE_RANGE_MID,2022-01-01T00:00:00+00:00,2022-12-31T23:59:59+00:00,365,18,0.01,10000.0,9804.61620880008,-0.01953837911999201,-5.405820047010845e-05,0.01953837911999201,2,0,2,0.0,0.0,-0.009817379487097423,-0.009817379487097423,-0.01953837911999201,0.0,-0.01953837911999201,0.0,0.9131025645128036,1.0613835935369995,1.0778592634285769,1.8333333333333333,3.1083333333333334,0,0,False,False
fb77c27633dd6bc6,ALL,0.3,0.0,0.25,MICRO_BOS,1,0.05,PRE_RANGE_MID,2022-01-01T00:00:00+00:00,2022-12-31T23:59:59+00:00,365,18,0.01,10000.0,9804.61620880008,-0.01953837911999201,-5.405820047010845e-05,0.01953837911999201,2,0,2,0.0,0.0,-0.009817379487097423,-0.009817379487097423,-0.01953837911999201,0.0,-0.01953837911999201,0.0,0.9131025645128036,1.0613835935369995,1.0778592634285769,1.8333333333333333,3.1083333333333334,0,0,False,False
08518bd34a74003d,FRIDAY,0.3,0.0,0.25,MIDPOINT,1,0.15,PRE_RANGE_MID,2022-01-01T00:00:00+00:00,2022-12-31T23:59:59+00:00,365,18,0.01,10000.0,9804.500129349517,-0.01954998706504829,-5.4090635250858554e-05,0.01954998706504829,2,0,2,0.0,0.0,-0.009823241038029534,-0.009823241038029534,-0.019549987065048402,0.0,-0.01954998706504829,0.0,0.8837948098523966,1.0298529470285172,1.046081628936975,1.8333333333333333,3.1083333333333334,0,0,False,False
0d6b6e62a8f2603f,FRIDAY,0.3,0.1,0.25,MIDPOINT,1,0.15,PRE_RANGE_MID,2022-01-01T00:00:00+00:00,2022-12-31T23:59:59+00:00,365,18,0.01,10000.0,9804.500129349517,-0.01954998706504829,-5.4090635250858554e-05,0.01954998706504829,2,0,2,0.0,0.0,-0.009823241038029534,-0.009823241038029534,-0.019549987065048402,0.0,-0.01954998706504829,0.0,0.8837948098523966,1.0298529470285172,1.046081628936975,1.8333333333333333,3.1083333333333334,0,0,False,False
11e8b111515d29d8,FRIDAY,0.05,0.0,0.25,MICRO_BOS,1,0.15,PRE_RANGE_MID,2022-01-01T00:00:00+00:00,2022-12-31T23:59:59+00:00,365,18,0.01,10000.0,9804.500129349517,-0.01954998706504829,-5.4090635250858554e-05,0.01954998706504829,2,0,2,0.0,0.0,-0.009823241038029534,-0.009823241038029534,-0.019549987065048402,0.0,-0.01954998706504829,0.0,0.8837948098523966,1.0298529470285172,1.046081628936975,1.8333333333333333,3.1083333333333334,0,0,False,False
2d1d7a57ba5a6d41,FRIDAY,0.15,0.1,0.25,MICRO_BOS,1,0.15,PRE_RANGE_MID,2022-01-01T00:00:00+00:00,2022-12-31T23:59:59+00:00,365,18,0.01,10000.0,9804.500129349517,-0.01954998706504829,-5.4090635250858554e-05,0.01954998706504829,2,0,2,0.0,0.0,-0.009823241038029534,-0.009823241038029534,-0.019549987065048402,0.0,-0.01954998706504829,0.0,0.8837948098523966,1.0298529470285172,1.046081628936975,1.8333333333333333,3.1083333333333334,0,0,False,False
40e760da378f1528,FRIDAY,0.05,0.0,0.1,MIDPOINT,1,0.15,PRE_RANGE_MID,2022-01-01T00:00:00+00:00,2022-12-31T23:59:59+00:00,365,18,0.01,10000.0,9804.500129349517,-0.01954998706504829,-5.4090635250858554e-05,0.01954998706504829,2,0,2,0.0,0.0,-0.009823241038029534,-0.009823241038029534,-0.019549987065048402,0.0,-0.01954998706504829,0.0,0.8837948098523966,1.0298529470285172,1.046081628936975,1.8333333333333333,3.1083333333333334,0,0,False,False
48cd79ce9b343496,FRIDAY,0.05,0.0,0.1,MICRO_BOS,1,0.15,PRE_RANGE_MID,2022-01-01T00:00:00+00:00,2022-12-31T23:59:59+00:00,365,18,0.01,10000.0,9804.500129349517,-0.01954998706504829,-5.4090635250858554e-05,0.01954998706504829,2,0,2,0.0,0.0,-0.009823241038029534,-0.009823241038029534,-0.019549987065048402,0.0,-0.01954998706504829,0.0,0.8837948098523966,1.0298529470285172,1.046081628936975,1.8333333333333333,3.1083333333333334,0,0,False,False
5756b13d854dbe39,FRIDAY,0.05,0.0,0.25,MIDPOINT,1,0.15,PRE_RANGE_MID,2022-01-01T00:00:00+00:00,2022-12-31T23:59:59+00:00,365,18,0.01,10000.0,9804.500129349517,-0.01954998706504829,-5.4090635250858554e-05,0.01954998706504829,2,0,2,0.0,0.0,-0.009823241038029534,-0.009823241038029534,-0.019549987065048402,0.0,-0.01954998706504829,0.0,0.8837948098523966,1.0298529470285172,1.046081628936975,1.8333333333333333,3.1083333333333334,0,0,False,False
5c56d6188d98076e,ALL,0.3,0.0,0.25,MICRO_BOS,1,0.15,PRE_RANGE_MID,2022-01-01T00:00:00+00:00,2022-12-31T23:59:59+00:00,365,18,0.01,10000.0,9804.500129349517,-0.01954998706504829,-5.4090635250858554e-05,0.01954998706504829,2,0,2,0.0,0.0,-0.009823241038029534,-0.009823241038029534,-0.019549987065048402,0.0,-0.01954998706504829,0.0,0.8837948098523966,1.0298529470285172,1.046081628936975,1.8333333333333333,3.1083333333333334,0,0,False,False
625128d55907f666,FRIDAY,0.15,0.0,0.1,MIDPOINT,1,0.15,PRE_RANGE_MID,2022-01-01T00:00:00+00:00,2022-12-31T23:59:59+00:00,365,18,0.01,10000.0,9804.500129349517,-0.01954998706504829,-5.4090635250858554e-05,0.01954998706504829,2,0,2,0.0,0.0,-0.009823241038029534,-0.009823241038029534,-0.019549987065048402,0.0,-0.01954998706504829,0.0,0.8837948098523966,1.0298529470285172,1.046081628936975,1.8333333333333333,3.1083333333333334,0,0,False,False
687ffd7707f327de,FRIDAY,0.15,0.0,0.25,MIDPOINT,1,0.15,PRE_RANGE_MID,2022-01-01T00:00:00+00:00,2022-12-31T23:59:59+00:00,365,18,0.01,10000.0,9804.500129349517,-0.01954998706504829,-5.4090635250858554e-05,0.01954998706504829,2,0,2,0.0,0.0,-0.009823241038029534,-0.009823241038029534,-0.019549987065048402,0.0,-0.01954998706504829,0.0,0.8837948098523966,1.0298529470285172,1.046081628936975,1.8333333333333333,3.1083333333333334,0,0,False,False
6887fa4ea73c9163,FRIDAY,0.15,0.1,0.1,MIDPOINT,1,0.15,PRE_RANGE_MID,2022-01-01T00:00:00+00:00,2022-12-31T23:59:59+00:00,365,18,0.01,10000.0,9804.500129349517,-0.01954998706504829,-5.4090635250858554e-05,0.01954998706504829,2,0,2,0.0,0.0,-0.009823241038029534,-0.009823241038029534,-0.019549987065048402,0.0,-0.01954998706504829,0.0,0.8837948098523966,1.0298529470285172,1.046081628936975,1.8333333333333333,3.1083333333333334,0,0,False,False
740cad3ae0fa7d54,ALL,0.3,0.1,0.25,MICRO_BOS,1,0.15,PRE_RANGE_MID,2022-01-01T00:00:00+00:00,2022-12-31T23:59:59+00:00,365,18,0.01,10000.0,9804.500129349517,-0.01954998706504829,-5.4090635250858554e-05,0.01954998706504829,2,0,2,0.0,0.0,-0.009823241038029534,-0.009823241038029534,-0.019549987065048402,0.0,-0.01954998706504829,0.0,0.8837948098523966,1.0298529470285172,1.046081628936975,1.8333333333333333,3.1083333333333334,0,0,False,False
75c2de36e7a82250,FRIDAY,0.15,0.0,0.1,MICRO_BOS,1,0.15,PRE_RANGE_MID,2022-01-01T00:00:00+00:00,2022-12-31T23:59:59+00:00,365,18,0.01,10000.0,9804.500129349517,-0.01954998706504829,-5.4090635250858554e-05,0.01954998706504829,2,0,2,0.0,0.0,-0.009823241038029534,-0.009823241038029534,-0.019549987065048402,0.0,-0.01954998706504829,0.0,0.8837948098523966,1.0298529470285172,1.046081628936975,1.8333333333333333,3.1083333333333334,0,0,False,False
775cdaa709232def,FRIDAY,0.3,0.0,0.25,MICRO_BOS,1,0.15,PRE_RANGE_MID,2022-01-01T00:00:00+00:00,2022-12-31T23:59:59+00:00,365,18,0.01,10000.0,9804.500129349517,-0.01954998706504829,-5.4090635250858554e-05,0.01954998706504829,2,0,2,0.0,0.0,-0.009823241038029534,-0.009823241038029534,-0.019549987065048402,0.0,-0.01954998706504829,0.0,0.8837948098523966,1.0298529470285172,1.046081628936975,1.8333333333333333,3.1083333333333334,0,0,False,False
7e70555ee717ef57,FRIDAY,0.15,0.1,0.1,MICRO_BOS,1,0.15,PRE_RANGE_MID,2022-01-01T00:00:00+00:00,2022-12-31T23:59:59+00:00,365,18,0.01,10000.0,9804.500129349517,-0.01954998706504829,-5.4090635250858554e-05,0.01954998706504829,2,0,2,0.0,0.0,-0.009823241038029534,-0.009823241038029534,-0.019549987065048402,0.0,-0.01954998706504829,0.0,0.8837948098523966,1.0298529470285172,1.046081628936975,1.8333333333333333,3.1083333333333334,0,0,False,False
86dfa3a28a131362,FRIDAY,0.3,0.0,0.1,MIDPOINT,1,0.15,PRE_RANGE_MID,2022-01-01T00:00:00+00:00,2022-12-31T23:59:59+00:00,365,18,0.01,10000.0,9804.500129349517,-0.01954998706504829,-5.4090635250858554e-05,0.01954998706504829,2,0,2,0.0,0.0,-0.009823241038029534,-0.009823241038029534,-0.019549987065048402,0.0,-0.01954998706504829,0.0,0.8837948098523966,1.0298529470285172,1.046081628936975,1.8333333333333333,3.1083333333333334,0,0,False,False
8f351e86d1cbabe5,FRIDAY,0.05,0.1,0.25,MICRO_BOS,1,0.15,PRE_RANGE_MID,2022-01-01T00:00:00+00:00,2022-12-31T23:59:59+00:00,365,18,0.01,10000.0,9804.500129349517,-0.01954998706504829,-5.4090635250858554e-05,0.01954998706504829,2,0,2,0.0,0.0,-0.009823241038029534,-0.009823241038029534,-0.019549987065048402,0.0,-0.01954998706504829,0.0,0.8837948098523966,1.0298529470285172,1.046081628936975,1.8333333333333333,3.1083333333333334,0,0,False,False
9a6aa2014ab326cc,ALL,0.3,0.1,0.1,MICRO_BOS,1,0.15,PRE_RANGE_MID,2022-01-01T00:00:00+00:00,2022-12-31T23:59:59+00:00,365,18,0.01,10000.0,9804.500129349517,-0.01954998706504829,-5.4090635250858554e-05,0.01954998706504829,2,0,2,0.0,0.0,-0.009823241038029534,-0.009823241038029534,-0.019549987065048402,0.0,-0.01954998706504829,0.0,0.8837948098523966,1.0298529470285172,1.046081628936975,1.8333333333333333,3.1083333333333334,0,0,False,False
a207b1567bf0c57d,FRIDAY,0.3,0.1,0.1,MICRO_BOS,1,0.15,PRE_RANGE_MID,2022-01-01T00:00:00+00:00,2022-12-31T23:59:59+00:00,365,18,0.01,10000.0,9804.500129349517,-0.01954998706504829,-5.4090635250858554e-05,0.01954998706504829,2,0,2,0.0,0.0,-0.009823241038029534,-0.009823241038029534,-0.019549987065048402,0.0,-0.01954998706504829,0.0,0.8837948098523966,1.0298529470285172,1.046081628936975,1.8333333333333333,3.1083333333333334,0,0,False,False
b4636b8f6302d9f4,FRIDAY,0.05,0.1,0.1,MIDPOINT,1,0.15,PRE_RANGE_MID,2022-01-01T00:00:00+00:00,2022-12-31T23:59:59+00:00,365,18,0.01,10000.0,9804.500129349517,-0.01954998706504829,-5.4090635250858554e-05,0.01954998706504829,2,0,2,0.0,0.0,-0.009823241038029534,-0.009823241038029534,-0.019549987065048402,0.0,-0.01954998706504829,0.0,0.8837948098523966,1.0298529470285172,1.046081628936975,1.8333333333333333,3.1083333333333334,0,0,False,False
b86b7d451fb45b89,FRIDAY,0.05,0.1,0.1,MICRO_BOS,1,0.15,PRE_RANGE_MID,2022-01-01T00:00:00+00:00,2022-12-31T23:59:59+00:00,365,18,0.01,10000.0,9804.500129349517,-0.01954998706504829,-5.4090635250858554e-05,0.01954998706504829,2,0,2,0.0,0.0,-0.009823241038029534,-0.009823241038029534,-0.019549987065048402,0.0,-0.01954998706504829,0.0,0.8837948098523966,1.0298529470285172,1.046081628936975,1.8333333333333333,3.1083333333333334,0,0,False,False
bb8027546c847a1b,ALL,0.3,0.0,0.1,MICRO_BOS,1,0.15,PRE_RANGE_MID,2022-01-01T00:00:00+00:00,2022-12-31T23:59:59+00:00,365,18,0.01,10000.0,9804.500129349517,-0.01954998706504829,-5.4090635250858554e-05,0.01954998706504829,2,0,2,0.0,0.0,-0.009823241038029534,-0.009823241038029534,-0.019549987065048402,0.0,-0.01954998706504829,0.0,0.8837948098523966,1.0298529470285172,1.046081628936975,1.8333333333333333,3.1083333333333334,0,0,False,False
c58412129000bd4c,FRIDAY,0.3,0.0,0.1,MICRO_BOS,1,0.15,PRE_RANGE_MID,2022-01-01T00:00:00+00:00,2022-12-31T23:59:59+00:00,365,18,0.01,10000.0,9804.500129349517,-0.01954998706504829,-5.4090635250858554e-05,0.01954998706504829,2,0,2,0.0,0.0,-0.009823241038029534,-0.009823241038029534,-0.019549987065048402,0.0,-0.01954998706504829,0.0,0.8837948098523966,1.0298529470285172,1.046081628936975,1.8333333333333333,3.1083333333333334,0,0,False,False
cb45f36e4bbadc52,FRIDAY,0.05,0.1,0.25,MIDPOINT,1,0.15,PRE_RANGE_MID,2022-01-01T00:00:00+00:00,2022-12-31T23:59:59+00:00,365,18,0.01,10000.0,9804.500129349517,-0.01954998706504829,-5.4090635250858554e-05,0.01954998706504829,2,0,2,0.0,0.0,-0.009823241038029534,-0.009823241038029534,-0.019549987065048402,0.0,-0.01954998706504829,0.0,0.8837948098523966,1.0298529470285172,1.046081628936975,1.8333333333333333,3.1083333333333334,0,0,False,False
cd3bf8fe731ca6ea,FRIDAY,0.15,0.0,0.25,MICRO_BOS,1,0.15,PRE_RANGE_MID,2022-01-01T00:00:00+00:00,2022-12-31T23:59:59+00:00,365,18,0.01,10000.0,9804.500129349517,-0.01954998706504829,-5.4090635250858554e-05,0.01954998706504829,2,0,2,0.0,0.0,-0.009823241038029534,-0.009823241038029534,-0.019549987065048402,0.0,-0.01954998706504829,0.0,0.8837948098523966,1.0298529470285172,1.046081628936975,1.8333333333333333,3.1083333333333334,0,0,False,False
d2045a4f0d262600,FRIDAY,0.3,0.1,0.25,MICRO_BOS,1,0.15,PRE_RANGE_MID,2022-01-01T00:00:00+00:00,2022-12-31T23:59:59+00:00,365,18,0.01,10000.0,9804.500129349517,-0.01954998706504829,-5.4090635250858554e-05,0.01954998706504829,2,0,2,0.0,0.0,-0.009823241038029534,-0.009823241038029534,-0.019549987065048402,0.0,-0.01954998706504829,0.0,0.8837948098523966,1.0298529470285172,1.046081628936975,1.8333333333333333,3.1083333333333334,0,0,False,False
fc44080552600ea0,FRIDAY,0.15,0.1,0.25,MIDPOINT,1,0.15,PRE_RANGE_MID,2022-01-01T00:00:00+00:00,2022-12-31T23:59:59+00:00,365,18,0.01,10000.0,9804.500129349517,-0.01954998706504829,-5.4090635250858554e-05,0.01954998706504829,2,0,2,0.0,0.0,-0.009823241038029534,-0.009823241038029534,-0.019549987065048402,0.0,-0.01954998706504829,0.0,0.8837948098523966,1.0298529470285172,1.046081628936975,1.8333333333333333,3.1083333333333334,0,0,False,False
fffcfe6d4532d67f,FRIDAY,0.3,0.1,0.1,MIDPOINT,1,0.15,PRE_RANGE_MID,2022-01-01T00:00:00+00:00,2022-12-31T23:59:59+00:00,365,18,0.01,10000.0,9804.500129349517,-0.01954998706504829,-5.4090635250858554e-05,0.01954998706504829,2,0,2,0.0,0.0,-0.009823241038029534,-0.009823241038029534,-0.019549987065048402,0.0,-0.01954998706504829,0.0,0.8837948098523966,1.0298529470285172,1.046081628936975,1.8333333333333333,3.1083333333333334,0,0,False,False
177047c490dc9e15,ALL,0.05,0.1,0.25,MICRO_BOS,2,0.05,OPPOSITE_LIQUIDITY,2022-01-01T00:00:00+00:00,2022-12-31T23:59:59+00:00,365,18,0.01,10000.0,9803.636455171607,-0.01963635448283929,-5.433197407866963e-05,0.01963635448283929,2,0,2,0.0,0.0,-0.009866852306489999,-0.009866852306489999,-0.019636354482839402,0.0,-0.01963635448283929,0.0,0.6657384675497173,0.9724093392334118,1.0064838805316,5.208333333333333,7.270833333333333,0,0,False,False
4d2bbce3b4f2ed8b,ALL,0.15,0.1,0.25,MICRO_BOS,2,0.05,OPPOSITE_LIQUIDITY,2022-01-01T00:00:00+00:00,2022-12-31T23:59:59+00:00,365,18,0.01,10000.0,9803.636455171607,-0.01963635448283929,-5.433197407866963e-05,0.01963635448283929,2,0,2,0.0,0.0,-0.009866852306489999,-0.009866852306489999,-0.019636354482839402,0.0,-0.01963635448283929,0.0,0.6657384675497173,0.9724093392334118,1.0064838805316,5.208333333333333,7.270833333333333,0,0,False,False
51ea71281fcdfa1b,ALL,0.05,0.0,0.25,MICRO_BOS,2,0.05,OPPOSITE_LIQUIDITY,2022-01-01T00:00:00+00:00,2022-12-31T23:59:59+00:00,365,18,0.01,10000.0,9803.636455171607,-0.01963635448283929,-5.433197407866963e-05,0.01963635448283929,2,0,2,0.0,0.0,-0.009866852306489999,-0.009866852306489999,-0.019636354482839402,0.0,-0.01963635448283929,0.0,0.6657384675497173,0.9724093392334118,1.0064838805316,5.208333333333333,7.270833333333333,0,0,False,False
edea55e024afc231,ALL,0.15,0.0,0.25,MICRO_BOS,2,0.05,OPPOSITE_LIQUIDITY,2022-01-01T00:00:00+00:00,2022-12-31T23:59:59+00:00,365,18,0.01,10000.0,9803.636455171607,-0.01963635448283929,-5.433197407866963e-05,0.01963635448283929,2,0,2,0.0,0.0,-0.009866852306489999,-0.009866852306489999,-0.019636354482839402,0.0,-0.01963635448283929,0.0,0.6657384675497173,0.9724093392334118,1.0064838805316,5.208333333333333,7.270833333333333,0,0,False,False
5a420d221c251649,ALL,0.05,0.1,0.25,MICRO_BOS,2,0.15,OPPOSITE_LIQUIDITY,2022-01-01T00:00:00+00:00,2022-12-31T23:59:59+00:00,365,18,0.01,10000.0,9803.557723741209,-0.01964422762587914,-5.4353975271204114e-05,0.01964422762587914,2,0,2,0.0,0.0,-0.009870828222121876,-0.009870828222121876,-0.01964422762587903,0.0,-0.01964422762587914,0.0,0.6458588893907108,0.9454191909358319,0.9787036688852899,5.208333333333333,7.270833333333333,0,0,False,False
5fba72676fbe8bb4,ALL,0.15,0.1,0.25,MICRO_BOS,2,0.15,OPPOSITE_LIQUIDITY,2022-01-01T00:00:00+00:00,2022-12-31T23:59:59+00:00,365,18,0.01,10000.0,9803.557723741209,-0.01964422762587914,-5.4353975271204114e-05,0.01964422762587914,2,0,2,0.0,0.0,-0.009870828222121876,-0.009870828222121876,-0.01964422762587903,0.0,-0.01964422762587914,0.0,0.6458588893907108,0.9454191909358319,0.9787036688852899,5.208333333333333,7.270833333333333,0,0,False,False
92916e99474e8472,ALL,0.05,0.0,0.25,MICRO_BOS,2,0.15,OPPOSITE_LIQUIDITY,2022-01-01T00:00:00+00:00,2022-12-31T23:59:59+00:00,365,18,0.01,10000.0,9803.557723741209,-0.01964422762587914,-5.4353975271204114e-05,0.01964422762587914,2,0,2,0.0,0.0,-0.009870828222121876,-0.009870828222121876,-0.01964422762587903,0.0,-0.01964422762587914,0.0,0.6458588893907108,0.9454191909358319,0.9787036688852899,5.208333333333333,7.270833333333333,0,0,False,False
fe983d6a803a44ee,ALL,0.15,0.0,0.25,MICRO_BOS,2,0.15,OPPOSITE_LIQUIDITY,2022-01-01T00:00:00+00:00,2022-12-31T23:59:59+00:00,365,18,0.01,10000.0,9803.557723741209,-0.01964422762587914,-5.4353975271204114e-05,0.01964422762587914,2,0,2,0.0,0.0,-0.009870828222121876,-0.009870828222121876,-0.01964422762587903,0.0,-0.01964422762587914,0.0,0.6458588893907108,0.9454191909358319,0.9787036688852899,5.208333333333333,7.270833333333333,0,0,False,False
03eb9c8b2c5aafd0,ALL,0.15,0.0,0.1,MICRO_BOS,1,0.15,PRE_RANGE_MID,2022-01-01T00:00:00+00:00,2022-12-31T23:59:59+00:00,365,18,0.01,10000.0,9802.598341033772,-0.019740165896622752,-5.4622085200350945e-05,0.019740165896622752,4,1,3,0.25,0.324532702551213,-0.009781411943201961,-0.00493648302427881,-0.029130984017492145,1.0,-0.019740165896622752,0.0,0.8837948098523966,1.1257413425276197,1.1397989390436158,2.125,3.1374999999999997,0,0,False,False
6f6688031fe13b82,ALL,0.05,0.1,0.1,MICRO_BOS,1,0.15,PRE_RANGE_MID,2022-01-01T00:00:00+00:00,2022-12-31T23:59:59+00:00,365,18,0.01,10000.0,9802.598341033772,-0.019740165896622752,-5.4622085200350945e-05,0.019740165896622752,4,1,3,0.25,0.324532702551213,-0.009781411943201961,-0.00493648302427881,-0.029130984017492145,1.0,-0.019740165896622752,0.0,0.8837948098523966,1.1257413425276197,1.1397989390436158,2.125,3.1374999999999997,0,0,False,False
75bf6a91aeeaf2fa,ALL,0.05,0.0,0.1,MICRO_BOS,1,0.15,PRE_RANGE_MID,2022-01-01T00:00:00+00:00,2022-12-31T23:59:59+00:00,365,18,0.01,10000.0,9802.598341033772,-0.019740165896622752,-5.4622085200350945e-05,0.019740165896622752,4,1,3,0.25,0.324532702551213,-0.009781411943201961,-0.00493648302427881,-0.029130984017492145,1.0,-0.019740165896622752,0.0,0.8837948098523966,1.1257413425276197,1.1397989390436158,2.125,3.1374999999999997,0,0,False,False
c5f6b9b9d919af1d,ALL,0.15,0.1,0.1,MICRO_BOS,1,0.15,PRE_RANGE_MID,2022-01-01T00:00:00+00:00,2022-12-31T23:59:59+00:00,365,18,0.01,10000.0,9802.598341033772,-0.019740165896622752,-5.4622085200350945e-05,0.019740165896622752,4,1,3,0.25,0.324532702551213,-0.009781411943201961,-0.00493648302427881,-0.029130984017492145,1.0,-0.019740165896622752,0.0,0.8837948098523966,1.1257413425276197,1.1397989390436158,2.125,3.1374999999999997,0,0,False,False
4458c74e8cc2e09f,ALL,0.05,0.1,0.1,MIDPOINT,2,0.05,OPPOSITE_LIQUIDITY,2022-01-01T00:00:00+00:00,2022-12-31T23:59:59+00:00,365,18,0.01,10000.0,9780.168263322823,-0.021983173667717737,-6.089788333785151e-05,0.03891496495153157,18,6,12,0.3333333333333333,0.8099650796430539,-0.009675302204942091,-0.0011459998100214054,-0.07605942798895138,0.9517849709835283,-0.022198225231250812,0.000219933701371966,1.0839097975637608,2.0077965232318293,2.0223772858517775,2.2916666666666665,13.224999999999966,5,0,False,False
93c1e060ca41b711,ALL,0.05,0.0,0.1,MIDPOINT,2,0.05,OPPOSITE_LIQUIDITY,2022-01-01T00:00:00+00:00,2022-12-31T23:59:59+00:00,365,18,0.01,10000.0,9780.168263322823,-0.021983173667717737,-6.089788333785151e-05,0.03891496495153157,18,6,12,0.3333333333333333,0.8099650796430539,-0.009675302204942091,-0.0011459998100214054,-0.07605942798895138,0.9517849709835283,-0.022198225231250812,0.000219933701371966,1.0839097975637608,2.0077965232318293,2.0223772858517775,2.2916666666666665,13.224999999999966,5,0,False,False
1ccd6512b443e2aa,ALL,0.05,0.1,0.1,MIDPOINT,2,0.15,OPPOSITE_LIQUIDITY,2022-01-01T00:00:00+00:00,2022-12-31T23:59:59+00:00,365,18,0.01,10000.0,9758.330715577857,-0.024166928442214353,-6.702170034789123e-05,0.03893222002807384,18,6,12,0.3333333333333333,0.7910536756277385,-0.009690061254200154,-0.0012722864613050656,-0.07730925652147791,0.9519551356718092,-0.023162285176869357,-0.001028464861767553,1.0563579885264158,1.9416140767084353,1.9881154824768879,2.2916666666666665,13.224999999999966,5,0,False,False
9bf0717a3c3f7119,ALL,0.05,0.0,0.1,MIDPOINT,2,0.15,OPPOSITE_LIQUIDITY,2022-01-01T00:00:00+00:00,2022-12-31T23:59:59+00:00,365,18,0.01,10000.0,9758.330715577857,-0.024166928442214353,-6.702170034789123e-05,0.03893222002807384,18,6,12,0.3333333333333333,0.7910536756277385,-0.009690061254200154,-0.0012722864613050656,-0.07730925652147791,0.9519551356718092,-0.023162285176869357,-0.001028464861767553,1.0563579885264158,1.9416140767084353,1.9881154824768879,2.2916666666666665,13.224999999999966,5,0,False,False
698a69296c87b4ef,ALL,0.05,0.1,0.1,MICRO_BOS,1,0.05,PRE_RANGE_MID,2022-01-01T00:00:00+00:00,2022-12-31T23:59:59+00:00,365,18,0.01,10000.0,9711.51440673645,-0.028848559326354883,-8.01963984347065e-05,0.028848559326354883,5,1,4,0.2,0.2557690753965695,-0.009763975827222264,-0.005805865344936313,-0.03856962366274275,1.0,-0.019294887685859297,-0.009741635401443127,1.0778592634285769,1.2694825670052459,1.29182299278438,1.75,3.0999999999999996,0,0,False,False
e84b60c1f03b859c,ALL,0.05,0.0,0.1,MICRO_BOS,1,0.05,PRE_RANGE_MID,2022-01-01T00:00:00+00:00,2022-12-31T23:59:59+00:00,365,18,0.01,10000.0,9711.51440673645,-0.028848559326354883,-8.01963984347065e-05,0.028848559326354883,5,1,4,0.2,0.2557690753965695,-0.009763975827222264,-0.005805865344936313,-0.03856962366274275,1.0,-0.019294887685859297,-0.009741635401443127,1.0778592634285769,1.2694825670052459,1.29182299278438,1.75,3.0999999999999996,0,0,False,False
25956bb0ab17a6b3,FRIDAY,0.05,0.1,0.1,MIDPOINT,2,0.05,OPPOSITE_LIQUIDITY,2022-01-01T00:00:00+00:00,2022-12-31T23:59:59+00:00,365,18,0.01,10000.0,9709.90982109566,-0.029009017890433975,-8.064907084981421e-05,0.029009017890433975,3,0,3,0.0,0.0,-0.009793224031215828,-0.009764710923266919,-0.029009017890433975,0.0,-0.01949480023430694,-0.009703383172675273,1.0338798439206764,1.4381637073535014,1.4830841366238154,3.0,6.225,0,0,False,False
456e05cdf4c6970b,FRIDAY,0.05,0.0,0.1,MIDPOINT,2,0.05,OPPOSITE_LIQUIDITY,2022-01-01T00:00:00+00:00,2022-12-31T23:59:59+00:00,365,18,0.01,10000.0,9709.90982109566,-0.029009017890433975,-8.064907084981421e-05,0.029009017890433975,3,0,3,0.0,0.0,-0.009793224031215828,-0.009764710923266919,-0.029009017890433975,0.0,-0.01949480023430694,-0.009703383172675273,1.0338798439206764,1.4381637073535014,1.4830841366238154,3.0,6.225,0,0,False,False
7b277a9aa0c2cc1f,FRIDAY,0.15,0.0,0.1,MIDPOINT,2,0.05,OPPOSITE_LIQUIDITY,2022-01-01T00:00:00+00:00,2022-12-31T23:59:59+00:00,365,18,0.01,10000.0,9709.90982109566,-0.029009017890433975,-8.064907084981421e-05,0.029009017890433975,3,0,3,0.0,0.0,-0.009793224031215828,-0.009764710923266919,-0.029009017890433975,0.0,-0.01949480023430694,-0.009703383172675273,1.0338798439206764,1.4381637073535014,1.4830841366238154,3.0,6.225,0,0,False,False
7c2a40256e2e7556,FRIDAY,0.15,0.1,0.1,MIDPOINT,2,0.05,OPPOSITE_LIQUIDITY,2022-01-01T00:00:00+00:00,2022-12-31T23:59:59+00:00,365,18,0.01,10000.0,9709.90982109566,-0.029009017890433975,-8.064907084981421e-05,0.029009017890433975,3,0,3,0.0,0.0,-0.009793224031215828,-0.009764710923266919,-0.029009017890433975,0.0,-0.01949480023430694,-0.009703383172675273,1.0338798439206764,1.4381637073535014,1.4830841366238154,3.0,6.225,0,0,False,False
0b9e09b2e63a82e1,FRIDAY,0.15,0.1,0.1,MIDPOINT,2,0.15,OPPOSITE_LIQUIDITY,2022-01-01T00:00:00+00:00,2022-12-31T23:59:59+00:00,365,18,0.01,10000.0,9709.714349309452,-0.029028565069054824,-8.070422082895323e-05,0.029028565069054824,3,0,3,0.0,0.0,-0.009799080767059966,-0.00977135575634226,-0.029028565069054713,0.0,-0.019510173493257565,-0.009707792287564132,1.004596164700433,1.415394322431912,1.4610385621798543,3.0,6.225,0,0,False,False
1d23b314ef49ba77,FRIDAY,0.15,0.0,0.1,MIDPOINT,2,0.15,OPPOSITE_LIQUIDITY,2022-01-01T00:00:00+00:00,2022-12-31T23:59:59+00:00,365,18,0.01,10000.0,9709.714349309452,-0.029028565069054824,-8.070422082895323e-05,0.029028565069054824,3,0,3,0.0,0.0,-0.009799080767059966,-0.00977135575634226,-0.029028565069054713,0.0,-0.019510173493257565,-0.009707792287564132,1.004596164700433,1.415394322431912,1.4610385621798543,3.0,6.225,0,0,False,False
6b6f39ce13107262,FRIDAY,0.05,0.1,0.1,MIDPOINT,2,0.15,OPPOSITE_LIQUIDITY,2022-01-01T00:00:00+00:00,2022-12-31T23:59:59+00:00,365,18,0.01,10000.0,9709.714349309452,-0.029028565069054824,-8.070422082895323e-05,0.029028565069054824,3,0,3,0.0,0.0,-0.009799080767059966,-0.00977135575634226,-0.029028565069054713,0.0,-0.019510173493257565,-0.009707792287564132,1.004596164700433,1.415394322431912,1.4610385621798543,3.0,6.225,0,0,False,False
b47bbe5324226a73,FRIDAY,0.05,0.0,0.1,MIDPOINT,2,0.15,OPPOSITE_LIQUIDITY,2022-01-01T00:00:00+00:00,2022-12-31T23:59:59+00:00,365,18,0.01,10000.0,9709.714349309452,-0.029028565069054824,-8.070422082895323e-05,0.029028565069054824,3,0,3,0.0,0.0,-0.009799080767059966,-0.00977135575634226,-0.029028565069054713,0.0,-0.019510173493257565,-0.009707792287564132,1.004596164700433,1.415394322431912,1.4610385621798543,3.0,6.225,0,0,False,False
112e9203e0dbf691,FRIDAY,0.3,0.0,0.1,MICRO_BOS,1,0.05,OPPOSITE_LIQUIDITY,2022-01-01T00:00:00+00:00,2022-12-31T23:59:59+00:00,365,18,0.01,10000.0,9708.090119448532,-0.02919098805514675,-8.116252029255477e-05,0.02919098805514675,3,0,3,0.0,0.0,-0.009844963565724386,-0.009826574179973077,-0.02919098805514675,0.0,-0.01953837911999201,-0.009844963565724396,0.7751821713779777,1.047591554223517,1.0778592634285769,0.4166666666666667,2.9666666666666663,0,0,False,False
161bc1bd67c74e5a,FRIDAY,0.15,0.1,0.25,MICRO_BOS,1,0.05,OPPOSITE_LIQUIDITY,2022-01-01T00:00:00+00:00,2022-12-31T23:59:59+00:00,365,18,0.01,10000.0,9708.090119448532,-0.02919098805514675,-8.116252029255477e-05,0.02919098805514675,3,0,3,0.0,0.0,-0.009844963565724386,-0.009826574179973077,-0.02919098805514675,0.0,-0.01953837911999201,-0.009844963565724396,0.7751821713779777,1.047591554223517,1.0778592634285769,0.4166666666666667,2.9666666666666663,0,0,False,False
16fc2c2eb3ed6cd0,FRIDAY,0.05,0.1,0.25,MICRO_BOS,1,0.05,OPPOSITE_LIQUIDITY,2022-01-01T00:00:00+00:00,2022-12-31T23:59:59+00:00,365,18,0.01,10000.0,9708.090119448532,-0.02919098805514675,-8.116252029255477e-05,0.02919098805514675,3,0,3,0.0,0.0,-0.009844963565724386,-0.009826574179973077,-0.02919098805514675,0.0,-0.01953837911999201,-0.009844963565724396,0.7751821713779777,1.047591554223517,1.0778592634285769,0.4166666666666667,2.9666666666666663,0,0,False,False
45079d50e09796c5,FRIDAY,0.3,0.1,0.25,MICRO_BOS,1,0.05,OPPOSITE_LIQUIDITY,2022-01-01T00:00:00+00:00,2022-12-31T23:59:59+00:00,365,18,0.01,10000.0,9708.090119448532,-0.02919098805514675,-8.116252029255477e-05,0.02919098805514675,3,0,3,0.0,0.0,-0.009844963565724386,-0.009826574179973077,-0.02919098805514675,0.0,-0.01953837911999201,-0.009844963565724396,0.7751821713779777,1.047591554223517,1.0778592634285769,0.4166666666666667,2.9666666666666663,0,0,False,False
4d7f68c7777733cd,FRIDAY,0.3,0.0,0.25,MICRO_BOS,1,0.05,OPPOSITE_LIQUIDITY,2022-01-01T00:00:00+00:00,2022-12-31T23:59:59+00:00,365,18,0.01,10000.0,9708.090119448532,-0.02919098805514675,-8.116252029255477e-05,0.02919098805514675,3,0,3,0.0,0.0,-0.009844963565724386,-0.009826574179973077,-0.02919098805514675,0.0,-0.01953837911999201,-0.009844963565724396,0.7751821713779777,1.047591554223517,1.0778592634285769,0.4166666666666667,2.9666666666666663,0,0,False,False
76bb9657065e55ad,FRIDAY,0.3,0.1,0.1,MICRO_BOS,1,0.05,OPPOSITE_LIQUIDITY,2022-01-01T00:00:00+00:00,2022-12-31T23:59:59+00:00,365,18,0.01,10000.0,9708.090119448532,-0.02919098805514675,-8.116252029255477e-05,0.02919098805514675,3,0,3,0.0,0.0,-0.009844963565724386,-0.009826574179973077,-0.02919098805514675,0.0,-0.01953837911999201,-0.009844963565724396,0.7751821713779777,1.047591554223517,1.0778592634285769,0.4166666666666667,2.9666666666666663,0,0,False,False
838ff04504297de4,FRIDAY,0.15,0.0,0.25,MICRO_BOS,1,0.05,OPPOSITE_LIQUIDITY,2022-01-01T00:00:00+00:00,2022-12-31T23:59:59+00:00,365,18,0.01,10000.0,9708.090119448532,-0.02919098805514675,-8.116252029255477e-05,0.02919098805514675,3,0,3,0.0,0.0,-0.009844963565724386,-0.009826574179973077,-0.02919098805514675,0.0,-0.01953837911999201,-0.009844963565724396,0.7751821713779777,1.047591554223517,1.0778592634285769,0.4166666666666667,2.9666666666666663,0,0,False,False
8b62c8741b479266,FRIDAY,0.05,0.0,0.25,MICRO_BOS,1,0.05,OPPOSITE_LIQUIDITY,2022-01-01T00:00:00+00:00,2022-12-31T23:59:59+00:00,365,18,0.01,10000.0,9708.090119448532,-0.02919098805514675,-8.116252029255477e-05,0.02919098805514675,3,0,3,0.0,0.0,-0.009844963565724386,-0.009826574179973077,-0.02919098805514675,0.0,-0.01953837911999201,-0.009844963565724396,0.7751821713779777,1.047591554223517,1.0778592634285769,0.4166666666666667,2.9666666666666663,0,0,False,False
11b510336dad6259,FRIDAY,0.05,0.1,0.25,MICRO_BOS,1,0.15,OPPOSITE_LIQUIDITY,2022-01-01T00:00:00+00:00,2022-12-31T23:59:59+00:00,365,18,0.01,10000.0,9707.918704182708,-0.029208129581729136,-8.121089199875087e-05,0.029208129581729136,3,0,3,0.0,0.0,-0.00985072404432883,-0.0098324020401293,-0.029208129581729247,0.0,-0.01954998706504829,-0.009850724044328851,0.7463797783560666,1.016111443878884,1.046081628936975,0.4166666666666667,2.9666666666666663,0,0,False,False
138a7ae7e11eebf0,FRIDAY,0.15,0.0,0.25,MICRO_BOS,1,0.15,OPPOSITE_LIQUIDITY,2022-01-01T00:00:00+00:00,2022-12-31T23:59:59+00:00,365,18,0.01,10000.0,9707.918704182708,-0.029208129581729136,-8.121089199875087e-05,0.029208129581729136,3,0,3,0.0,0.0,-0.00985072404432883,-0.0098324020401293,-0.029208129581729247,0.0,-0.01954998706504829,-0.009850724044328851,0.7463797783560666,1.016111443878884,1.046081628936975,0.4166666666666667,2.9666666666666663,0,0,False,False
1a633d13735e4806,FRIDAY,0.3,0.1,0.1,MICRO_BOS,1,0.15,OPPOSITE_LIQUIDITY,2022-01-01T00:00:00+00:00,2022-12-31T23:59:59+00:00,365,18,0.01,10000.0,9707.918704182708,-0.029208129581729136,-8.121089199875087e-05,0.029208129581729136,3,0,3,0.0,0.0,-0.00985072404432883,-0.0098324020401293,-0.029208129581729247,0.0,-0.01954998706504829,-0.009850724044328851,0.7463797783560666,1.016111443878884,1.046081628936975,0.4166666666666667,2.9666666666666663,0,0,False,False
358272f7418500b9,FRIDAY,0.3,0.0,0.1,MICRO_BOS,1,0.15,OPPOSITE_LIQUIDITY,2022-01-01T00:00:00+00:00,2022-12-31T23:59:59+00:00,365,18,0.01,10000.0,9707.918704182708,-0.029208129581729136,-8.121089199875087e-05,0.029208129581729136,3,0,3,0.0,0.0,-0.00985072404432883,-0.0098324020401293,-0.029208129581729247,0.0,-0.01954998706504829,-0.009850724044328851,0.7463797783560666,1.016111443878884,1.046081628936975,0.4166666666666667,2.9666666666666663,0,0,False,False
4b75b5dd8658b9d0,FRIDAY,0.05,0.0,0.25,MICRO_BOS,1,0.15,OPPOSITE_LIQUIDITY,2022-01-01T00:00:00+00:00,2022-12-31T23:59:59+00:00,365,18,0.01,10000.0,9707.918704182708,-0.029208129581729136,-8.121089199875087e-05,0.029208129581729136,3,0,3,0.0,0.0,-0.00985072404432883,-0.0098324020401293,-0.029208129581729247,0.0,-0.01954998706504829,-0.009850724044328851,0.7463797783560666,1.016111443878884,1.046081628936975,0.4166666666666667,2.9666666666666663,0,0,False,False
744396fffd1560c7,FRIDAY,0.15,0.1,0.25,MICRO_BOS,1,0.15,OPPOSITE_LIQUIDITY,2022-01-01T00:00:00+00:00,2022-12-31T23:59:59+00:00,365,18,0.01,10000.0,9707.918704182708,-0.029208129581729136,-8.121089199875087e-05,0.029208129581729136,3,0,3,0.0,0.0,-0.00985072404432883,-0.0098324020401293,-0.029208129581729247,0.0,-0.01954998706504829,-0.009850724044328851,0.7463797783560666,1.016111443878884,1.046081628936975,0.4166666666666667,2.9666666666666663,0,0,False,False
c6124d2d5b0c5396,FRIDAY,0.3,0.1,0.25,MICRO_BOS,1,0.15,OPPOSITE_LIQUIDITY,2022-01-01T00:00:00+00:00,2022-12-31T23:59:59+00:00,365,18,0.01,10000.0,9707.918704182708,-0.029208129581729136,-8.121089199875087e-05,0.029208129581729136,3,0,3,0.0,0.0,-0.00985072404432883,-0.0098324020401293,-0.029208129581729247,0.0,-0.01954998706504829,-0.009850724044328851,0.7463797783560666,1.016111443878884,1.046081628936975,0.4166666666666667,2.9666666666666663,0,0,False,False
f913f2bf86bcf9b6,FRIDAY,0.3,0.0,0.25,MICRO_BOS,1,0.15,OPPOSITE_LIQUIDITY,2022-01-01T00:00:00+00:00,2022-12-31T23:59:59+00:00,365,18,0.01,10000.0,9707.918704182708,-0.029208129581729136,-8.121089199875087e-05,0.029208129581729136,3,0,3,0.0,0.0,-0.00985072404432883,-0.0098324020401293,-0.029208129581729247,0.0,-0.01954998706504829,-0.009850724044328851,0.7463797783560666,1.016111443878884,1.046081628936975,0.4166666666666667,2.9666666666666663,0,0,False,False
ac5d8932917a79a9,ALL,0.3,0.1,0.1,MICRO_BOS,1,0.15,OPPOSITE_LIQUIDITY,2022-01-01T00:00:00+00:00,2022-12-31T23:59:59+00:00,365,18,0.01,10000.0,9636.564067420353,-0.03634359325796466,-0.0001014208084726409,0.040674500758441035,12,5,7,0.4166666666666667,0.45987368085270197,-0.00968508121285557,-0.0030474177829916895,-0.053148731268108707,1.0,-0.031130434029113196,-0.00538066155853234,1.2631367100410538,1.6591066266200194,1.728752158834024,1.375,3.25,0,0,False,False
de8e645ecaff8730,ALL,0.3,0.1,0.25,MICRO_BOS,1,0.15,OPPOSITE_LIQUIDITY,2022-01-01T00:00:00+00:00,2022-12-31T23:59:59+00:00,365,18,0.01,10000.0,9636.564067420353,-0.03634359325796466,-0.0001014208084726409,0.040674500758441035,12,5,7,0.4166666666666667,0.45987368085270197,-0.00968508121285557,-0.0030474177829916895,-0.053148731268108707,1.0,-0.031130434029113196,-0.00538066155853234,1.2631367100410538,1.6591066266200194,1.728752158834024,1.375,3.25,0,0,False,False
29ccfab707abe814,ALL,0.3,0.1,0.1,MIDPOINT,1,0.15,OPPOSITE_LIQUIDITY,2022-01-01T00:00:00+00:00,2022-12-31T23:59:59+00:00,365,18,0.01,10000.0,9615.692090208235,-0.038430790979176566,-0.00010736063720928612,0.07136556206406686,26,9,17,0.34615384615384615,0.7606031818879891,-0.00960915857481294,-0.0014188400895509873,-0.11532445843685057,0.8219412874907884,-0.019936490000202367,-0.01887051276807361,1.3375275191179195,2.360339800835723,3.162832849108314,0.7916666666666666,8.583333333333332,5,0,False,False
ccb575f35e017b65,ALL,0.3,0.1,0.25,MIDPOINT,1,0.15,OPPOSITE_LIQUIDITY,2022-01-01T00:00:00+00:00,2022-12-31T23:59:59+00:00,365,18,0.01,10000.0,9615.692090208235,-0.038430790979176566,-0.00010736063720928612,0.07136556206406686,26,9,17,0.34615384615384615,0.7606031818879891,-0.00960915857481294,-0.0014188400895509873,-0.11532445843685057,0.8219412874907884,-0.019936490000202367,-0.01887051276807361,1.3375275191179195,2.360339800835723,3.162832849108314,0.7916666666666666,8.583333333333332,5,0,False,False
0e225ad492868f9f,FRIDAY,0.15,0.1,0.1,MICRO_BOS,1,0.05,OPPOSITE_LIQUIDITY,2022-01-01T00:00:00+00:00,2022-12-31T23:59:59+00:00,365,18,0.01,10000.0,9613.95087558686,-0.03860491244131403,-0.0001078567397835295,0.03860491244131403,4,0,4,0.0,0.0,-0.009814695856519336,-0.009794177904612206,-0.03860491244131403,0.0,-0.01953837911999201,-0.0194464861400786,0.9265207174032772,1.4494753057634562,1.5150546073519644,1.8333333333333333,6.154166666666666,0,0,False,False
8dffd509af65d8c1,FRIDAY,0.05,0.1,0.1,MICRO_BOS,1,0.05,OPPOSITE_LIQUIDITY,2022-01-01T00:00:00+00:00,2022-12-31T23:59:59+00:00,365,18,0.01,10000.0,9613.95087558686,-0.03860491244131403,-0.0001078567397835295,0.03860491244131403,4,0,4,0.0,0.0,-0.009814695856519336,-0.009794177904612206,-0.03860491244131403,0.0,-0.01953837911999201,-0.0194464861400786,0.9265207174032772,1.4494753057634562,1.5150546073519644,1.8333333333333333,6.154166666666666,0,0,False,False
8edf52a5d4c5d6e5,FRIDAY,0.15,0.0,0.1,MICRO_BOS,1,0.05,OPPOSITE_LIQUIDITY,2022-01-01T00:00:00+00:00,2022-12-31T23:59:59+00:00,365,18,0.01,10000.0,9613.95087558686,-0.03860491244131403,-0.0001078567397835295,0.03860491244131403,4,0,4,0.0,0.0,-0.009814695856519336,-0.009794177904612206,-0.03860491244131403,0.0,-0.01953837911999201,-0.0194464861400786,0.9265207174032772,1.4494753057634562,1.5150546073519644,1.8333333333333333,6.154166666666666,0,0,False,False
bee9607117ac3289,FRIDAY,0.05,0.0,0.1,MICRO_BOS,1,0.05,OPPOSITE_LIQUIDITY,2022-01-01T00:00:00+00:00,2022-12-31T23:59:59+00:00,365,18,0.01,10000.0,9613.95087558686,-0.03860491244131403,-0.0001078567397835295,0.03860491244131403,4,0,4,0.0,0.0,-0.009814695856519336,-0.009794177904612206,-0.03860491244131403,0.0,-0.01953837911999201,-0.0194464861400786,0.9265207174032772,1.4494753057634562,1.5150546073519644,1.8333333333333333,6.154166666666666,0,0,False,False
1be2ecc12f911cd5,FRIDAY,0.15,0.0,0.1,MICRO_BOS,1,0.15,OPPOSITE_LIQUIDITY,2022-01-01T00:00:00+00:00,2022-12-31T23:59:59+00:00,365,18,0.01,10000.0,9613.736461934377,-0.03862635380656232,-0.00010791783618868678,0.03862635380656232,4,0,4,0.0,0.0,-0.009820753859270746,-0.009799698907182349,-0.03862635380656243,0.0,-0.01954998706504829,-0.019456745871632375,0.8962307036465208,1.4251568338890401,1.492052458292346,1.8333333333333333,6.154166666666666,0,0,False,False
6aa4b4a2c0ccb887,FRIDAY,0.05,0.0,0.1,MICRO_BOS,1,0.15,OPPOSITE_LIQUIDITY,2022-01-01T00:00:00+00:00,2022-12-31T23:59:59+00:00,365,18,0.01,10000.0,9613.736461934377,-0.03862635380656232,-0.00010791783618868678,0.03862635380656232,4,0,4,0.0,0.0,-0.009820753859270746,-0.009799698907182349,-0.03862635380656243,0.0,-0.01954998706504829,-0.019456745871632375,0.8962307036465208,1.4251568338890401,1.492052458292346,1.8333333333333333,6.154166666666666,0,0,False,False
e7a8d02615a26822,FRIDAY,0.05,0.1,0.1,MICRO_BOS,1,0.15,OPPOSITE_LIQUIDITY,2022-01-01T00:00:00+00:00,2022-12-31T23:59:59+00:00,365,18,0.01,10000.0,9613.736461934377,-0.03862635380656232,-0.00010791783618868678,0.03862635380656232,4,0,4,0.0,0.0,-0.009820753859270746,-0.009799698907182349,-0.03862635380656243,0.0,-0.01954998706504829,-0.019456745871632375,0.8962307036465208,1.4251568338890401,1.492052458292346,1.8333333333333333,6.154166666666666,0,0,False,False
fd0417f36838155c,FRIDAY,0.15,0.1,0.1,MICRO_BOS,1,0.15,OPPOSITE_LIQUIDITY,2022-01-01T00:00:00+00:00,2022-12-31T23:59:59+00:00,365,18,0.01,10000.0,9613.736461934377,-0.03862635380656232,-0.00010791783618868678,0.03862635380656232,4,0,4,0.0,0.0,-0.009820753859270746,-0.009799698907182349,-0.03862635380656243,0.0,-0.01954998706504829,-0.019456745871632375,0.8962307036465208,1.4251568338890401,1.492052458292346,1.8333333333333333,6.154166666666666,0,0,False,False
135a6283c8b9d8bd,FRIDAY,0.3,0.1,0.25,MIDPOINT,1,0.05,OPPOSITE_LIQUIDITY,2022-01-01T00:00:00+00:00,2022-12-31T23:59:59+00:00,365,18,0.01,10000.0,9612.634367790137,-0.038736563220986286,-0.00010823189542708,0.038736563220986286,4,0,4,0.0,0.0,-0.009838780997429955,-0.009828080242263688,-0.038736563220986286,0.0,-0.01953837911999201,-0.019580760421568644,0.8060950128502877,1.04173155206268,1.0778592634285769,0.6666666666666666,2.899999999999999,0,0,False,False
18443d99dbbfd549,FRIDAY,0.3,0.0,0.25,MIDPOINT,1,0.05,OPPOSITE_LIQUIDITY,2022-01-01T00:00:00+00:00,2022-12-31T23:59:59+00:00,365,18,0.01,10000.0,9612.634367790137,-0.038736563220986286,-0.00010823189542708,0.038736563220986286,4,0,4,0.0,0.0,-0.009838780997429955,-0.009828080242263688,-0.038736563220986286,0.0,-0.01953837911999201,-0.019580760421568644,0.8060950128502877,1.04173155206268,1.0778592634285769,0.6666666666666666,2.899999999999999,0,0,False,False
61b4c82629e6c476,FRIDAY,0.05,0.1,0.25,MIDPOINT,1,0.05,OPPOSITE_LIQUIDITY,2022-01-01T00:00:00+00:00,2022-12-31T23:59:59+00:00,365,18,0.01,10000.0,9612.634367790137,-0.038736563220986286,-0.00010823189542708,0.038736563220986286,4,0,4,0.0,0.0,-0.009838780997429955,-0.009828080242263688,-0.038736563220986286,0.0,-0.01953837911999201,-0.019580760421568644,0.8060950128502877,1.04173155206268,1.0778592634285769,0.6666666666666666,2.899999999999999,0,0,False,False
7042b97adf750e4f,FRIDAY,0.15,0.0,0.25,MIDPOINT,1,0.05,OPPOSITE_LIQUIDITY,2022-01-01T00:00:00+00:00,2022-12-31T23:59:59+00:00,365,18,0.01,10000.0,9612.634367790137,-0.038736563220986286,-0.00010823189542708,0.038736563220986286,4,0,4,0.0,0.0,-0.009838780997429955,-0.009828080242263688,-0.038736563220986286,0.0,-0.01953837911999201,-0.019580760421568644,0.8060950128502877,1.04173155206268,1.0778592634285769,0.6666666666666666,2.899999999999999,0,0,False,False
b524a17eb495cd34,FRIDAY,0.05,0.0,0.25,MIDPOINT,1,0.05,OPPOSITE_LIQUIDITY,2022-01-01T00:00:00+00:00,2022-12-31T23:59:59+00:00,365,18,0.01,10000.0,9612.634367790137,-0.038736563220986286,-0.00010823189542708,0.038736563220986286,4,0,4,0.0,0.0,-0.009838780997429955,-0.009828080242263688,-0.038736563220986286,0.0,-0.01953837911999201,-0.019580760421568644,0.8060950128502877,1.04173155206268,1.0778592634285769,0.6666666666666666,2.899999999999999,0,0,False,False
c035ffa241d3f233,FRIDAY,0.15,0.1,0.25,MIDPOINT,1,0.05,OPPOSITE_LIQUIDITY,2022-01-01T00:00:00+00:00,2022-12-31T23:59:59+00:00,365,18,0.01,10000.0,9612.634367790137,-0.038736563220986286,-0.00010823189542708,0.038736563220986286,4,0,4,0.0,0.0,-0.009838780997429955,-0.009828080242263688,-0.038736563220986286,0.0,-0.01953837911999201,-0.019580760421568644,0.8060950128502877,1.04173155206268,1.0778592634285769,0.6666666666666666,2.899999999999999,0,0,False,False
ce2bc781944ff369,FRIDAY,0.3,0.1,0.1,MIDPOINT,1,0.05,OPPOSITE_LIQUIDITY,2022-01-01T00:00:00+00:00,2022-12-31T23:59:59+00:00,365,18,0.01,10000.0,9612.634367790137,-0.038736563220986286,-0.00010823189542708,0.038736563220986286,4,0,4,0.0,0.0,-0.009838780997429955,-0.009828080242263688,-0.038736563220986286,0.0,-0.01953837911999201,-0.019580760421568644,0.8060950128502877,1.04173155206268,1.0778592634285769,0.6666666666666666,2.899999999999999,0,0,False,False
e5dff0b602dc0d65,FRIDAY,0.3,0.0,0.1,MIDPOINT,1,0.05,OPPOSITE_LIQUIDITY,2022-01-01T00:00:00+00:00,2022-12-31T23:59:59+00:00,365,18,0.01,10000.0,9612.634367790137,-0.038736563220986286,-0.00010823189542708,0.038736563220986286,4,0,4,0.0,0.0,-0.009838780997429955,-0.009828080242263688,-0.038736563220986286,0.0,-0.01953837911999201,-0.019580760421568644,0.8060950128502877,1.04173155206268,1.0778592634285769,0.6666666666666666,2.899999999999999,0,0,False,False
51fa668d00f817ae,FRIDAY,0.3,0.0,0.1,MIDPOINT,1,0.15,OPPOSITE_LIQUIDITY,2022-01-01T00:00:00+00:00,2022-12-31T23:59:59+00:00,365,18,0.01,10000.0,9612.427765081397,-0.03875722349186039,-0.00010829077414842292,0.03875722349186039,4,0,4,0.0,0.0,-0.009843560351337145,-0.00983340069468334,-0.038757223491860504,0.0,-0.01954998706504829,-0.019590225073602308,0.782198243314343,1.0118718908373217,1.046081628936975,0.6666666666666666,2.899999999999999,0,0,False,False
57e3506c566bd6b8,FRIDAY,0.15,0.0,0.25,MIDPOINT,1,0.15,OPPOSITE_LIQUIDITY,2022-01-01T00:00:00+00:00,2022-12-31T23:59:59+00:00,365,18,0.01,10000.0,9612.427765081397,-0.03875722349186039,-0.00010829077414842292,0.03875722349186039,4,0,4,0.0,0.0,-0.009843560351337145,-0.00983340069468334,-0.038757223491860504,0.0,-0.01954998706504829,-0.019590225073602308,0.782198243314343,1.0118718908373217,1.046081628936975,0.6666666666666666,2.899999999999999,0,0,False,False
6b8d6b2167657cb3,FRIDAY,0.3,0.1,0.25,MIDPOINT,1,0.15,OPPOSITE_LIQUIDITY,2022-01-01T00:00:00+00:00,2022-12-31T23:59:59+00:00,365,18,0.01,10000.0,9612.427765081397,-0.03875722349186039,-0.00010829077414842292,0.03875722349186039,4,0,4,0.0,0.0,-0.009843560351337145,-0.00983340069468334,-0.038757223491860504,0.0,-0.01954998706504829,-0.019590225073602308,0.782198243314343,1.0118718908373217,1.046081628936975,0.6666666666666666,2.899999999999999,0,0,False,False
7ba7fb504cf35c40,FRIDAY,0.3,0.0,0.25,MIDPOINT,1,0.15,OPPOSITE_LIQUIDITY,2022-01-01T00:00:00+00:00,2022-12-31T23:59:59+00:00,365,18,0.01,10000.0,9612.427765081397,-0.03875722349186039,-0.00010829077414842292,0.03875722349186039,4,0,4,0.0,0.0,-0.009843560351337145,-0.00983340069468334,-0.038757223491860504,0.0,-0.01954998706504829,-0.019590225073602308,0.782198243314343,1.0118718908373217,1.046081628936975,0.6666666666666666,2.899999999999999,0,0,False,False
b27cad341ced4ac9,FRIDAY,0.3,0.1,0.1,MIDPOINT,1,0.15,OPPOSITE_LIQUIDITY,2022-01-01T00:00:00+00:00,2022-12-31T23:59:59+00:00,365,18,0.01,10000.0,9612.427765081397,-0.03875722349186039,-0.00010829077414842292,0.03875722349186039,4,0,4,0.0,0.0,-0.009843560351337145,-0.00983340069468334,-0.038757223491860504,0.0,-0.01954998706504829,-0.019590225073602308,0.782198243314343,1.0118718908373217,1.046081628936975,0.6666666666666666,2.899999999999999,0,0,False,False
b9e94eb75f5f908f,FRIDAY,0.05,0.0,0.25,MIDPOINT,1,0.15,OPPOSITE_LIQUIDITY,2022-01-01T00:00:00+00:00,2022-12-31T23:59:59+00:00,365,18,0.01,10000.0,9612.427765081397,-0.03875722349186039,-0.00010829077414842292,0.03875722349186039,4,0,4,0.0,0.0,-0.009843560351337145,-0.00983340069468334,-0.038757223491860504,0.0,-0.01954998706504829,-0.019590225073602308,0.782198243314343,1.0118718908373217,1.046081628936975,0.6666666666666666,2.899999999999999,0,0,False,False
ecb15ef01df7c384,FRIDAY,0.15,0.1,0.25,MIDPOINT,1,0.15,OPPOSITE_LIQUIDITY,2022-01-01T00:00:00+00:00,2022-12-31T23:59:59+00:00,365,18,0.01,10000.0,9612.427765081397,-0.03875722349186039,-0.00010829077414842292,0.03875722349186039,4,0,4,0.0,0.0,-0.009843560351337145,-0.00983340069468334,-0.038757223491860504,0.0,-0.01954998706504829,-0.019590225073602308,0.782198243314343,1.0118718908373217,1.046081628936975,0.6666666666666666,2.899999999999999,0,0,False,False
fd53ce755d2ecfbb,FRIDAY,0.05,0.1,0.25,MIDPOINT,1,0.15,OPPOSITE_LIQUIDITY,2022-01-01T00:00:00+00:00,2022-12-31T23:59:59+00:00,365,18,0.01,10000.0,9612.427765081397,-0.03875722349186039,-0.00010829077414842292,0.03875722349186039,4,0,4,0.0,0.0,-0.009843560351337145,-0.00983340069468334,-0.038757223491860504,0.0,-0.01954998706504829,-0.019590225073602308,0.782198243314343,1.0118718908373217,1.046081628936975,0.6666666666666666,2.899999999999999,0,0,False,False
a284b9e1e8ca13ee,ALL,0.3,0.0,0.25,MICRO_BOS,1,0.15,OPPOSITE_LIQUIDITY,2022-01-01T00:00:00+00:00,2022-12-31T23:59:59+00:00,365,18,0.01,10000.0,9605.205121728104,-0.039479487827189574,-0.00011034991450065146,0.04379630185076311,11,4,7,0.36363636363636365,0.41190741052875063,-0.009715912857478028,-0.0036212545519018033,-0.05622993918693353,1.0,-0.03428329306575595,-0.005380661558532451,1.1740884349836298,1.6176824844451623,1.728752158834024,1.8333333333333333,3.25,0,0,False,False
d68f85a7d67099a2,ALL,0.3,0.0,0.1,MICRO_BOS,1,0.15,OPPOSITE_LIQUIDITY,2022-01-01T00:00:00+00:00,2022-12-31T23:59:59+00:00,365,18,0.01,10000.0,9605.205121728104,-0.039479487827189574,-0.00011034991450065146,0.04379630185076311,11,4,7,0.36363636363636365,0.41190741052875063,-0.009715912857478028,-0.0036212545519018033,-0.05622993918693353,1.0,-0.03428329306575595,-0.005380661558532451,1.1740884349836298,1.6176824844451623,1.728752158834024,1.8333333333333333,3.25,0,0,False,False
2d2349caac5121f4,ALL,0.3,0.0,0.25,MIDPOINT,1,0.15,OPPOSITE_LIQUIDITY,2022-01-01T00:00:00+00:00,2022-12-31T23:59:59+00:00,365,18,0.01,10000.0,9584.401065322134,-0.04155989346778666,-0.00011628969019461532,0.07136556206406641,25,8,17,0.32,0.7404680443970261,-0.009632803596435448,-0.0016061851601338092,-0.11820333643413716,0.84341757044592,-0.023125775950050276,-0.01887051276807339,1.2546193256263198,2.3774616719824397,3.162832849108314,0.9166666666666666,8.849999999999984,5,0,False,False
dcee8e6387bb69d1,ALL,0.3,0.0,0.1,MIDPOINT,1,0.15,OPPOSITE_LIQUIDITY,2022-01-01T00:00:00+00:00,2022-12-31T23:59:59+00:00,365,18,0.01,10000.0,9584.401065322134,-0.04155989346778666,-0.00011628969019461532,0.07136556206406641,25,8,17,0.32,0.7404680443970261,-0.009632803596435448,-0.0016061851601338092,-0.11820333643413716,0.84341757044592,-0.023125775950050276,-0.01887051276807339,1.2546193256263198,2.3774616719824397,3.162832849108314,0.9166666666666666,8.849999999999984,5,0,False,False
2a16e896ad359951,ALL,0.3,0.0,0.1,MIDPOINT,1,0.15,PRE_RANGE_MID,2022-01-01T00:00:00+00:00,2022-12-31T23:59:59+00:00,365,18,0.01,10000.0,9573.850395234547,-0.04261496047654523,-0.0001193069324888496,0.04718052739782563,11,3,8,0.2727272727272727,0.4376560007328818,-0.00958112393420313,-0.0039049408426881775,-0.06968329526506067,1.0,-0.009613551622949856,-0.033321749209790696,1.5489175418912378,2.6331722913716327,3.162832849108314,0.5833333333333334,15.875,3,0,False,False
6a980266e0fad6a3,ALL,0.3,0.1,0.25,MIDPOINT,1,0.15,PRE_RANGE_MID,2022-01-01T00:00:00+00:00,2022-12-31T23:59:59+00:00,365,18,0.01,10000.0,9573.850395234547,-0.04261496047654523,-0.0001193069324888496,0.04718052739782563,11,3,8,0.2727272727272727,0.4376560007328818,-0.00958112393420313,-0.0039049408426881775,-0.06968329526506067,1.0,-0.009613551622949856,-0.033321749209790696,1.5489175418912378,2.6331722913716327,3.162832849108314,0.5833333333333334,15.875,3,0,False,False
96648631374faf61,ALL,0.3,0.1,0.1,MIDPOINT,1,0.15,PRE_RANGE_MID,2022-01-01T00:00:00+00:00,2022-12-31T23:59:59+00:00,365,18,0.01,10000.0,9573.850395234547,-0.04261496047654523,-0.0001193069324888496,0.04718052739782563,11,3,8,0.2727272727272727,0.4376560007328818,-0.00958112393420313,-0.0039049408426881775,-0.06968329526506067,1.0,-0.009613551622949856,-0.033321749209790696,1.5489175418912378,2.6331722913716327,3.162832849108314,0.5833333333333334,15.875,3,0,False,False
eebdfae107b3329c,ALL,0.3,0.0,0.25,MIDPOINT,1,0.15,PRE_RANGE_MID,2022-01-01T00:00:00+00:00,2022-12-31T23:59:59+00:00,365,18,0.01,10000.0,9573.850395234547,-0.04261496047654523,-0.0001193069324888496,0.04718052739782563,11,3,8,0.2727272727272727,0.4376560007328818,-0.00958112393420313,-0.0039049408426881775,-0.06968329526506067,1.0,-0.009613551622949856,-0.033321749209790696,1.5489175418912378,2.6331722913716327,3.162832849108314,0.5833333333333334,15.875,3,0,False,False
5ce6d63e1431ad3f,ALL,0.3,0.1,0.1,MIDPOINT,1,0.05,PRE_RANGE_MID,2022-01-01T00:00:00+00:00,2022-12-31T23:59:59+00:00,365,18,0.01,10000.0,9523.705258949638,-0.04762947410503615,-0.00013369273915009305,0.052462674697833944,14,4,10,0.2857142857142857,0.444456871162399,-0.009568631006801491,-0.0034387433466560513,-0.07505158887159347,0.9999999999999998,-0.004887248263300226,-0.04295214363110211,1.7080874805980804,2.7808730043356142,3.2784741345170274,0.5416666666666667,12.36249999999999,3,0,False,False
7748b9ec48ca4fba,ALL,0.3,0.0,0.25,MIDPOINT,1,0.05,PRE_RANGE_MID,2022-01-01T00:00:00+00:00,2022-12-31T23:59:59+00:00,365,18,0.01,10000.0,9523.705258949638,-0.04762947410503615,-0.00013369273915009305,0.052462674697833944,14,4,10,0.2857142857142857,0.444456871162399,-0.009568631006801491,-0.0034387433466560513,-0.07505158887159347,0.9999999999999998,-0.004887248263300226,-0.04295214363110211,1.7080874805980804,2.7808730043356142,3.2784741345170274,0.5416666666666667,12.36249999999999,3,0,False,False
88c490b165c9c877,ALL,0.3,0.0,0.1,MIDPOINT,1,0.05,PRE_RANGE_MID,2022-01-01T00:00:00+00:00,2022-12-31T23:59:59+00:00,365,18,0.01,10000.0,9523.705258949638,-0.04762947410503615,-0.00013369273915009305,0.052462674697833944,14,4,10,0.2857142857142857,0.444456871162399,-0.009568631006801491,-0.0034387433466560513,-0.07505158887159347,0.9999999999999998,-0.004887248263300226,-0.04295214363110211,1.7080874805980804,2.7808730043356142,3.2784741345170274,0.5416666666666667,12.36249999999999,3,0,False,False
d224d4b50177d6e5,ALL,0.3,0.1,0.25,MIDPOINT,1,0.05,PRE_RANGE_MID,2022-01-01T00:00:00+00:00,2022-12-31T23:59:59+00:00,365,18,0.01,10000.0,9523.705258949638,-0.04762947410503615,-0.00013369273915009305,0.052462674697833944,14,4,10,0.2857142857142857,0.444456871162399,-0.009568631006801491,-0.0034387433466560513,-0.07505158887159347,0.9999999999999998,-0.004887248263300226,-0.04295214363110211,1.7080874805980804,2.7808730043356142,3.2784741345170274,0.5416666666666667,12.36249999999999,3,0,False,False
48d71bb4c1585968,ALL,0.05,0.1,0.1,MICRO_BOS,2,0.05,OPPOSITE_LIQUIDITY,2022-01-01T00:00:00+00:00,2022-12-31T23:59:59+00:00,365,18,0.01,10000.0,9521.268217794324,-0.04787317822056758,-0.00013439380918767174,0.04787317822056758,5,0,5,0.0,0.0,-0.009784518662844481,-0.009763426198265845,-0.04787317822056758,0.0,-0.029228740868776137,-0.019205798664122975,1.077406685777728,1.9145186560061849,2.0223772858517775,2.9166666666666665,7.316666666666666,0,0,False,False
74b56730363c560c,ALL,0.05,0.0,0.1,MICRO_BOS,2,0.05,OPPOSITE_LIQUIDITY,2022-01-01T00:00:00+00:00,2022-12-31T23:59:59+00:00,365,18,0.01,10000.0,9521.268217794324,-0.04787317822056758,-0.00013439380918767174,0.04787317822056758,5,0,5,0.0,0.0,-0.009784518662844481,-0.009763426198265845,-0.04787317822056758,0.0,-0.029228740868776137,-0.019205798664122975,1.077406685777728,1.9145186560061849,2.0223772858517775,2.9166666666666665,7.316666666666666,0,0,False,False
82c754aa197096f5,ALL,0.15,0.1,0.1,MICRO_BOS,2,0.05,OPPOSITE_LIQUIDITY,2022-01-01T00:00:00+00:00,2022-12-31T23:59:59+00:00,365,18,0.01,10000.0,9521.268217794324,-0.04787317822056758,-0.00013439380918767174,0.04787317822056758,5,0,5,0.0,0.0,-0.009784518662844481,-0.009763426198265845,-0.04787317822056758,0.0,-0.029228740868776137,-0.019205798664122975,1.077406685777728,1.9145186560061849,2.0223772858517775,2.9166666666666665,7.316666666666666,0,0,False,False
ec1cdc5979486ccc,ALL,0.15,0.0,0.1,MICRO_BOS,2,0.05,OPPOSITE_LIQUIDITY,2022-01-01T00:00:00+00:00,2022-12-31T23:59:59+00:00,365,18,0.01,10000.0,9521.268217794324,-0.04787317822056758,-0.00013439380918767174,0.04787317822056758,5,0,5,0.0,0.0,-0.009784518662844481,-0.009763426198265845,-0.04787317822056758,0.0,-0.029228740868776137,-0.019205798664122975,1.077406685777728,1.9145186560061849,2.0223772858517775,2.9166666666666665,7.316666666666666,0,0,False,False
3226e443d0db2caf,ALL,0.15,0.1,0.1,MICRO_BOS,2,0.15,OPPOSITE_LIQUIDITY,2022-01-01T00:00:00+00:00,2022-12-31T23:59:59+00:00,365,18,0.01,10000.0,9521.01871647049,-0.04789812835295104,-0.0001344655939876649,0.04789812835295104,5,0,5,0.0,0.0,-0.009791255077866571,-0.009768616142635819,-0.04789812835295115,0.0,-0.02924314106025283,-0.019216951310622732,1.0437246106670581,1.882700098417481,1.9881154824768879,2.9166666666666665,7.316666666666666,0,0,False,False
65ecf717d749b9ac,ALL,0.15,0.0,0.1,MICRO_BOS,2,0.15,OPPOSITE_LIQUIDITY,2022-01-01T00:00:00+00:00,2022-12-31T23:59:59+00:00,365,18,0.01,10000.0,9521.01871647049,-0.04789812835295104,-0.0001344655939876649,0.04789812835295104,5,0,5,0.0,0.0,-0.009791255077866571,-0.009768616142635819,-0.04789812835295115,0.0,-0.02924314106025283,-0.019216951310622732,1.0437246106670581,1.882700098417481,1.9881154824768879,2.9166666666666665,7.316666666666666,0,0,False,False
70908b5422ef2076,ALL,0.05,0.1,0.1,MICRO_BOS,2,0.15,OPPOSITE_LIQUIDITY,2022-01-01T00:00:00+00:00,2022-12-31T23:59:59+00:00,365,18,0.01,10000.0,9521.01871647049,-0.04789812835295104,-0.0001344655939876649,0.04789812835295104,5,0,5,0.0,0.0,-0.009791255077866571,-0.009768616142635819,-0.04789812835295115,0.0,-0.02924314106025283,-0.019216951310622732,1.0437246106670581,1.882700098417481,1.9881154824768879,2.9166666666666665,7.316666666666666,0,0,False,False
d4950324b8a2d949,ALL,0.05,0.0,0.1,MICRO_BOS,2,0.15,OPPOSITE_LIQUIDITY,2022-01-01T00:00:00+00:00,2022-12-31T23:59:59+00:00,365,18,0.01,10000.0,9521.01871647049,-0.04789812835295104,-0.0001344655939876649,0.04789812835295104,5,0,5,0.0,0.0,-0.009791255077866571,-0.009768616142635819,-0.04789812835295115,0.0,-0.02924314106025283,-0.019216951310622732,1.0437246106670581,1.882700098417481,1.9881154824768879,2.9166666666666665,7.316666666666666,0,0,False,False
465520b677caa797,FRIDAY,0.05,0.0,0.1,MIDPOINT,1,0.05,OPPOSITE_LIQUIDITY,2022-01-01T00:00:00+00:00,2022-12-31T23:59:59+00:00,365,18,0.01,10000.0,9519.420757309777,-0.04805792426902222,-0.00013492539226356293,0.04805792426902222,5,0,5,0.0,0.0,-0.009832598429135524,-0.00980186200951687,-0.04805792426902222,0.0,-0.01953837911999201,-0.02908787508014099,0.8370078543225978,1.4276155385672868,1.5150546073519644,0.9166666666666666,5.9833333333333325,0,0,False,False
8207990fbfcbb226,FRIDAY,0.05,0.1,0.1,MIDPOINT,1,0.05,OPPOSITE_LIQUIDITY,2022-01-01T00:00:00+00:00,2022-12-31T23:59:59+00:00,365,18,0.01,10000.0,9519.420757309777,-0.04805792426902222,-0.00013492539226356293,0.04805792426902222,5,0,5,0.0,0.0,-0.009832598429135524,-0.00980186200951687,-0.04805792426902222,0.0,-0.01953837911999201,-0.02908787508014099,0.8370078543225978,1.4276155385672868,1.5150546073519644,0.9166666666666666,5.9833333333333325,0,0,False,False
850c12b2b8993b5a,FRIDAY,0.15,0.0,0.1,MIDPOINT,1,0.05,OPPOSITE_LIQUIDITY,2022-01-01T00:00:00+00:00,2022-12-31T23:59:59+00:00,365,18,0.01,10000.0,9519.420757309777,-0.04805792426902222,-0.00013492539226356293,0.04805792426902222,5,0,5,0.0,0.0,-0.009832598429135524,-0.00980186200951687,-0.04805792426902222,0.0,-0.01953837911999201,-0.02908787508014099,0.8370078543225978,1.4276155385672868,1.5150546073519644,0.9166666666666666,5.9833333333333325,0,0,False,False
d371a0bef7112cd4,FRIDAY,0.15,0.1,0.1,MIDPOINT,1,0.05,OPPOSITE_LIQUIDITY,2022-01-01T00:00:00+00:00,2022-12-31T23:59:59+00:00,365,18,0.01,10000.0,9519.420757309777,-0.04805792426902222,-0.00013492539226356293,0.04805792426902222,5,0,5,0.0,0.0,-0.009832598429135524,-0.00980186200951687,-0.04805792426902222,0.0,-0.01953837911999201,-0.02908787508014099,0.8370078543225978,1.4276155385672868,1.5150546073519644,0.9166666666666666,5.9833333333333325,0,0,False,False
1eb27eacb4b7db15,FRIDAY,0.05,0.1,0.1,MIDPOINT,1,0.15,OPPOSITE_LIQUIDITY,2022-01-01T00:00:00+00:00,2022-12-31T23:59:59+00:00,365,18,0.01,10000.0,9519.171936725992,-0.04808280632740081,-0.00013499699505870044,0.04808280632740081,5,0,5,0.0,0.0,-0.009836396658345459,-0.009807038457414971,-0.04808280632740092,0.0,-0.01954998706504829,-0.0291017582599038,0.8180167082726193,1.4028582924212718,1.492052458292346,0.9166666666666666,5.9833333333333325,0,0,False,False
493080b06b8091e5,FRIDAY,0.15,0.0,0.1,MIDPOINT,1,0.15,OPPOSITE_LIQUIDITY,2022-01-01T00:00:00+00:00,2022-12-31T23:59:59+00:00,365,18,0.01,10000.0,9519.171936725992,-0.04808280632740081,-0.00013499699505870044,0.04808280632740081,5,0,5,0.0,0.0,-0.009836396658345459,-0.009807038457414971,-0.04808280632740092,0.0,-0.01954998706504829,-0.0291017582599038,0.8180167082726193,1.4028582924212718,1.492052458292346,0.9166666666666666,5.9833333333333325,0,0,False,False
964b3aaf6619bf34,FRIDAY,0.15,0.1,0.1,MIDPOINT,1,0.15,OPPOSITE_LIQUIDITY,2022-01-01T00:00:00+00:00,2022-12-31T23:59:59+00:00,365,18,0.01,10000.0,9519.171936725992,-0.04808280632740081,-0.00013499699505870044,0.04808280632740081,5,0,5,0.0,0.0,-0.009836396658345459,-0.009807038457414971,-0.04808280632740092,0.0,-0.01954998706504829,-0.0291017582599038,0.8180167082726193,1.4028582924212718,1.492052458292346,0.9166666666666666,5.9833333333333325,0,0,False,False
d75af6032045d9c7,FRIDAY,0.05,0.0,0.1,MIDPOINT,1,0.15,OPPOSITE_LIQUIDITY,2022-01-01T00:00:00+00:00,2022-12-31T23:59:59+00:00,365,18,0.01,10000.0,9519.171936725992,-0.04808280632740081,-0.00013499699505870044,0.04808280632740081,5,0,5,0.0,0.0,-0.009836396658345459,-0.009807038457414971,-0.04808280632740092,0.0,-0.01954998706504829,-0.0291017582599038,0.8180167082726193,1.4028582924212718,1.492052458292346,0.9166666666666666,5.9833333333333325,0,0,False,False
10f769f945cf2eec,ALL,0.05,0.0,0.25,MIDPOINT,1,0.15,PRE_RANGE_MID,2022-01-01T00:00:00+00:00,2022-12-31T23:59:59+00:00,365,18,0.01,10000.0,9499.086147219718,-0.050091385278028255,-0.0001407832234792128,0.060866521458745715,14,4,10,0.2857142857142857,0.4721981578996144,-0.00960696376531929,-0.0036164787319373404,-0.07694833764338749,1.0,0.0020258498789436086,-0.05201186692266302,1.3741920531025391,2.4742741240506283,3.162832849108314,0.5,12.36249999999999,3,0,False,False
2d6a7593236346cf,ALL,0.15,0.0,0.25,MIDPOINT,1,0.15,PRE_RANGE_MID,2022-01-01T00:00:00+00:00,2022-12-31T23:59:59+00:00,365,18,0.01,10000.0,9499.086147219718,-0.050091385278028255,-0.0001407832234792128,0.060866521458745715,14,4,10,0.2857142857142857,0.4721981578996144,-0.00960696376531929,-0.0036164787319373404,-0.07694833764338749,1.0,0.0020258498789436086,-0.05201186692266302,1.3741920531025391,2.4742741240506283,3.162832849108314,0.5,12.36249999999999,3,0,False,False
8539e266be3653de,ALL,0.05,0.1,0.25,MIDPOINT,1,0.15,PRE_RANGE_MID,2022-01-01T00:00:00+00:00,2022-12-31T23:59:59+00:00,365,18,0.01,10000.0,9499.086147219718,-0.050091385278028255,-0.0001407832234792128,0.060866521458745715,14,4,10,0.2857142857142857,0.4721981578996144,-0.00960696376531929,-0.0036164787319373404,-0.07694833764338749,1.0,0.0020258498789436086,-0.05201186692266302,1.3741920531025391,2.4742741240506283,3.162832849108314,0.5,12.36249999999999,3,0,False,False
9590f9654542b5bc,ALL,0.15,0.1,0.25,MIDPOINT,1,0.15,PRE_RANGE_MID,2022-01-01T00:00:00+00:00,2022-12-31T23:59:59+00:00,365,18,0.01,10000.0,9499.086147219718,-0.050091385278028255,-0.0001407832234792128,0.060866521458745715,14,4,10,0.2857142857142857,0.4721981578996144,-0.00960696376531929,-0.0036164787319373404,-0.07694833764338749,1.0,0.0020258498789436086,-0.05201186692266302,1.3741920531025391,2.4742741240506283,3.162832849108314,0.5,12.36249999999999,3,0,False,False
ac32d7d1a25e576a,ALL,0.3,0.1,0.1,MIDPOINT,1,0.05,OPPOSITE_LIQUIDITY,2022-01-01T00:00:00+00:00,2022-12-31T23:59:59+00:00,365,18,0.01,10000.0,9477.873536112053,-0.05221264638879475,-0.00014690732429545328,0.08265007668224489,26,8,18,0.3076923076923077,0.6915162826685396,-0.009632205150894505,-0.001971058360896589,-0.1295113027055116,0.8690776130614468,-0.018555636728000202,-0.03429334450359134,1.384685225459738,2.4239547211038115,3.2784741345170274,0.625,8.583333333333332,5,0,False,False
af4a6e3bde14a804,ALL,0.3,0.1,0.25,MIDPOINT,1,0.05,OPPOSITE_LIQUIDITY,2022-01-01T00:00:00+00:00,2022-12-31T23:59:59+00:00,365,18,0.01,10000.0,9477.873536112053,-0.05221264638879475,-0.00014690732429545328,0.08265007668224489,26,8,18,0.3076923076923077,0.6915162826685396,-0.009632205150894505,-0.001971058360896589,-0.1295113027055116,0.8690776130614468,-0.018555636728000202,-0.03429334450359134,1.384685225459738,2.4239547211038115,3.2784741345170274,0.625,8.583333333333332,5,0,False,False
4b40ce1fe3fbf0e2,ALL,0.3,0.1,0.1,MICRO_BOS,1,0.05,OPPOSITE_LIQUIDITY,2022-01-01T00:00:00+00:00,2022-12-31T23:59:59+00:00,365,18,0.01,10000.0,9476.63548284662,-0.05233645171533807,-0.00014726517348584434,0.05233645171533807,12,4,8,0.3333333333333333,0.3150143182348759,-0.009705207904312379,-0.004440173333156495,-0.06807389027479249,1.0,-0.03090436282315656,-0.0221155560607178,1.294339015085869,1.7046037580496214,1.776905425103553,0.7916666666666666,3.25,0,0,False,False
6d3d3cea7d913d7f,ALL,0.3,0.1,0.25,MICRO_BOS,1,0.05,OPPOSITE_LIQUIDITY,2022-01-01T00:00:00+00:00,2022-12-31T23:59:59+00:00,365,18,0.01,10000.0,9476.63548284662,-0.05233645171533807,-0.00014726517348584434,0.05233645171533807,12,4,8,0.3333333333333333,0.3150143182348759,-0.009705207904312379,-0.004440173333156495,-0.06807389027479249,1.0,-0.03090436282315656,-0.0221155560607178,1.294339015085869,1.7046037580496214,1.776905425103553,0.7916666666666666,3.25,0,0,False,False
6a681ce1206ed03c,ALL,0.05,0.1,0.25,MIDPOINT,1,0.05,PRE_RANGE_MID,2022-01-01T00:00:00+00:00,2022-12-31T23:59:59+00:00,365,18,0.01,10000.0,9455.13927379671,-0.054486072620328896,-0.00015348592070174583,0.07031991313129016,17,5,12,0.29411764705882354,0.4805783180049526,-0.009568665429943309,-0.003246922440037716,-0.08171076167254265,1.0000000000000002,0.0073966858414835635,-0.06142839194484906,1.618893823173216,2.6660419742937496,3.2784741345170274,0.5,8.849999999999984,3,0,False,False
719605065a13d0c4,ALL,0.15,0.1,0.25,MIDPOINT,1,0.05,PRE_RANGE_MID,2022-01-01T00:00:00+00:00,2022-12-31T23:59:59+00:00,365,18,0.01,10000.0,9455.13927379671,-0.054486072620328896,-0.00015348592070174583,0.07031991313129016,17,5,12,0.29411764705882354,0.4805783180049526,-0.009568665429943309,-0.003246922440037716,-0.08171076167254265,1.0000000000000002,0.0073966858414835635,-0.06142839194484906,1.618893823173216,2.6660419742937496,3.2784741345170274,0.5,8.849999999999984,3,0,False,False
a80f2f75534fff74,ALL,0.15,0.0,0.25,MIDPOINT,1,0.05,PRE_RANGE_MID,2022-01-01T00:00:00+00:00,2022-12-31T23:59:59+00:00,365,18,0.01,10000.0,9455.13927379671,-0.054486072620328896,-0.00015348592070174583,0.07031991313129016,17,5,12,0.29411764705882354,0.4805783180049526,-0.009568665429943309,-0.003246922440037716,-0.08171076167254265,1.0000000000000002,0.0073966858414835635,-0.06142839194484906,1.618893823173216,2.6660419742937496,3.2784741345170274,0.5,8.849999999999984,3,0,False,False
ad1fa2c40aeae6f4,ALL,0.05,0.0,0.25,MIDPOINT,1,0.05,PRE_RANGE_MID,2022-01-01T00:00:00+00:00,2022-12-31T23:59:59+00:00,365,18,0.01,10000.0,9455.13927379671,-0.054486072620328896,-0.00015348592070174583,0.07031991313129016,17,5,12,0.29411764705882354,0.4805783180049526,-0.009568665429943309,-0.003246922440037716,-0.08171076167254265,1.0000000000000002,0.0073966858414835635,-0.06142839194484906,1.618893823173216,2.6660419742937496,3.2784741345170274,0.5,8.849999999999984,3,0,False,False
2ed60a1a2df48bcd,ALL,0.05,0.1,0.25,MICRO_BOS,1,0.15,OPPOSITE_LIQUIDITY,2022-01-01T00:00:00+00:00,2022-12-31T23:59:59+00:00,365,18,0.01,10000.0,9447.322035081654,-0.055267796491834664,-0.0001557516343309029,0.05951365399611641,14,5,9,0.35714285714285715,0.35550869120896567,-0.009722737930229163,-0.004021735427729089,-0.07174291661920185,1.0,-0.05015701284420371,-0.005380661558532562,1.1100850319603024,1.6464438025811097,1.728752158834024,1.375,4.766666666666665,0,0,False,False
e9b9c0d220997551,ALL,0.15,0.1,0.25,MICRO_BOS,1,0.15,OPPOSITE_LIQUIDITY,2022-01-01T00:00:00+00:00,2022-12-31T23:59:59+00:00,365,18,0.01,10000.0,9447.322035081654,-0.055267796491834664,-0.0001557516343309029,0.05951365399611641,14,5,9,0.35714285714285715,0.35550869120896567,-0.009722737930229163,-0.004021735427729089,-0.07174291661920185,1.0,-0.05015701284420371,-0.005380661558532562,1.1100850319603024,1.6464438025811097,1.728752158834024,1.375,4.766666666666665,0,0,False,False
42c44be666348157,ALL,0.3,0.0,0.25,MIDPOINT,1,0.05,OPPOSITE_LIQUIDITY,2022-01-01T00:00:00+00:00,2022-12-31T23:59:59+00:00,365,18,0.01,10000.0,9446.199751995317,-0.05538002480046833,-0.00015607706532494436,0.08265007668224456,25,7,18,0.28,0.6719542813856382,-0.009640543772395267,-0.002184023559334129,-0.13242035935931806,0.8933522586667725,-0.02183549235874105,-0.03429334450359112,1.298055470916015,2.4417505637306345,3.2784741345170274,0.6666666666666666,8.849999999999984,5,0,False,False
7b7ee484d20d97fa,ALL,0.3,0.0,0.1,MIDPOINT,1,0.05,OPPOSITE_LIQUIDITY,2022-01-01T00:00:00+00:00,2022-12-31T23:59:59+00:00,365,18,0.01,10000.0,9446.199751995317,-0.05538002480046833,-0.00015607706532494436,0.08265007668224456,25,7,18,0.28,0.6719542813856382,-0.009640543772395267,-0.002184023559334129,-0.13242035935931806,0.8933522586667725,-0.02183549235874105,-0.03429334450359112,1.298055470916015,2.4417505637306345,3.2784741345170274,0.6666666666666666,8.849999999999984,5,0,False,False
4f4d6ed48f778a49,ALL,0.3,0.0,0.25,MICRO_BOS,1,0.05,OPPOSITE_LIQUIDITY,2022-01-01T00:00:00+00:00,2022-12-31T23:59:59+00:00,365,18,0.01,10000.0,9444.9658361381,-0.05550341638618994,-0.00015643491123351616,0.05550341638618994,11,3,8,0.2727272727272727,0.2717487825402902,-0.009705737003999237,-0.0051486501452654414,-0.07118826253347699,1.0000000000000002,-0.034142950664981964,-0.02211555606071769,1.213310571001751,1.661931847128007,1.776905425103553,0.9166666666666666,3.25,0,0,False,False
bbee99959fc935d3,ALL,0.3,0.0,0.1,MICRO_BOS,1,0.05,OPPOSITE_LIQUIDITY,2022-01-01T00:00:00+00:00,2022-12-31T23:59:59+00:00,365,18,0.01,10000.0,9444.9658361381,-0.05550341638618994,-0.00015643491123351616,0.05550341638618994,11,3,8,0.2727272727272727,0.2717487825402902,-0.009705737003999237,-0.0051486501452654414,-0.07118826253347699,1.0000000000000002,-0.034142950664981964,-0.02211555606071769,1.213310571001751,1.661931847128007,1.776905425103553,0.9166666666666666,3.25,0,0,False,False
1238ec7177ca11ec,ALL,0.05,0.0,0.25,MICRO_BOS,1,0.15,OPPOSITE_LIQUIDITY,2022-01-01T00:00:00+00:00,2022-12-31T23:59:59+00:00,365,18,0.01,10000.0,9416.578913719868,-0.058342108628013145,-0.0001646802551840132,0.06257414942190276,13,4,9,0.3076923076923077,0.31794127422716945,-0.009729563002980297,-0.004582237127940524,-0.07476361603680792,1.0,-0.05324795630101975,-0.005380661558532673,1.046081628936975,1.5954685495673897,1.728752158834024,1.8333333333333333,4.983333333333327,0,0,False,False
f885df1fa57388f5,ALL,0.15,0.0,0.25,MICRO_BOS,1,0.15,OPPOSITE_LIQUIDITY,2022-01-01T00:00:00+00:00,2022-12-31T23:59:59+00:00,365,18,0.01,10000.0,9416.578913719868,-0.058342108628013145,-0.0001646802551840132,0.06257414942190276,13,4,9,0.3076923076923077,0.31794127422716945,-0.009729563002980297,-0.004582237127940524,-0.07476361603680792,1.0,-0.05324795630101975,-0.005380661558532673,1.046081628936975,1.5954685495673897,1.728752158834024,1.8333333333333333,4.983333333333327,0,0,False,False
59415c1dfcf227d5,ALL,0.05,0.0,0.1,MIDPOINT,1,0.15,PRE_RANGE_MID,2022-01-01T00:00:00+00:00,2022-12-31T23:59:59+00:00,365,18,0.01,10000.0,9366.999131217402,-0.06330008687825972,-0.00017914097019289255,0.06889045396914284,19,6,13,0.3157894736842105,0.45274433426780697,-0.009579297653272867,-0.0033957837716647047,-0.0897835870354935,0.9319263461030256,-0.0033925655482487382,-0.060111453375788826,1.7064294693564843,3.1720228246627014,3.2547326046521867,0.5833333333333334,6.508333333333283,3,0,False,False
cd16669be2e6eb1e,ALL,0.05,0.1,0.1,MIDPOINT,1,0.15,PRE_RANGE_MID,2022-01-01T00:00:00+00:00,2022-12-31T23:59:59+00:00,365,18,0.01,10000.0,9366.999131217402,-0.06330008687825972,-0.00017914097019289255,0.06889045396914284,19,6,13,0.3157894736842105,0.45274433426780697,-0.009579297653272867,-0.0033957837716647047,-0.0897835870354935,0.9319263461030256,-0.0033925655482487382,-0.060111453375788826,1.7064294693564843,3.1720228246627014,3.2547326046521867,0.5833333333333334,6.508333333333283,3,0,False,False
bc78e4f1a59be444,ALL,0.15,0.1,0.1,MIDPOINT,1,0.15,PRE_RANGE_MID,2022-01-01T00:00:00+00:00,2022-12-31T23:59:59+00:00,365,18,0.01,10000.0,9351.094633560828,-0.0648905366439172,-0.00018379593879314093,0.06934987605013954,17,5,12,0.29411764705882354,0.42474655037042425,-0.00958112393420313,-0.003896034515330263,-0.09132906970333343,0.9999999999999999,-0.007765987019728526,-0.05757165031322553,1.5489175418912378,2.5982547638360347,3.162832849108314,0.5833333333333334,8.849999999999984,3,0,False,False
c0225e103d23a1e6,ALL,0.15,0.0,0.1,MIDPOINT,1,0.15,PRE_RANGE_MID,2022-01-01T00:00:00+00:00,2022-12-31T23:59:59+00:00,365,18,0.01,10000.0,9351.094633560828,-0.0648905366439172,-0.00018379593879314093,0.06934987605013954,17,5,12,0.29411764705882354,0.42474655037042425,-0.00958112393420313,-0.003896034515330263,-0.09132906970333343,0.9999999999999999,-0.007765987019728526,-0.05757165031322553,1.5489175418912378,2.5982547638360347,3.162832849108314,0.5833333333333334,8.849999999999984,3,0,False,False
02f78041f70875dd,ALL,0.15,0.0,0.1,MIDPOINT,1,0.05,PRE_RANGE_MID,2022-01-01T00:00:00+00:00,2022-12-31T23:59:59+00:00,365,18,0.01,10000.0,9310.287781012152,-0.0689712218987848,-0.0001957756039357994,0.0755360463546153,20,6,14,0.3,0.4377900304535226,-0.009568631006801491,-0.0035267615648360367,-0.0957788322876797,0.9295096628795546,-0.002439511047496512,-0.06669441260765097,1.7080874805980804,2.6096178268887655,3.2784741345170274,0.5416666666666667,5.337500000000016,3,0,False,False
6de6113cf79d8a8d,ALL,0.15,0.1,0.1,MIDPOINT,1,0.05,PRE_RANGE_MID,2022-01-01T00:00:00+00:00,2022-12-31T23:59:59+00:00,365,18,0.01,10000.0,9310.287781012152,-0.0689712218987848,-0.0001957756039357994,0.0755360463546153,20,6,14,0.3,0.4377900304535226,-0.009568631006801491,-0.0035267615648360367,-0.0957788322876797,0.9295096628795546,-0.002439511047496512,-0.06669441260765097,1.7080874805980804,2.6096178268887655,3.2784741345170274,0.5416666666666667,5.337500000000016,3,0,False,False
2a4bcf1d2e461164,ALL,0.05,0.1,0.25,MICRO_BOS,1,0.05,OPPOSITE_LIQUIDITY,2022-01-01T00:00:00+00:00,2022-12-31T23:59:59+00:00,365,18,0.01,10000.0,9290.626384099876,-0.0709373615900124,-0.00020156630418399768,0.0709373615900124,14,4,10,0.2857142857142857,0.25083074508491104,-0.009715331756082645,-0.005214823490340149,-0.0863659028864745,0.9999999999999999,-0.04992594557760055,-0.02211555606071758,1.145584917215164,1.691458000403452,1.776905425103553,0.7916666666666666,4.766666666666665,0,0,False,False
5bc7ae9af049740f,ALL,0.15,0.1,0.25,MICRO_BOS,1,0.05,OPPOSITE_LIQUIDITY,2022-01-01T00:00:00+00:00,2022-12-31T23:59:59+00:00,365,18,0.01,10000.0,9290.626384099876,-0.0709373615900124,-0.00020156630418399768,0.0709373615900124,14,4,10,0.2857142857142857,0.25083074508491104,-0.009715331756082645,-0.005214823490340149,-0.0863659028864745,0.9999999999999999,-0.04992594557760055,-0.02211555606071758,1.145584917215164,1.691458000403452,1.776905425103553,0.7916666666666666,4.766666666666665,0,0,False,False
b55cdf1ccba1e8a4,ALL,0.05,0.0,0.25,MICRO_BOS,1,0.05,OPPOSITE_LIQUIDITY,2022-01-01T00:00:00+00:00,2022-12-31T23:59:59+00:00,365,18,0.01,10000.0,9259.578354889733,-0.07404216451102674,-0.0002107355439311398,0.07404216451102674,13,3,10,0.23076923076923078,0.21595746130173576,-0.009724926508166051,-0.005873892343446463,-0.08941914568860798,1.0,-0.05310096583715895,-0.0221155560607178,1.0778592634285769,1.6389371315328973,1.776905425103553,0.9166666666666666,4.983333333333327,0,0,False,False
daa012bf018b1f90,ALL,0.15,0.0,0.25,MICRO_BOS,1,0.05,OPPOSITE_LIQUIDITY,2022-01-01T00:00:00+00:00,2022-12-31T23:59:59+00:00,365,18,0.01,10000.0,9259.578354889733,-0.07404216451102674,-0.0002107355439311398,0.07404216451102674,13,3,10,0.23076923076923078,0.21595746130173576,-0.009724926508166051,-0.005873892343446463,-0.08941914568860798,1.0,-0.05310096583715895,-0.0221155560607178,1.0778592634285769,1.6389371315328973,1.776905425103553,0.9166666666666666,4.983333333333327,0,0,False,False
2e1b89b097aea90c,ALL,0.15,0.1,0.25,MIDPOINT,1,0.15,OPPOSITE_LIQUIDITY,2022-01-01T00:00:00+00:00,2022-12-31T23:59:59+00:00,365,18,0.01,10000.0,9244.672538533981,-0.07553274614660188,-0.00021514849379877798,0.1071967356915079,30,9,21,0.3,0.6123779833138631,-0.009650621135717056,-0.0025348608911596377,-0.1494594868600445,0.8219412874907884,-0.0391750971621857,-0.03784003607424524,1.22704294497008,2.2918523162488493,3.162832849108314,0.625,8.90416666666666,5,0,False,False
722768ee3b33e1a0,ALL,0.05,0.1,0.25,MIDPOINT,1,0.15,OPPOSITE_LIQUIDITY,2022-01-01T00:00:00+00:00,2022-12-31T23:59:59+00:00,365,18,0.01,10000.0,9244.672538533981,-0.07553274614660188,-0.00021514849379877798,0.1071967356915079,30,9,21,0.3,0.6123779833138631,-0.009650621135717056,-0.0025348608911596377,-0.1494594868600445,0.8219412874907884,-0.0391750971621857,-0.03784003607424524,1.22704294497008,2.2918523162488493,3.162832849108314,0.625,8.90416666666666,5,0,False,False
61b4f2f7633a557e,ALL,0.05,0.1,0.1,MIDPOINT,1,0.05,PRE_RANGE_MID,2022-01-01T00:00:00+00:00,2022-12-31T23:59:59+00:00,365,18,0.01,10000.0,9236.362395218996,-0.07636376047810045,-0.0002176118397215765,0.08708231419486623,23,7,16,0.30434782608695654,0.4327590131687662,-0.009568596583659673,-0.0034106481426330435,-0.1138968049470046,0.8630193547655307,0.002156297535771401,-0.07835110970908121,1.7972811380229445,3.208068207398262,3.351509003296854,0.5,4.116666666666666,3,0,False,False
e05c3ed5b7b140c6,ALL,0.05,0.0,0.1,MIDPOINT,1,0.05,PRE_RANGE_MID,2022-01-01T00:00:00+00:00,2022-12-31T23:59:59+00:00,365,18,0.01,10000.0,9236.362395218996,-0.07636376047810045,-0.0002176118397215765,0.08708231419486623,23,7,16,0.30434782608695654,0.4327590131687662,-0.009568596583659673,-0.0034106481426330435,-0.1138968049470046,0.8630193547655307,0.002156297535771401,-0.07835110970908121,1.7972811380229445,3.208068207398262,3.351509003296854,0.5,4.116666666666666,3,0,False,False
1134852240feed48,ALL,0.05,0.0,0.25,MIDPOINT,1,0.15,OPPOSITE_LIQUIDITY,2022-01-01T00:00:00+00:00,2022-12-31T23:59:59+00:00,365,18,0.01,10000.0,9214.588871570304,-0.07854111284296961,-0.00022407658423717614,0.10719673569150723,29,8,21,0.27586206896551724,0.5958829812538019,-0.00965871410612856,-0.0027348487382692663,-0.15222728392692497,0.84341757044592,-0.042301777557505194,-0.03784003607424513,1.1994665643138402,2.308974187395568,3.162832849108314,0.6666666666666666,9.016666666666662,5,0,False,False
ab0ded5879861174,ALL,0.15,0.0,0.25,MIDPOINT,1,0.15,OPPOSITE_LIQUIDITY,2022-01-01T00:00:00+00:00,2022-12-31T23:59:59+00:00,365,18,0.01,10000.0,9214.588871570304,-0.07854111284296961,-0.00022407658423717614,0.10719673569150723,29,8,21,0.27586206896551724,0.5958829812538019,-0.00965871410612856,-0.0027348487382692663,-0.15222728392692497,0.84341757044592,-0.042301777557505194,-0.03784003607424513,1.1994665643138402,2.308974187395568,3.162832849108314,0.6666666666666666,9.016666666666662,5,0,False,False
4e7ae7fdb514f321,ALL,0.15,0.1,0.25,MIDPOINT,1,0.05,OPPOSITE_LIQUIDITY,2022-01-01T00:00:00+00:00,2022-12-31T23:59:59+00:00,365,18,0.01,10000.0,9112.537999415974,-0.08874620005840261,-0.00025458080972529107,0.11801038459271274,30,8,22,0.26666666666666666,0.5633823750382622,-0.009658382503880358,-0.0030121230842450803,-0.16306529076013676,0.8690776130614468,-0.0378110388442614,-0.05293675491034544,1.2608622701317187,2.352771350596515,3.2784741345170274,0.5833333333333334,8.90416666666666,5,0,False,False
eb9f941b48ff9dc6,ALL,0.05,0.1,0.25,MIDPOINT,1,0.05,OPPOSITE_LIQUIDITY,2022-01-01T00:00:00+00:00,2022-12-31T23:59:59+00:00,365,18,0.01,10000.0,9112.537999415974,-0.08874620005840261,-0.00025458080972529107,0.11801038459271274,30,8,22,0.26666666666666666,0.5633823750382622,-0.009658382503880358,-0.0030121230842450803,-0.16306529076013676,0.8690776130614468,-0.0378110388442614,-0.05293675491034544,1.2608622701317187,2.352771350596515,3.2784741345170274,0.5833333333333334,8.90416666666666,5,0,False,False
279b36329cf682c6,ALL,0.15,0.0,0.25,MIDPOINT,1,0.05,OPPOSITE_LIQUIDITY,2022-01-01T00:00:00+00:00,2022-12-31T23:59:59+00:00,365,18,0.01,10000.0,9082.085117738525,-0.09179148822614747,-0.0002637495632717979,0.1180103845927124,29,7,22,0.2413793103448276,0.5471716252435406,-0.009676221235365446,-0.0032316125561170444,-0.16586221447928795,0.8933522586667725,-0.041026545499740275,-0.05293675491034511,1.2236690693474221,2.370567193223339,3.2784741345170274,0.5833333333333334,9.016666666666662,5,0,False,False
a77e636754e26d8c,ALL,0.05,0.0,0.25,MIDPOINT,1,0.05,OPPOSITE_LIQUIDITY,2022-01-01T00:00:00+00:00,2022-12-31T23:59:59+00:00,365,18,0.01,10000.0,9082.085117738525,-0.09179148822614747,-0.0002637495632717979,0.1180103845927124,29,7,22,0.2413793103448276,0.5471716252435406,-0.009676221235365446,-0.0032316125561170444,-0.16586221447928795,0.8933522586667725,-0.041026545499740275,-0.05293675491034511,1.2236690693474221,2.370567193223339,3.2784741345170274,0.5833333333333334,9.016666666666662,5,0,False,False
b21c843a9358bf3b,ALL,0.15,0.1,0.1,MICRO_BOS,1,0.15,OPPOSITE_LIQUIDITY,2022-01-01T00:00:00+00:00,2022-12-31T23:59:59+00:00,365,18,0.01,10000.0,9029.24532068457,-0.09707546793154309,-0.0002797315629866626,0.09707546793154309,20,6,14,0.3,0.2541919231224859,-0.009708751182909762,-0.005066232053853269,-0.11282150694295301,0.9075367256638067,-0.059438916709958045,-0.040014999440476595,1.2631367100410538,2.059986744949379,2.067650929975938,1.0,6.712500000000001,0,0,False,False
5079083630d4ad36,ALL,0.05,0.1,0.1,MICRO_BOS,1,0.15,OPPOSITE_LIQUIDITY,2022-01-01T00:00:00+00:00,2022-12-31T23:59:59+00:00,365,18,0.01,10000.0,9023.405697222117,-0.09765943027778834,-0.000281503544214301,0.09765943027778834,24,8,16,0.3333333333333333,0.34152946022891373,-0.00970721502546702,-0.0042399706387666325,-0.1262913020828209,0.798174641768957,-0.06459715581129055,-0.03534549277020127,1.2960893550960566,2.0406570537133795,2.067650929975938,1.1666666666666665,6.441666666666664,0,0,False,False
c2952b1062357543,ALL,0.15,0.0,0.1,MICRO_BOS,1,0.15,OPPOSITE_LIQUIDITY,2022-01-01T00:00:00+00:00,2022-12-31T23:59:59+00:00,365,18,0.01,10000.0,8999.86268890084,-0.10001373110991607,-0.0002886590766975061,0.10001373110991607,19,5,14,0.2631578947368421,0.22966954913154808,-0.009715912857478028,-0.005504706723793944,-0.11570852995120195,1.0,-0.062499655343020266,-0.040014999440476706,1.1740884349836298,2.060390123108671,2.067650929975938,1.0833333333333333,6.758333333333332,0,0,False,False
b94f58b8e9084e52,ALL,0.05,0.0,0.1,MICRO_BOS,1,0.15,OPPOSITE_LIQUIDITY,2022-01-01T00:00:00+00:00,2022-12-31T23:59:59+00:00,365,18,0.01,10000.0,8994.04206852224,-0.100595793147776,-0.00029043104210135784,0.100595793147776,23,7,16,0.30434782608695654,0.3199506094655015,-0.00971284054259255,-0.004566264435018206,-0.12913449218845818,0.8491956891422959,-0.0676411086959563,-0.03534549277020105,1.2399937250936353,2.0469658247389484,2.067650929975938,1.25,6.516666666666665,0,0,False,False
58dc301c8e2facc2,ALL,0.15,0.1,0.1,MICRO_BOS,1,0.05,OPPOSITE_LIQUIDITY,2022-01-01T00:00:00+00:00,2022-12-31T23:59:59+00:00,365,18,0.01,10000.0,8880.665122878252,-0.11193348771217482,-0.00032517626276207245,0.11193348771217482,20,5,15,0.25,0.19149946847181026,-0.009705207904312379,-0.00589474878415433,-0.12668122407824667,0.9999999999999999,-0.05920244567905175,-0.05604929752520815,1.294339015085869,2.105163074552483,2.113445272785174,0.875,6.712500000000001,0,0,False,False
bf10f372aed175ea,ALL,0.05,0.1,0.1,MICRO_BOS,1,0.05,OPPOSITE_LIQUIDITY,2022-01-01T00:00:00+00:00,2022-12-31T23:59:59+00:00,365,18,0.01,10000.0,8880.6315233208,-0.11193684766791989,-0.00032518662502889484,0.11193684766791989,24,7,17,0.2916666666666667,0.28529924570054194,-0.009704775867540576,-0.004903261278930771,-0.13984278372193248,0.8567990763725296,-0.06426537485313966,-0.050945504776312434,1.3335952259771835,2.0898016110962954,2.113445272785174,1.0,6.441666666666664,0,0,False,False
6929173e69d7b233,ALL,0.15,0.0,0.1,MICRO_BOS,1,0.05,OPPOSITE_LIQUIDITY,2022-01-01T00:00:00+00:00,2022-12-31T23:59:59+00:00,365,18,0.01,10000.0,8850.98712930265,-0.11490128706973501,-0.0003343443688713643,0.11490128706973501,19,4,15,0.21052631578947367,0.16786393629052299,-0.009705737003999237,-0.006381476172796238,-0.1295997384758324,1.0,-0.06234646511754527,-0.05604929752520804,1.213310571001751,2.105598979722625,2.113445272785174,0.9166666666666666,6.758333333333332,0,0,False,False
f24228c54c2b2eab,ALL,0.05,0.0,0.1,MICRO_BOS,1,0.05,OPPOSITE_LIQUIDITY,2022-01-01T00:00:00+00:00,2022-12-31T23:59:59+00:00,365,18,0.01,10000.0,8850.953642030423,-0.11490463579695775,-0.0003343547310431516,0.11490463579695775,23,6,17,0.2608695652173913,0.26434662372677387,-0.009704872930455627,-0.005262232273668713,-0.14271731394973508,0.9211330296049127,-0.06739247466034137,-0.05094550477631221,1.29182299278438,2.094776797191644,2.113445272785174,1.0833333333333333,6.516666666666665,0,0,False,False
4af3a5fd406d9ee2,ALL,0.15,0.1,0.1,MIDPOINT,1,0.15,OPPOSITE_LIQUIDITY,2022-01-01T00:00:00+00:00,2022-12-31T23:59:59+00:00,365,18,0.01,10000.0,8762.466773005362,-0.12375332269946371,-0.0003618732275195713,0.13238862538863172,39,11,28,0.28205128205128205,0.5101310944398496,-0.009642528165305553,-0.0033134508632505443,-0.204089729848015,0.7607169959031942,-0.05778664694325708,-0.07001246112910264,1.449179773930154,2.4470652651641784,3.162832849108314,0.9166666666666666,7.89166666666667,5,0,False,False
d87316691324bf73,ALL,0.05,0.1,0.1,MIDPOINT,1,0.15,OPPOSITE_LIQUIDITY,2022-01-01T00:00:00+00:00,2022-12-31T23:59:59+00:00,365,18,0.01,10000.0,8742.765692231987,-0.12572343077680126,-0.0003680377715177263,0.1343393182943985,45,14,31,0.3111111111111111,0.5499176967027644,-0.009632803596435447,-0.0029151355962246,-0.21743001480467616,0.6626437934685534,-0.058344173040985714,-0.07155401772791048,1.4799577741603351,2.454878025328235,3.2547326046521867,0.9166666666666666,7.466666666666664,5,0,False,False
a329475a49200375,ALL,0.15,0.0,0.1,MIDPOINT,1,0.15,OPPOSITE_LIQUIDITY,2022-01-01T00:00:00+00:00,2022-12-31T23:59:59+00:00,365,18,0.01,10000.0,8733.952281974915,-0.1266047718025085,-0.00037080000770450816,0.13521197381324268,38,10,28,0.2631578947368421,0.49757777122006036,-0.009647121050168182,-0.0034865623774155475,-0.2066797512252384,0.7785564883003182,-0.0608527623306816,-0.07001246112910231,1.4348077432698365,2.447623319461611,3.162832849108314,0.9166666666666666,8.004166666666663,5,0,False,False
79b4d68bd5428c59,ALL,0.05,0.0,0.1,MIDPOINT,1,0.15,OPPOSITE_LIQUIDITY,2022-01-01T00:00:00+00:00,2022-12-31T23:59:59+00:00,365,18,0.01,10000.0,8714.315311720356,-0.12856846882796436,-0.00037696449665303167,0.13715631884725155,44,13,31,0.29545454545454547,0.5385378412692182,-0.0096376658808705,-0.003055588375116514,-0.21997662472647295,0.6756583887759333,-0.06140847414787409,-0.07155401772791126,1.4645687740452447,2.4554360796256676,3.2547326046521867,0.9166666666666666,7.516666666666668,5,0,False,False
bd5f51cba687cc47,ALL,0.15,0.1,0.1,MIDPOINT,1,0.05,OPPOSITE_LIQUIDITY,2022-01-01T00:00:00+00:00,2022-12-31T23:59:59+00:00,365,18,0.01,10000.0,8642.579583516956,-0.1357420416483044,-0.00039960230712488,0.14496400234171147,39,10,29,0.2564102564102564,0.47873274975107977,-0.009629672582369268,-0.0036645781237642913,-0.21675406614975024,0.8042892517076974,-0.056428603579213976,-0.08405663669961505,1.4766059768724902,2.519082027147076,3.2784741345170274,0.75,7.89166666666667,5,0,False,False
71b0e3e155a80096,ALL,0.05,0.1,0.1,MIDPOINT,1,0.05,OPPOSITE_LIQUIDITY,2022-01-01T00:00:00+00:00,2022-12-31T23:59:59+00:00,365,18,0.01,10000.0,8631.274651155485,-0.1368725348844515,-0.0004031869141577493,0.14608243278562472,45,13,32,0.28888888888888886,0.5234712212670791,-0.009623866529393742,-0.0031982847408538054,-0.22956433160726908,0.6933721624147284,-0.056713049291129414,-0.08497889802576308,1.5150546073519644,2.562118677511092,3.351509003296854,0.8333333333333334,7.466666666666664,5,0,False,False
44a4fb8f9a0b2948,ALL,0.15,0.0,0.1,MIDPOINT,1,0.05,OPPOSITE_LIQUIDITY,2022-01-01T00:00:00+00:00,2022-12-31T23:59:59+00:00,365,18,0.01,10000.0,8613.697239930389,-0.1386302760069611,-0.00040876973066628075,0.1478214181427011,38,9,29,0.23684210526315788,0.4662478602313396,-0.009635108177382268,-0.003849253116496035,-0.21937156917134715,0.8242898495994853,-0.05958189282654236,-0.08405663669961483,1.4739604784379754,2.5221560736016486,3.2784741345170274,0.8333333333333333,8.004166666666663,5,0,False,False
fe03cd9e7cdc2461,ALL,0.05,0.0,0.1,MIDPOINT,1,0.05,OPPOSITE_LIQUIDITY,2022-01-01T00:00:00+00:00,2022-12-31T23:59:59+00:00,365,18,0.01,10000.0,8602.430087138957,-0.1397569912861043,-0.0004123543048244471,0.14893611094184667,44,12,32,0.2727272727272727,0.5121221306638312,-0.009626769555881504,-0.00334717920314689,-0.23213902443720935,0.7076571747365861,-0.059865387958980554,-0.08497889802576275,1.4958302921122273,2.565192723965665,3.351509003296854,0.875,7.516666666666668,5,0,False,False
